TRIAL_ENTRY_GUID,TRIAL_GUID,TRIAL_ID,MATERIAL_GUID,MATERIAL_ID,LINE_GUID,FIELD_ENTITY_ID,PLOT_NO,REPLICATION_NO,ENTRY_ROLE_LID,IS_PRIMARY_MALE_MATERIAL,REMARK,IS_SYNTHETIC
538952DE-EBFD-54E1-8BD9-4D60F361BE98,6CA2A8DE-C893-5FDD-B104-6BB9420233BD,SYN-TR-0001,47CB337B-F9A3-58D9-B496-C84842EE87E3,SYN-MZ-00003,1671BF84-568C-5C48-94A4-8D57C23BD306,9620C31A-3641-5D61-8371-67DA8597ED08,1001,1,TRIAL_ENTRY,FALSE,SYNTHETIC — integrated V2 (fixed),TRUE
BEBD9E33-E471-579B-832F-2F55325497E5,6CA2A8DE-C893-5FDD-B104-6BB9420233BD,SYN-TR-0001,BDA3F23B-B83C-5375-B9B8-3ADB9CD34DC3,SYN-MZ-00001,0CE323DA-368B-5E0D-9C45-15F57AFF7B9D,9620C31A-3641-5D61-8371-67DA8597ED08,1002,1,TRIAL_ENTRY,TRUE,SYNTHETIC — integrated V2 (fixed),TRUE
6D947842-BED6-5F5B-B28D-0D66ACFBBE9C,6CA2A8DE-C893-5FDD-B104-6BB9420233BD,SYN-TR-0001,895C37E3-3402-5903-BB78-18E139F002E0,SYN-MZ-CHK01,42CE60AF-7FF7-55CE-8F13-7705F3D9EF4B,9620C31A-3641-5D61-8371-67DA8597ED08,1003,1,CHECK,FALSE,SYNTHETIC — integrated V2 (fixed),TRUE
A2C07B5B-9427-5DB2-A5E3-244CBA38E4EA,6CA2A8DE-C893-5FDD-B104-6BB9420233BD,SYN-TR-0001,F9BC2FEC-60D6-5DFF-B4CF-789F8E765BFD,SYN-MZ-00004,EDD4DC36-2B8D-5726-AB83-59D87C25D28A,9620C31A-3641-5D61-8371-67DA8597ED08,1004,1,TRIAL_ENTRY,FALSE,SYNTHETIC — integrated V2 (fixed),TRUE
F71E4310-10CB-5341-9B50-D0BEFB514DC8,6CA2A8DE-C893-5FDD-B104-6BB9420233BD,SYN-TR-0001,03B42C84-51CA-5773-8E4C-295473835D66,SYN-MZ-CHK02,A92E98DA-E476-5795-8F0C-D596AF9E41F3,9620C31A-3641-5D61-8371-67DA8597ED08,1005,1,CHECK,FALSE,SYNTHETIC — integrated V2 (fixed),TRUE
7B0229B0-7AD9-5951-BF0C-6446F3C7FD2C,6CA2A8DE-C893-5FDD-B104-6BB9420233BD,SYN-TR-0001,FCA1034F-23D1-5C80-B17D-CA82DC3325EB,SYN-MZ-00002,717C9C61-BEE8-528B-8657-75AED54D99F1,9620C31A-3641-5D61-8371-67DA8597ED08,1006,1,TRIAL_ENTRY,FALSE,SYNTHETIC — integrated V2 (fixed),TRUE
47F2A364-6325-58EA-9CB7-D60BAA0142E8,6CA2A8DE-C893-5FDD-B104-6BB9420233BD,SYN-TR-0001,E4CFF24E-3AF0-5FBA-9562-C4393CD711EA,SYN-MZ-00005,762ED31E-1E5C-55E9-ACBC-CA01A568328D,9620C31A-3641-5D61-8371-67DA8597ED08,1007,1,TRIAL_ENTRY,FALSE,SYNTHETIC — integrated V2 (fixed),TRUE
61711E81-2686-5BB7-9463-7C5198F972B7,6CA2A8DE-C893-5FDD-B104-6BB9420233BD,SYN-TR-0001,2B7C0193-8AD2-5132-90D6-EC0125159542,SYN-MZ-00006,42143422-D25F-52EF-9131-905E88AE827F,9620C31A-3641-5D61-8371-67DA8597ED08,1008,1,TRIAL_ENTRY,FALSE,SYNTHETIC — integrated V2 (fixed),TRUE
218177D1-618E-5B51-89CA-48CD6F62E669,6CA2A8DE-C893-5FDD-B104-6BB9420233BD,SYN-TR-0001,BDA3F23B-B83C-5375-B9B8-3ADB9CD34DC3,SYN-MZ-00001,0CE323DA-368B-5E0D-9C45-15F57AFF7B9D,9620C31A-3641-5D61-8371-67DA8597ED08,2001,2,TRIAL_ENTRY,TRUE,SYNTHETIC — integrated V2 (fixed),TRUE
66414E18-2CCA-5D4F-A17C-664EB84B3E63,6CA2A8DE-C893-5FDD-B104-6BB9420233BD,SYN-TR-0001,47CB337B-F9A3-58D9-B496-C84842EE87E3,SYN-MZ-00003,1671BF84-568C-5C48-94A4-8D57C23BD306,9620C31A-3641-5D61-8371-67DA8597ED08,2002,2,TRIAL_ENTRY,FALSE,SYNTHETIC — integrated V2 (fixed),TRUE
3FC6CF30-0E29-5E6A-9039-4AB794E438E9,6CA2A8DE-C893-5FDD-B104-6BB9420233BD,SYN-TR-0001,895C37E3-3402-5903-BB78-18E139F002E0,SYN-MZ-CHK01,42CE60AF-7FF7-55CE-8F13-7705F3D9EF4B,9620C31A-3641-5D61-8371-67DA8597ED08,2003,2,CHECK,FALSE,SYNTHETIC — integrated V2 (fixed),TRUE
0F3C3ADB-BA40-5A9C-A27D-2A920599C9DB,6CA2A8DE-C893-5FDD-B104-6BB9420233BD,SYN-TR-0001,E4CFF24E-3AF0-5FBA-9562-C4393CD711EA,SYN-MZ-00005,762ED31E-1E5C-55E9-ACBC-CA01A568328D,9620C31A-3641-5D61-8371-67DA8597ED08,2004,2,TRIAL_ENTRY,FALSE,SYNTHETIC — integrated V2 (fixed),TRUE
702BF9CC-D1AB-554F-ADAA-17404B6CDBA4,6CA2A8DE-C893-5FDD-B104-6BB9420233BD,SYN-TR-0001,03B42C84-51CA-5773-8E4C-295473835D66,SYN-MZ-CHK02,A92E98DA-E476-5795-8F0C-D596AF9E41F3,9620C31A-3641-5D61-8371-67DA8597ED08,2005,2,CHECK,FALSE,SYNTHETIC — integrated V2 (fixed),TRUE
236B4C6D-B26E-5297-8889-8EF12132E0D9,6CA2A8DE-C893-5FDD-B104-6BB9420233BD,SYN-TR-0001,F9BC2FEC-60D6-5DFF-B4CF-789F8E765BFD,SYN-MZ-00004,EDD4DC36-2B8D-5726-AB83-59D87C25D28A,9620C31A-3641-5D61-8371-67DA8597ED08,2006,2,TRIAL_ENTRY,FALSE,SYNTHETIC — integrated V2 (fixed),TRUE
091C6B61-7C5A-5037-B2CC-6BAD690F6D18,6CA2A8DE-C893-5FDD-B104-6BB9420233BD,SYN-TR-0001,FCA1034F-23D1-5C80-B17D-CA82DC3325EB,SYN-MZ-00002,717C9C61-BEE8-528B-8657-75AED54D99F1,9620C31A-3641-5D61-8371-67DA8597ED08,2007,2,TRIAL_ENTRY,FALSE,SYNTHETIC — integrated V2 (fixed),TRUE
8C171837-3E3D-5FB8-BE93-586FA1A83790,6CA2A8DE-C893-5FDD-B104-6BB9420233BD,SYN-TR-0001,2B7C0193-8AD2-5132-90D6-EC0125159542,SYN-MZ-00006,42143422-D25F-52EF-9131-905E88AE827F,9620C31A-3641-5D61-8371-67DA8597ED08,2008,2,TRIAL_ENTRY,FALSE,SYNTHETIC — integrated V2 (fixed),TRUE
99AB696D-89A2-57D2-861A-E5DB879B2554,6CA2A8DE-C893-5FDD-B104-6BB9420233BD,SYN-TR-0001,2B7C0193-8AD2-5132-90D6-EC0125159542,SYN-MZ-00006,42143422-D25F-52EF-9131-905E88AE827F,9620C31A-3641-5D61-8371-67DA8597ED08,3001,3,TRIAL_ENTRY,FALSE,SYNTHETIC — integrated V2 (fixed),TRUE
7B7AF680-F99C-5F18-A8BF-D3A1DDA7F6D5,6CA2A8DE-C893-5FDD-B104-6BB9420233BD,SYN-TR-0001,895C37E3-3402-5903-BB78-18E139F002E0,SYN-MZ-CHK01,42CE60AF-7FF7-55CE-8F13-7705F3D9EF4B,9620C31A-3641-5D61-8371-67DA8597ED08,3002,3,CHECK,FALSE,SYNTHETIC — integrated V2 (fixed),TRUE
72837B52-E23A-5BD7-A26E-327EB46D3C7A,6CA2A8DE-C893-5FDD-B104-6BB9420233BD,SYN-TR-0001,BDA3F23B-B83C-5375-B9B8-3ADB9CD34DC3,SYN-MZ-00001,0CE323DA-368B-5E0D-9C45-15F57AFF7B9D,9620C31A-3641-5D61-8371-67DA8597ED08,3003,3,TRIAL_ENTRY,TRUE,SYNTHETIC — integrated V2 (fixed),TRUE
9E585E19-2616-52F4-BA68-01B1FEA7D7AD,6CA2A8DE-C893-5FDD-B104-6BB9420233BD,SYN-TR-0001,03B42C84-51CA-5773-8E4C-295473835D66,SYN-MZ-CHK02,A92E98DA-E476-5795-8F0C-D596AF9E41F3,9620C31A-3641-5D61-8371-67DA8597ED08,3004,3,CHECK,FALSE,SYNTHETIC — integrated V2 (fixed),TRUE
B8148E5F-CF6B-5795-A2E0-22BA22571D33,6CA2A8DE-C893-5FDD-B104-6BB9420233BD,SYN-TR-0001,E4CFF24E-3AF0-5FBA-9562-C4393CD711EA,SYN-MZ-00005,762ED31E-1E5C-55E9-ACBC-CA01A568328D,9620C31A-3641-5D61-8371-67DA8597ED08,3005,3,TRIAL_ENTRY,FALSE,SYNTHETIC — integrated V2 (fixed),TRUE
D7C7704C-9324-5CF5-81F1-8EBAE0CEFE42,6CA2A8DE-C893-5FDD-B104-6BB9420233BD,SYN-TR-0001,FCA1034F-23D1-5C80-B17D-CA82DC3325EB,SYN-MZ-00002,717C9C61-BEE8-528B-8657-75AED54D99F1,9620C31A-3641-5D61-8371-67DA8597ED08,3006,3,TRIAL_ENTRY,FALSE,SYNTHETIC — integrated V2 (fixed),TRUE
AAF9365F-90ED-5101-B595-1B1C4585A1A4,6CA2A8DE-C893-5FDD-B104-6BB9420233BD,SYN-TR-0001,F9BC2FEC-60D6-5DFF-B4CF-789F8E765BFD,SYN-MZ-00004,EDD4DC36-2B8D-5726-AB83-59D87C25D28A,9620C31A-3641-5D61-8371-67DA8597ED08,3007,3,TRIAL_ENTRY,FALSE,SYNTHETIC — integrated V2 (fixed),TRUE
B4B495D7-12B6-552B-8B51-116D8C1104AD,6CA2A8DE-C893-5FDD-B104-6BB9420233BD,SYN-TR-0001,47CB337B-F9A3-58D9-B496-C84842EE87E3,SYN-MZ-00003,1671BF84-568C-5C48-94A4-8D57C23BD306,9620C31A-3641-5D61-8371-67DA8597ED08,3008,3,TRIAL_ENTRY,FALSE,SYNTHETIC — integrated V2 (fixed),TRUE
F8D75C28-3BD7-592F-8D0F-489EBA676B4A,897C92BF-9585-56F7-8741-5D4724A9F2B1,SYN-TR-0002,03B42C84-51CA-5773-8E4C-295473835D66,SYN-MZ-CHK02,A92E98DA-E476-5795-8F0C-D596AF9E41F3,C90732CF-65EC-5D5F-8A9A-0D25DD356CE8,1001,1,CHECK,FALSE,SYNTHETIC — integrated V2 (fixed),TRUE
19930D92-3BD9-5E64-9021-C6E7E21980D5,897C92BF-9585-56F7-8741-5D4724A9F2B1,SYN-TR-0002,2B7C0193-8AD2-5132-90D6-EC0125159542,SYN-MZ-00006,42143422-D25F-52EF-9131-905E88AE827F,C90732CF-65EC-5D5F-8A9A-0D25DD356CE8,1002,1,TRIAL_ENTRY,FALSE,SYNTHETIC — integrated V2 (fixed),TRUE
B79342ED-5AC1-534A-B0A0-59DC108581CB,897C92BF-9585-56F7-8741-5D4724A9F2B1,SYN-TR-0002,47CB337B-F9A3-58D9-B496-C84842EE87E3,SYN-MZ-00003,1671BF84-568C-5C48-94A4-8D57C23BD306,C90732CF-65EC-5D5F-8A9A-0D25DD356CE8,1003,1,TRIAL_ENTRY,TRUE,SYNTHETIC — integrated V2 (fixed),TRUE
3ABA69FD-FED0-5227-BC5E-2C6BF92F4925,897C92BF-9585-56F7-8741-5D4724A9F2B1,SYN-TR-0002,F9BC2FEC-60D6-5DFF-B4CF-789F8E765BFD,SYN-MZ-00004,EDD4DC36-2B8D-5726-AB83-59D87C25D28A,C90732CF-65EC-5D5F-8A9A-0D25DD356CE8,1004,1,TRIAL_ENTRY,FALSE,SYNTHETIC — integrated V2 (fixed),TRUE
E9574AA6-8E36-5B18-AB22-D997CE1CC282,897C92BF-9585-56F7-8741-5D4724A9F2B1,SYN-TR-0002,B6AEF3F7-49DF-5938-A721-1C9ED30FE32D,SYN-MZ-00007,7BE4668A-55E8-50C7-B3DF-47EEEE3E66FA,C90732CF-65EC-5D5F-8A9A-0D25DD356CE8,1005,1,TRIAL_ENTRY,FALSE,SYNTHETIC — integrated V2 (fixed),TRUE
87781FDF-8F76-52F9-9CA3-42F68911B07D,897C92BF-9585-56F7-8741-5D4724A9F2B1,SYN-TR-0002,AA4D3613-B947-5291-9D6D-08AC58B282CE,SYN-MZ-00008,45004707-E681-5C43-8444-6CC7598289A8,C90732CF-65EC-5D5F-8A9A-0D25DD356CE8,1006,1,TRIAL_ENTRY,FALSE,SYNTHETIC — integrated V2 (fixed),TRUE
2059FE5F-DDCB-5819-9F2A-A452819AD177,897C92BF-9585-56F7-8741-5D4724A9F2B1,SYN-TR-0002,E4CFF24E-3AF0-5FBA-9562-C4393CD711EA,SYN-MZ-00005,762ED31E-1E5C-55E9-ACBC-CA01A568328D,C90732CF-65EC-5D5F-8A9A-0D25DD356CE8,1007,1,TRIAL_ENTRY,FALSE,SYNTHETIC — integrated V2 (fixed),TRUE
A10E6475-4F09-5B97-A2E6-D9814CA607F8,897C92BF-9585-56F7-8741-5D4724A9F2B1,SYN-TR-0002,895C37E3-3402-5903-BB78-18E139F002E0,SYN-MZ-CHK01,42CE60AF-7FF7-55CE-8F13-7705F3D9EF4B,C90732CF-65EC-5D5F-8A9A-0D25DD356CE8,1008,1,CHECK,FALSE,SYNTHETIC — integrated V2 (fixed),TRUE
81A1A827-59F4-5A48-AD92-6A0D2CB442DA,897C92BF-9585-56F7-8741-5D4724A9F2B1,SYN-TR-0002,B6AEF3F7-49DF-5938-A721-1C9ED30FE32D,SYN-MZ-00007,7BE4668A-55E8-50C7-B3DF-47EEEE3E66FA,C90732CF-65EC-5D5F-8A9A-0D25DD356CE8,2001,2,TRIAL_ENTRY,FALSE,SYNTHETIC — integrated V2 (fixed),TRUE
5F8F897A-7C19-5A76-8B85-ED274611A2EE,897C92BF-9585-56F7-8741-5D4724A9F2B1,SYN-TR-0002,2B7C0193-8AD2-5132-90D6-EC0125159542,SYN-MZ-00006,42143422-D25F-52EF-9131-905E88AE827F,C90732CF-65EC-5D5F-8A9A-0D25DD356CE8,2002,2,TRIAL_ENTRY,FALSE,SYNTHETIC — integrated V2 (fixed),TRUE
3D078D02-A41F-5791-89EC-4891390C316B,897C92BF-9585-56F7-8741-5D4724A9F2B1,SYN-TR-0002,E4CFF24E-3AF0-5FBA-9562-C4393CD711EA,SYN-MZ-00005,762ED31E-1E5C-55E9-ACBC-CA01A568328D,C90732CF-65EC-5D5F-8A9A-0D25DD356CE8,2003,2,TRIAL_ENTRY,FALSE,SYNTHETIC — integrated V2 (fixed),TRUE
D8F1EDE1-84A1-517C-AFF8-338041E1F282,897C92BF-9585-56F7-8741-5D4724A9F2B1,SYN-TR-0002,F9BC2FEC-60D6-5DFF-B4CF-789F8E765BFD,SYN-MZ-00004,EDD4DC36-2B8D-5726-AB83-59D87C25D28A,C90732CF-65EC-5D5F-8A9A-0D25DD356CE8,2004,2,TRIAL_ENTRY,FALSE,SYNTHETIC — integrated V2 (fixed),TRUE
53A0838C-CE16-5FEF-BB61-EED203598447,897C92BF-9585-56F7-8741-5D4724A9F2B1,SYN-TR-0002,03B42C84-51CA-5773-8E4C-295473835D66,SYN-MZ-CHK02,A92E98DA-E476-5795-8F0C-D596AF9E41F3,C90732CF-65EC-5D5F-8A9A-0D25DD356CE8,2005,2,CHECK,FALSE,SYNTHETIC — integrated V2 (fixed),TRUE
ECA8F1D2-6369-5737-9B04-ACA3849B6DF3,897C92BF-9585-56F7-8741-5D4724A9F2B1,SYN-TR-0002,47CB337B-F9A3-58D9-B496-C84842EE87E3,SYN-MZ-00003,1671BF84-568C-5C48-94A4-8D57C23BD306,C90732CF-65EC-5D5F-8A9A-0D25DD356CE8,2006,2,TRIAL_ENTRY,TRUE,SYNTHETIC — integrated V2 (fixed),TRUE
2F7AA570-7C7A-51D7-ACA9-47065E818E2C,897C92BF-9585-56F7-8741-5D4724A9F2B1,SYN-TR-0002,895C37E3-3402-5903-BB78-18E139F002E0,SYN-MZ-CHK01,42CE60AF-7FF7-55CE-8F13-7705F3D9EF4B,C90732CF-65EC-5D5F-8A9A-0D25DD356CE8,2007,2,CHECK,FALSE,SYNTHETIC — integrated V2 (fixed),TRUE
61B86C12-089F-5423-8E3E-CB64F390F363,897C92BF-9585-56F7-8741-5D4724A9F2B1,SYN-TR-0002,AA4D3613-B947-5291-9D6D-08AC58B282CE,SYN-MZ-00008,45004707-E681-5C43-8444-6CC7598289A8,C90732CF-65EC-5D5F-8A9A-0D25DD356CE8,2008,2,TRIAL_ENTRY,FALSE,SYNTHETIC — integrated V2 (fixed),TRUE
3CC895CE-F077-5C04-881E-0F3E9F0DA38D,897C92BF-9585-56F7-8741-5D4724A9F2B1,SYN-TR-0002,895C37E3-3402-5903-BB78-18E139F002E0,SYN-MZ-CHK01,42CE60AF-7FF7-55CE-8F13-7705F3D9EF4B,C90732CF-65EC-5D5F-8A9A-0D25DD356CE8,3001,3,CHECK,FALSE,SYNTHETIC — integrated V2 (fixed),TRUE
996DFBE7-CE19-5BB2-A152-42C102B758C3,897C92BF-9585-56F7-8741-5D4724A9F2B1,SYN-TR-0002,F9BC2FEC-60D6-5DFF-B4CF-789F8E765BFD,SYN-MZ-00004,EDD4DC36-2B8D-5726-AB83-59D87C25D28A,C90732CF-65EC-5D5F-8A9A-0D25DD356CE8,3002,3,TRIAL_ENTRY,FALSE,SYNTHETIC — integrated V2 (fixed),TRUE
3EA8013E-64E5-5892-B203-CA7D6586BD9F,897C92BF-9585-56F7-8741-5D4724A9F2B1,SYN-TR-0002,2B7C0193-8AD2-5132-90D6-EC0125159542,SYN-MZ-00006,42143422-D25F-52EF-9131-905E88AE827F,C90732CF-65EC-5D5F-8A9A-0D25DD356CE8,3003,3,TRIAL_ENTRY,FALSE,SYNTHETIC — integrated V2 (fixed),TRUE
F233A2D9-6F01-56F7-AD88-269153FC7DF7,897C92BF-9585-56F7-8741-5D4724A9F2B1,SYN-TR-0002,AA4D3613-B947-5291-9D6D-08AC58B282CE,SYN-MZ-00008,45004707-E681-5C43-8444-6CC7598289A8,C90732CF-65EC-5D5F-8A9A-0D25DD356CE8,3004,3,TRIAL_ENTRY,FALSE,SYNTHETIC — integrated V2 (fixed),TRUE
7ADEBF09-3B99-545D-B531-AB34F1EFF23D,897C92BF-9585-56F7-8741-5D4724A9F2B1,SYN-TR-0002,E4CFF24E-3AF0-5FBA-9562-C4393CD711EA,SYN-MZ-00005,762ED31E-1E5C-55E9-ACBC-CA01A568328D,C90732CF-65EC-5D5F-8A9A-0D25DD356CE8,3005,3,TRIAL_ENTRY,FALSE,SYNTHETIC — integrated V2 (fixed),TRUE
597767FA-8B0B-5282-BF6D-A0434A750978,897C92BF-9585-56F7-8741-5D4724A9F2B1,SYN-TR-0002,47CB337B-F9A3-58D9-B496-C84842EE87E3,SYN-MZ-00003,1671BF84-568C-5C48-94A4-8D57C23BD306,C90732CF-65EC-5D5F-8A9A-0D25DD356CE8,3006,3,TRIAL_ENTRY,TRUE,SYNTHETIC — integrated V2 (fixed),TRUE
9459F2B1-9795-5865-882E-53190B5227CA,897C92BF-9585-56F7-8741-5D4724A9F2B1,SYN-TR-0002,B6AEF3F7-49DF-5938-A721-1C9ED30FE32D,SYN-MZ-00007,7BE4668A-55E8-50C7-B3DF-47EEEE3E66FA,C90732CF-65EC-5D5F-8A9A-0D25DD356CE8,3007,3,TRIAL_ENTRY,FALSE,SYNTHETIC — integrated V2 (fixed),TRUE
39174104-4297-5869-924E-6B4EC49C5A65,897C92BF-9585-56F7-8741-5D4724A9F2B1,SYN-TR-0002,03B42C84-51CA-5773-8E4C-295473835D66,SYN-MZ-CHK02,A92E98DA-E476-5795-8F0C-D596AF9E41F3,C90732CF-65EC-5D5F-8A9A-0D25DD356CE8,3008,3,CHECK,FALSE,SYNTHETIC — integrated V2 (fixed),TRUE
887123C7-94AC-5594-91B8-32ED975184CB,5197D362-E679-5D80-87CC-8B3534632DA0,SYN-TR-0003,E4CFF24E-3AF0-5FBA-9562-C4393CD711EA,SYN-MZ-00005,762ED31E-1E5C-55E9-ACBC-CA01A568328D,E56A5B2F-A99E-5DE5-A26B-E5B74627D1D7,1001,1,TRIAL_ENTRY,TRUE,SYNTHETIC — integrated V2 (fixed),TRUE
FA566CB7-6FAA-57BA-9022-5DF5AC506575,5197D362-E679-5D80-87CC-8B3534632DA0,SYN-TR-0003,55B846CE-0304-5467-83C6-6E6D33550CDF,SYN-MZ-00010,9C95ABC3-3546-5916-8743-AB9201C1E13E,E56A5B2F-A99E-5DE5-A26B-E5B74627D1D7,1002,1,TRIAL_ENTRY,FALSE,SYNTHETIC — integrated V2 (fixed),TRUE
34D76F66-7286-5CF8-B136-2820232D00BD,5197D362-E679-5D80-87CC-8B3534632DA0,SYN-TR-0003,AA4D3613-B947-5291-9D6D-08AC58B282CE,SYN-MZ-00008,45004707-E681-5C43-8444-6CC7598289A8,E56A5B2F-A99E-5DE5-A26B-E5B74627D1D7,1003,1,TRIAL_ENTRY,FALSE,SYNTHETIC — integrated V2 (fixed),TRUE
F9D7ECFF-0232-519A-A1FC-9BF62E722FFD,5197D362-E679-5D80-87CC-8B3534632DA0,SYN-TR-0003,49F400C7-67D9-53F7-8C2F-7709D22BA540,SYN-MZ-00009,3CEC5599-30A1-56B6-B2C3-DC838F6371F0,E56A5B2F-A99E-5DE5-A26B-E5B74627D1D7,1004,1,TRIAL_ENTRY,FALSE,SYNTHETIC — integrated V2 (fixed),TRUE
EB6D272C-F0F5-527D-9867-87DC3E10B501,5197D362-E679-5D80-87CC-8B3534632DA0,SYN-TR-0003,03B42C84-51CA-5773-8E4C-295473835D66,SYN-MZ-CHK02,A92E98DA-E476-5795-8F0C-D596AF9E41F3,E56A5B2F-A99E-5DE5-A26B-E5B74627D1D7,1005,1,CHECK,FALSE,SYNTHETIC — integrated V2 (fixed),TRUE
F02D5A06-5C0A-51BE-BDDD-0F57B089AFB1,5197D362-E679-5D80-87CC-8B3534632DA0,SYN-TR-0003,2B7C0193-8AD2-5132-90D6-EC0125159542,SYN-MZ-00006,42143422-D25F-52EF-9131-905E88AE827F,E56A5B2F-A99E-5DE5-A26B-E5B74627D1D7,1006,1,TRIAL_ENTRY,FALSE,SYNTHETIC — integrated V2 (fixed),TRUE
F5BF71F2-9A76-56A0-B4F6-677AF57AB85F,5197D362-E679-5D80-87CC-8B3534632DA0,SYN-TR-0003,B6AEF3F7-49DF-5938-A721-1C9ED30FE32D,SYN-MZ-00007,7BE4668A-55E8-50C7-B3DF-47EEEE3E66FA,E56A5B2F-A99E-5DE5-A26B-E5B74627D1D7,1007,1,TRIAL_ENTRY,FALSE,SYNTHETIC — integrated V2 (fixed),TRUE
AA21CE5F-8A26-5CE6-B126-6DBD8A3270F7,5197D362-E679-5D80-87CC-8B3534632DA0,SYN-TR-0003,895C37E3-3402-5903-BB78-18E139F002E0,SYN-MZ-CHK01,42CE60AF-7FF7-55CE-8F13-7705F3D9EF4B,E56A5B2F-A99E-5DE5-A26B-E5B74627D1D7,1008,1,CHECK,FALSE,SYNTHETIC — integrated V2 (fixed),TRUE
65641D79-3941-544D-B3C5-0FE831303990,5197D362-E679-5D80-87CC-8B3534632DA0,SYN-TR-0003,49F400C7-67D9-53F7-8C2F-7709D22BA540,SYN-MZ-00009,3CEC5599-30A1-56B6-B2C3-DC838F6371F0,E56A5B2F-A99E-5DE5-A26B-E5B74627D1D7,2001,2,TRIAL_ENTRY,FALSE,SYNTHETIC — integrated V2 (fixed),TRUE
0CBF2C09-BA91-558D-94DB-E9727B6E76F5,5197D362-E679-5D80-87CC-8B3534632DA0,SYN-TR-0003,AA4D3613-B947-5291-9D6D-08AC58B282CE,SYN-MZ-00008,45004707-E681-5C43-8444-6CC7598289A8,E56A5B2F-A99E-5DE5-A26B-E5B74627D1D7,2002,2,TRIAL_ENTRY,FALSE,SYNTHETIC — integrated V2 (fixed),TRUE
920A2F6D-56BA-5484-8462-D87663B8662C,5197D362-E679-5D80-87CC-8B3534632DA0,SYN-TR-0003,2B7C0193-8AD2-5132-90D6-EC0125159542,SYN-MZ-00006,42143422-D25F-52EF-9131-905E88AE827F,E56A5B2F-A99E-5DE5-A26B-E5B74627D1D7,2003,2,TRIAL_ENTRY,FALSE,SYNTHETIC — integrated V2 (fixed),TRUE
29F7251F-F1B0-5C06-A456-815D6280F40F,5197D362-E679-5D80-87CC-8B3534632DA0,SYN-TR-0003,03B42C84-51CA-5773-8E4C-295473835D66,SYN-MZ-CHK02,A92E98DA-E476-5795-8F0C-D596AF9E41F3,E56A5B2F-A99E-5DE5-A26B-E5B74627D1D7,2004,2,CHECK,FALSE,SYNTHETIC — integrated V2 (fixed),TRUE
CCB34687-A91D-5014-9BE1-13A0CEB0F5F3,5197D362-E679-5D80-87CC-8B3534632DA0,SYN-TR-0003,895C37E3-3402-5903-BB78-18E139F002E0,SYN-MZ-CHK01,42CE60AF-7FF7-55CE-8F13-7705F3D9EF4B,E56A5B2F-A99E-5DE5-A26B-E5B74627D1D7,2005,2,CHECK,FALSE,SYNTHETIC — integrated V2 (fixed),TRUE
95DB081B-EE2D-56F3-9105-4209A4E6B265,5197D362-E679-5D80-87CC-8B3534632DA0,SYN-TR-0003,E4CFF24E-3AF0-5FBA-9562-C4393CD711EA,SYN-MZ-00005,762ED31E-1E5C-55E9-ACBC-CA01A568328D,E56A5B2F-A99E-5DE5-A26B-E5B74627D1D7,2006,2,TRIAL_ENTRY,TRUE,SYNTHETIC — integrated V2 (fixed),TRUE
3E02BD10-2873-5E0E-97E9-9AA0737DC210,5197D362-E679-5D80-87CC-8B3534632DA0,SYN-TR-0003,B6AEF3F7-49DF-5938-A721-1C9ED30FE32D,SYN-MZ-00007,7BE4668A-55E8-50C7-B3DF-47EEEE3E66FA,E56A5B2F-A99E-5DE5-A26B-E5B74627D1D7,2007,2,TRIAL_ENTRY,FALSE,SYNTHETIC — integrated V2 (fixed),TRUE
4C1E793C-E44D-56FF-91C2-64932CC299E5,5197D362-E679-5D80-87CC-8B3534632DA0,SYN-TR-0003,55B846CE-0304-5467-83C6-6E6D33550CDF,SYN-MZ-00010,9C95ABC3-3546-5916-8743-AB9201C1E13E,E56A5B2F-A99E-5DE5-A26B-E5B74627D1D7,2008,2,TRIAL_ENTRY,FALSE,SYNTHETIC — integrated V2 (fixed),TRUE
50188EA5-CA81-50C7-B66B-EC295F0D8957,5197D362-E679-5D80-87CC-8B3534632DA0,SYN-TR-0003,895C37E3-3402-5903-BB78-18E139F002E0,SYN-MZ-CHK01,42CE60AF-7FF7-55CE-8F13-7705F3D9EF4B,E56A5B2F-A99E-5DE5-A26B-E5B74627D1D7,3001,3,CHECK,FALSE,SYNTHETIC — integrated V2 (fixed),TRUE
4421CCE2-15D5-5C97-9E8F-E358D44185D6,5197D362-E679-5D80-87CC-8B3534632DA0,SYN-TR-0003,E4CFF24E-3AF0-5FBA-9562-C4393CD711EA,SYN-MZ-00005,762ED31E-1E5C-55E9-ACBC-CA01A568328D,E56A5B2F-A99E-5DE5-A26B-E5B74627D1D7,3002,3,TRIAL_ENTRY,TRUE,SYNTHETIC — integrated V2 (fixed),TRUE
7FE8F21C-DE69-5967-AFC2-EF5CF2BB7788,5197D362-E679-5D80-87CC-8B3534632DA0,SYN-TR-0003,AA4D3613-B947-5291-9D6D-08AC58B282CE,SYN-MZ-00008,45004707-E681-5C43-8444-6CC7598289A8,E56A5B2F-A99E-5DE5-A26B-E5B74627D1D7,3003,3,TRIAL_ENTRY,FALSE,SYNTHETIC — integrated V2 (fixed),TRUE
85198334-6FCF-54AE-8FFC-18969AAA87FC,5197D362-E679-5D80-87CC-8B3534632DA0,SYN-TR-0003,49F400C7-67D9-53F7-8C2F-7709D22BA540,SYN-MZ-00009,3CEC5599-30A1-56B6-B2C3-DC838F6371F0,E56A5B2F-A99E-5DE5-A26B-E5B74627D1D7,3004,3,TRIAL_ENTRY,FALSE,SYNTHETIC — integrated V2 (fixed),TRUE
C8640942-4E1C-5DB7-8C17-5EC49426F9FF,5197D362-E679-5D80-87CC-8B3534632DA0,SYN-TR-0003,55B846CE-0304-5467-83C6-6E6D33550CDF,SYN-MZ-00010,9C95ABC3-3546-5916-8743-AB9201C1E13E,E56A5B2F-A99E-5DE5-A26B-E5B74627D1D7,3005,3,TRIAL_ENTRY,FALSE,SYNTHETIC — integrated V2 (fixed),TRUE
08E8411F-F75B-5194-9974-BD7B58945403,5197D362-E679-5D80-87CC-8B3534632DA0,SYN-TR-0003,2B7C0193-8AD2-5132-90D6-EC0125159542,SYN-MZ-00006,42143422-D25F-52EF-9131-905E88AE827F,E56A5B2F-A99E-5DE5-A26B-E5B74627D1D7,3006,3,TRIAL_ENTRY,FALSE,SYNTHETIC — integrated V2 (fixed),TRUE
FFE83470-8260-5FF9-9508-6CDF685B79F3,5197D362-E679-5D80-87CC-8B3534632DA0,SYN-TR-0003,03B42C84-51CA-5773-8E4C-295473835D66,SYN-MZ-CHK02,A92E98DA-E476-5795-8F0C-D596AF9E41F3,E56A5B2F-A99E-5DE5-A26B-E5B74627D1D7,3007,3,CHECK,FALSE,SYNTHETIC — integrated V2 (fixed),TRUE
0EA7918E-03B8-5970-B1C3-56B961C6E30A,5197D362-E679-5D80-87CC-8B3534632DA0,SYN-TR-0003,B6AEF3F7-49DF-5938-A721-1C9ED30FE32D,SYN-MZ-00007,7BE4668A-55E8-50C7-B3DF-47EEEE3E66FA,E56A5B2F-A99E-5DE5-A26B-E5B74627D1D7,3008,3,TRIAL_ENTRY,FALSE,SYNTHETIC — integrated V2 (fixed),TRUE
FA4484A7-61F1-5F8C-BFB4-CEB4267D54D1,30CC35E3-DBE2-5DBF-BC29-8C29F12AE0F9,SYN-TR-0004,AA4D3613-B947-5291-9D6D-08AC58B282CE,SYN-MZ-00008,45004707-E681-5C43-8444-6CC7598289A8,4F35D54D-BDFE-529B-96E5-E45E9188CCE5,1001,1,TRIAL_ENTRY,FALSE,SYNTHETIC — integrated V2 (fixed),TRUE
6F00CBA4-1D60-5761-889F-0E0EE32EC850,30CC35E3-DBE2-5DBF-BC29-8C29F12AE0F9,SYN-TR-0004,080F0B64-D97A-588D-B40C-A051B359AE52,SYN-MZ-00012,C8A16F0E-AACC-515C-9D00-F2F720C2BBF7,4F35D54D-BDFE-529B-96E5-E45E9188CCE5,1002,1,TRIAL_ENTRY,FALSE,SYNTHETIC — integrated V2 (fixed),TRUE
D916ACC1-3BC8-5AC3-8BF2-E2D8C36261E5,30CC35E3-DBE2-5DBF-BC29-8C29F12AE0F9,SYN-TR-0004,8689D2D4-7776-5FC8-813D-D63017F0337E,SYN-MZ-00011,0E9C9792-955C-5283-94C1-6A981F6E9FB5,4F35D54D-BDFE-529B-96E5-E45E9188CCE5,1003,1,TRIAL_ENTRY,FALSE,SYNTHETIC — integrated V2 (fixed),TRUE
E6E5A1A1-3EA1-5872-82C1-AC9F3E13F709,30CC35E3-DBE2-5DBF-BC29-8C29F12AE0F9,SYN-TR-0004,55B846CE-0304-5467-83C6-6E6D33550CDF,SYN-MZ-00010,9C95ABC3-3546-5916-8743-AB9201C1E13E,4F35D54D-BDFE-529B-96E5-E45E9188CCE5,1004,1,TRIAL_ENTRY,FALSE,SYNTHETIC — integrated V2 (fixed),TRUE
E68A106B-2BD6-53B6-8AC6-78B4F6E09720,30CC35E3-DBE2-5DBF-BC29-8C29F12AE0F9,SYN-TR-0004,B6AEF3F7-49DF-5938-A721-1C9ED30FE32D,SYN-MZ-00007,7BE4668A-55E8-50C7-B3DF-47EEEE3E66FA,4F35D54D-BDFE-529B-96E5-E45E9188CCE5,1005,1,TRIAL_ENTRY,TRUE,SYNTHETIC — integrated V2 (fixed),TRUE
3CF9B22C-88A4-5D77-B24A-F89529A90575,30CC35E3-DBE2-5DBF-BC29-8C29F12AE0F9,SYN-TR-0004,03B42C84-51CA-5773-8E4C-295473835D66,SYN-MZ-CHK02,A92E98DA-E476-5795-8F0C-D596AF9E41F3,4F35D54D-BDFE-529B-96E5-E45E9188CCE5,1006,1,CHECK,FALSE,SYNTHETIC — integrated V2 (fixed),TRUE
F958AF2D-39C7-5CAD-8A3F-86A9EB23AEE5,30CC35E3-DBE2-5DBF-BC29-8C29F12AE0F9,SYN-TR-0004,895C37E3-3402-5903-BB78-18E139F002E0,SYN-MZ-CHK01,42CE60AF-7FF7-55CE-8F13-7705F3D9EF4B,4F35D54D-BDFE-529B-96E5-E45E9188CCE5,1007,1,CHECK,FALSE,SYNTHETIC — integrated V2 (fixed),TRUE
581BB309-1782-5AAA-BB34-63E82A34E8C1,30CC35E3-DBE2-5DBF-BC29-8C29F12AE0F9,SYN-TR-0004,49F400C7-67D9-53F7-8C2F-7709D22BA540,SYN-MZ-00009,3CEC5599-30A1-56B6-B2C3-DC838F6371F0,4F35D54D-BDFE-529B-96E5-E45E9188CCE5,1008,1,TRIAL_ENTRY,FALSE,SYNTHETIC — integrated V2 (fixed),TRUE
BC582BFB-39EF-5A31-9618-DCA32B4D0A29,30CC35E3-DBE2-5DBF-BC29-8C29F12AE0F9,SYN-TR-0004,8689D2D4-7776-5FC8-813D-D63017F0337E,SYN-MZ-00011,0E9C9792-955C-5283-94C1-6A981F6E9FB5,4F35D54D-BDFE-529B-96E5-E45E9188CCE5,2001,2,TRIAL_ENTRY,FALSE,SYNTHETIC — integrated V2 (fixed),TRUE
836959A4-644C-5062-A355-1ACA9299A880,30CC35E3-DBE2-5DBF-BC29-8C29F12AE0F9,SYN-TR-0004,895C37E3-3402-5903-BB78-18E139F002E0,SYN-MZ-CHK01,42CE60AF-7FF7-55CE-8F13-7705F3D9EF4B,4F35D54D-BDFE-529B-96E5-E45E9188CCE5,2002,2,CHECK,FALSE,SYNTHETIC — integrated V2 (fixed),TRUE
77D6DB47-3936-592F-BFC3-62A930CD0800,30CC35E3-DBE2-5DBF-BC29-8C29F12AE0F9,SYN-TR-0004,49F400C7-67D9-53F7-8C2F-7709D22BA540,SYN-MZ-00009,3CEC5599-30A1-56B6-B2C3-DC838F6371F0,4F35D54D-BDFE-529B-96E5-E45E9188CCE5,2003,2,TRIAL_ENTRY,FALSE,SYNTHETIC — integrated V2 (fixed),TRUE
8971D971-1733-5AA7-A367-B896F7D7F925,30CC35E3-DBE2-5DBF-BC29-8C29F12AE0F9,SYN-TR-0004,080F0B64-D97A-588D-B40C-A051B359AE52,SYN-MZ-00012,C8A16F0E-AACC-515C-9D00-F2F720C2BBF7,4F35D54D-BDFE-529B-96E5-E45E9188CCE5,2004,2,TRIAL_ENTRY,FALSE,SYNTHETIC — integrated V2 (fixed),TRUE
EF751E3A-0AE2-5017-9B2D-FD2ABC8AC79D,30CC35E3-DBE2-5DBF-BC29-8C29F12AE0F9,SYN-TR-0004,03B42C84-51CA-5773-8E4C-295473835D66,SYN-MZ-CHK02,A92E98DA-E476-5795-8F0C-D596AF9E41F3,4F35D54D-BDFE-529B-96E5-E45E9188CCE5,2005,2,CHECK,FALSE,SYNTHETIC — integrated V2 (fixed),TRUE
130E93AB-599A-582C-B900-0F81CCF5CC13,30CC35E3-DBE2-5DBF-BC29-8C29F12AE0F9,SYN-TR-0004,B6AEF3F7-49DF-5938-A721-1C9ED30FE32D,SYN-MZ-00007,7BE4668A-55E8-50C7-B3DF-47EEEE3E66FA,4F35D54D-BDFE-529B-96E5-E45E9188CCE5,2006,2,TRIAL_ENTRY,TRUE,SYNTHETIC — integrated V2 (fixed),TRUE
B64B8B00-03A0-54C1-A2EE-0CA89BDCDD4F,30CC35E3-DBE2-5DBF-BC29-8C29F12AE0F9,SYN-TR-0004,55B846CE-0304-5467-83C6-6E6D33550CDF,SYN-MZ-00010,9C95ABC3-3546-5916-8743-AB9201C1E13E,4F35D54D-BDFE-529B-96E5-E45E9188CCE5,2007,2,TRIAL_ENTRY,FALSE,SYNTHETIC — integrated V2 (fixed),TRUE
EFEF2BA8-C91F-5FCE-A607-2116AE496DB0,30CC35E3-DBE2-5DBF-BC29-8C29F12AE0F9,SYN-TR-0004,AA4D3613-B947-5291-9D6D-08AC58B282CE,SYN-MZ-00008,45004707-E681-5C43-8444-6CC7598289A8,4F35D54D-BDFE-529B-96E5-E45E9188CCE5,2008,2,TRIAL_ENTRY,FALSE,SYNTHETIC — integrated V2 (fixed),TRUE
06F9C341-B2A8-5226-BF29-66C98D7B6157,30CC35E3-DBE2-5DBF-BC29-8C29F12AE0F9,SYN-TR-0004,895C37E3-3402-5903-BB78-18E139F002E0,SYN-MZ-CHK01,42CE60AF-7FF7-55CE-8F13-7705F3D9EF4B,4F35D54D-BDFE-529B-96E5-E45E9188CCE5,3001,3,CHECK,FALSE,SYNTHETIC — integrated V2 (fixed),TRUE
2628B0D7-1A9B-5B37-A9C5-51E5989151CA,30CC35E3-DBE2-5DBF-BC29-8C29F12AE0F9,SYN-TR-0004,B6AEF3F7-49DF-5938-A721-1C9ED30FE32D,SYN-MZ-00007,7BE4668A-55E8-50C7-B3DF-47EEEE3E66FA,4F35D54D-BDFE-529B-96E5-E45E9188CCE5,3002,3,TRIAL_ENTRY,TRUE,SYNTHETIC — integrated V2 (fixed),TRUE
87649DB6-B082-5FA5-8C27-D3D83C4028C5,30CC35E3-DBE2-5DBF-BC29-8C29F12AE0F9,SYN-TR-0004,AA4D3613-B947-5291-9D6D-08AC58B282CE,SYN-MZ-00008,45004707-E681-5C43-8444-6CC7598289A8,4F35D54D-BDFE-529B-96E5-E45E9188CCE5,3003,3,TRIAL_ENTRY,FALSE,SYNTHETIC — integrated V2 (fixed),TRUE
88A89003-E8A2-5FCD-8ED5-2761DC44C818,30CC35E3-DBE2-5DBF-BC29-8C29F12AE0F9,SYN-TR-0004,49F400C7-67D9-53F7-8C2F-7709D22BA540,SYN-MZ-00009,3CEC5599-30A1-56B6-B2C3-DC838F6371F0,4F35D54D-BDFE-529B-96E5-E45E9188CCE5,3004,3,TRIAL_ENTRY,FALSE,SYNTHETIC — integrated V2 (fixed),TRUE
A6B9C09C-7CC5-5C4C-905B-94245C88B395,30CC35E3-DBE2-5DBF-BC29-8C29F12AE0F9,SYN-TR-0004,55B846CE-0304-5467-83C6-6E6D33550CDF,SYN-MZ-00010,9C95ABC3-3546-5916-8743-AB9201C1E13E,4F35D54D-BDFE-529B-96E5-E45E9188CCE5,3005,3,TRIAL_ENTRY,FALSE,SYNTHETIC — integrated V2 (fixed),TRUE
AAA767BB-7BD1-5A38-9317-870CE75D494A,30CC35E3-DBE2-5DBF-BC29-8C29F12AE0F9,SYN-TR-0004,03B42C84-51CA-5773-8E4C-295473835D66,SYN-MZ-CHK02,A92E98DA-E476-5795-8F0C-D596AF9E41F3,4F35D54D-BDFE-529B-96E5-E45E9188CCE5,3006,3,CHECK,FALSE,SYNTHETIC — integrated V2 (fixed),TRUE
59C3ECF4-6F45-5C6A-BCFB-6691D5B0D30B,30CC35E3-DBE2-5DBF-BC29-8C29F12AE0F9,SYN-TR-0004,8689D2D4-7776-5FC8-813D-D63017F0337E,SYN-MZ-00011,0E9C9792-955C-5283-94C1-6A981F6E9FB5,4F35D54D-BDFE-529B-96E5-E45E9188CCE5,3007,3,TRIAL_ENTRY,FALSE,SYNTHETIC — integrated V2 (fixed),TRUE
2CB0A248-7B0C-544D-8C6F-2568576FB993,30CC35E3-DBE2-5DBF-BC29-8C29F12AE0F9,SYN-TR-0004,080F0B64-D97A-588D-B40C-A051B359AE52,SYN-MZ-00012,C8A16F0E-AACC-515C-9D00-F2F720C2BBF7,4F35D54D-BDFE-529B-96E5-E45E9188CCE5,3008,3,TRIAL_ENTRY,FALSE,SYNTHETIC — integrated V2 (fixed),TRUE
BD595882-BD85-5913-9E91-97CA3AC8881F,BADA8A67-142B-5326-A84C-C2C2E50F93E4,SYN-TR-0005,0ABDF50B-E599-5A0E-AAD7-B3801C204FEF,SYN-MZ-00013,89995D38-3969-552F-9A5B-F140EA5ABE27,1A1D58A1-3B8B-541E-A209-5D0EF093437B,1001,1,TRIAL_ENTRY,FALSE,SYNTHETIC — integrated V2 (fixed),TRUE
BB8BB1C2-7EB7-5354-BD80-DBED7EE79E82,BADA8A67-142B-5326-A84C-C2C2E50F93E4,SYN-TR-0005,03B42C84-51CA-5773-8E4C-295473835D66,SYN-MZ-CHK02,A92E98DA-E476-5795-8F0C-D596AF9E41F3,1A1D58A1-3B8B-541E-A209-5D0EF093437B,1002,1,CHECK,FALSE,SYNTHETIC — integrated V2 (fixed),TRUE
3DCE5B52-A13C-5D1A-B5E1-E5AC13F4E9A2,BADA8A67-142B-5326-A84C-C2C2E50F93E4,SYN-TR-0005,8689D2D4-7776-5FC8-813D-D63017F0337E,SYN-MZ-00011,0E9C9792-955C-5283-94C1-6A981F6E9FB5,1A1D58A1-3B8B-541E-A209-5D0EF093437B,1003,1,TRIAL_ENTRY,FALSE,SYNTHETIC — integrated V2 (fixed),TRUE
9825695E-CACD-57F9-A3D2-22C5917999D1,BADA8A67-142B-5326-A84C-C2C2E50F93E4,SYN-TR-0005,080F0B64-D97A-588D-B40C-A051B359AE52,SYN-MZ-00012,C8A16F0E-AACC-515C-9D00-F2F720C2BBF7,1A1D58A1-3B8B-541E-A209-5D0EF093437B,1004,1,TRIAL_ENTRY,FALSE,SYNTHETIC — integrated V2 (fixed),TRUE
5F858102-A90A-5B53-A758-6D198AB18677,BADA8A67-142B-5326-A84C-C2C2E50F93E4,SYN-TR-0005,895C37E3-3402-5903-BB78-18E139F002E0,SYN-MZ-CHK01,42CE60AF-7FF7-55CE-8F13-7705F3D9EF4B,1A1D58A1-3B8B-541E-A209-5D0EF093437B,1005,1,CHECK,FALSE,SYNTHETIC — integrated V2 (fixed),TRUE
853E8667-7EC7-50ED-B0A2-A49958C7EAE8,BADA8A67-142B-5326-A84C-C2C2E50F93E4,SYN-TR-0005,49F400C7-67D9-53F7-8C2F-7709D22BA540,SYN-MZ-00009,3CEC5599-30A1-56B6-B2C3-DC838F6371F0,1A1D58A1-3B8B-541E-A209-5D0EF093437B,1006,1,TRIAL_ENTRY,TRUE,SYNTHETIC — integrated V2 (fixed),TRUE
D4B91DF8-962D-5AE7-880B-E7A5A8087B44,BADA8A67-142B-5326-A84C-C2C2E50F93E4,SYN-TR-0005,55B846CE-0304-5467-83C6-6E6D33550CDF,SYN-MZ-00010,9C95ABC3-3546-5916-8743-AB9201C1E13E,1A1D58A1-3B8B-541E-A209-5D0EF093437B,1007,1,TRIAL_ENTRY,FALSE,SYNTHETIC — integrated V2 (fixed),TRUE
183B54F7-0F6A-591B-8C2C-9691CF0F2C41,BADA8A67-142B-5326-A84C-C2C2E50F93E4,SYN-TR-0005,99EE49D0-F7F6-53CE-8FC9-ACF251077CD3,SYN-MZ-00014,8A131FB1-3BA3-5356-9E7D-472622F88266,1A1D58A1-3B8B-541E-A209-5D0EF093437B,1008,1,TRIAL_ENTRY,FALSE,SYNTHETIC — integrated V2 (fixed),TRUE
009BA9E9-0851-519C-B1E8-BFEA1D8AB07E,BADA8A67-142B-5326-A84C-C2C2E50F93E4,SYN-TR-0005,8689D2D4-7776-5FC8-813D-D63017F0337E,SYN-MZ-00011,0E9C9792-955C-5283-94C1-6A981F6E9FB5,1A1D58A1-3B8B-541E-A209-5D0EF093437B,2001,2,TRIAL_ENTRY,FALSE,SYNTHETIC — integrated V2 (fixed),TRUE
CBC2D5CA-6B67-5F89-9218-4ADB738ADD20,BADA8A67-142B-5326-A84C-C2C2E50F93E4,SYN-TR-0005,55B846CE-0304-5467-83C6-6E6D33550CDF,SYN-MZ-00010,9C95ABC3-3546-5916-8743-AB9201C1E13E,1A1D58A1-3B8B-541E-A209-5D0EF093437B,2002,2,TRIAL_ENTRY,FALSE,SYNTHETIC — integrated V2 (fixed),TRUE
3DA724FB-BA95-5086-8D9A-A7EB2B60B5F9,BADA8A67-142B-5326-A84C-C2C2E50F93E4,SYN-TR-0005,080F0B64-D97A-588D-B40C-A051B359AE52,SYN-MZ-00012,C8A16F0E-AACC-515C-9D00-F2F720C2BBF7,1A1D58A1-3B8B-541E-A209-5D0EF093437B,2003,2,TRIAL_ENTRY,FALSE,SYNTHETIC — integrated V2 (fixed),TRUE
3BA9E04E-E686-5594-9D6F-6294E3C1604C,BADA8A67-142B-5326-A84C-C2C2E50F93E4,SYN-TR-0005,03B42C84-51CA-5773-8E4C-295473835D66,SYN-MZ-CHK02,A92E98DA-E476-5795-8F0C-D596AF9E41F3,1A1D58A1-3B8B-541E-A209-5D0EF093437B,2004,2,CHECK,FALSE,SYNTHETIC — integrated V2 (fixed),TRUE
67708482-C7BB-5ADD-A35C-B44C0841E0E0,BADA8A67-142B-5326-A84C-C2C2E50F93E4,SYN-TR-0005,99EE49D0-F7F6-53CE-8FC9-ACF251077CD3,SYN-MZ-00014,8A131FB1-3BA3-5356-9E7D-472622F88266,1A1D58A1-3B8B-541E-A209-5D0EF093437B,2005,2,TRIAL_ENTRY,FALSE,SYNTHETIC — integrated V2 (fixed),TRUE
BB7070D6-C9E4-54D4-8901-D7BE792F7309,BADA8A67-142B-5326-A84C-C2C2E50F93E4,SYN-TR-0005,895C37E3-3402-5903-BB78-18E139F002E0,SYN-MZ-CHK01,42CE60AF-7FF7-55CE-8F13-7705F3D9EF4B,1A1D58A1-3B8B-541E-A209-5D0EF093437B,2006,2,CHECK,FALSE,SYNTHETIC — integrated V2 (fixed),TRUE
E734FE06-E8A8-55BF-A84D-EFA682B2EA16,BADA8A67-142B-5326-A84C-C2C2E50F93E4,SYN-TR-0005,49F400C7-67D9-53F7-8C2F-7709D22BA540,SYN-MZ-00009,3CEC5599-30A1-56B6-B2C3-DC838F6371F0,1A1D58A1-3B8B-541E-A209-5D0EF093437B,2007,2,TRIAL_ENTRY,TRUE,SYNTHETIC — integrated V2 (fixed),TRUE
F6B0C121-BCC9-5DA4-97AA-4ED98F381586,BADA8A67-142B-5326-A84C-C2C2E50F93E4,SYN-TR-0005,0ABDF50B-E599-5A0E-AAD7-B3801C204FEF,SYN-MZ-00013,89995D38-3969-552F-9A5B-F140EA5ABE27,1A1D58A1-3B8B-541E-A209-5D0EF093437B,2008,2,TRIAL_ENTRY,FALSE,SYNTHETIC — integrated V2 (fixed),TRUE
08F9ECD5-FA48-598A-AD10-F2662F4C1251,BADA8A67-142B-5326-A84C-C2C2E50F93E4,SYN-TR-0005,49F400C7-67D9-53F7-8C2F-7709D22BA540,SYN-MZ-00009,3CEC5599-30A1-56B6-B2C3-DC838F6371F0,1A1D58A1-3B8B-541E-A209-5D0EF093437B,3001,3,TRIAL_ENTRY,TRUE,SYNTHETIC — integrated V2 (fixed),TRUE
05E20A2B-016E-5E1F-88CE-A2B324849C25,BADA8A67-142B-5326-A84C-C2C2E50F93E4,SYN-TR-0005,99EE49D0-F7F6-53CE-8FC9-ACF251077CD3,SYN-MZ-00014,8A131FB1-3BA3-5356-9E7D-472622F88266,1A1D58A1-3B8B-541E-A209-5D0EF093437B,3002,3,TRIAL_ENTRY,FALSE,SYNTHETIC — integrated V2 (fixed),TRUE
F6F25E13-C0AB-5CAE-B496-EE8CD0E86AF1,BADA8A67-142B-5326-A84C-C2C2E50F93E4,SYN-TR-0005,03B42C84-51CA-5773-8E4C-295473835D66,SYN-MZ-CHK02,A92E98DA-E476-5795-8F0C-D596AF9E41F3,1A1D58A1-3B8B-541E-A209-5D0EF093437B,3003,3,CHECK,FALSE,SYNTHETIC — integrated V2 (fixed),TRUE
A3893383-2E27-5771-B264-F7D7BBBBAD8C,BADA8A67-142B-5326-A84C-C2C2E50F93E4,SYN-TR-0005,0ABDF50B-E599-5A0E-AAD7-B3801C204FEF,SYN-MZ-00013,89995D38-3969-552F-9A5B-F140EA5ABE27,1A1D58A1-3B8B-541E-A209-5D0EF093437B,3004,3,TRIAL_ENTRY,FALSE,SYNTHETIC — integrated V2 (fixed),TRUE
D64C1B21-B337-5D6B-A2DB-6F32B44D4616,BADA8A67-142B-5326-A84C-C2C2E50F93E4,SYN-TR-0005,55B846CE-0304-5467-83C6-6E6D33550CDF,SYN-MZ-00010,9C95ABC3-3546-5916-8743-AB9201C1E13E,1A1D58A1-3B8B-541E-A209-5D0EF093437B,3005,3,TRIAL_ENTRY,FALSE,SYNTHETIC — integrated V2 (fixed),TRUE
B107A89B-E1F9-5878-ADF1-57DC9D0DB9D0,BADA8A67-142B-5326-A84C-C2C2E50F93E4,SYN-TR-0005,895C37E3-3402-5903-BB78-18E139F002E0,SYN-MZ-CHK01,42CE60AF-7FF7-55CE-8F13-7705F3D9EF4B,1A1D58A1-3B8B-541E-A209-5D0EF093437B,3006,3,CHECK,FALSE,SYNTHETIC — integrated V2 (fixed),TRUE
D027165D-A246-54CE-B105-01B0B24F50C0,BADA8A67-142B-5326-A84C-C2C2E50F93E4,SYN-TR-0005,8689D2D4-7776-5FC8-813D-D63017F0337E,SYN-MZ-00011,0E9C9792-955C-5283-94C1-6A981F6E9FB5,1A1D58A1-3B8B-541E-A209-5D0EF093437B,3007,3,TRIAL_ENTRY,FALSE,SYNTHETIC — integrated V2 (fixed),TRUE
C5DD3FCE-ECF2-5ACD-8008-EC6A5DADC017,BADA8A67-142B-5326-A84C-C2C2E50F93E4,SYN-TR-0005,080F0B64-D97A-588D-B40C-A051B359AE52,SYN-MZ-00012,C8A16F0E-AACC-515C-9D00-F2F720C2BBF7,1A1D58A1-3B8B-541E-A209-5D0EF093437B,3008,3,TRIAL_ENTRY,FALSE,SYNTHETIC — integrated V2 (fixed),TRUE
DB0D22AE-BB73-5E9B-8864-24E5F7637D04,BB843C13-A3A5-5D87-A9E2-CE44C72A33A1,SYN-TR-0006,0ABDF50B-E599-5A0E-AAD7-B3801C204FEF,SYN-MZ-00013,89995D38-3969-552F-9A5B-F140EA5ABE27,00343225-F8E7-5AAA-A9AA-EA8D341BBFC6,1001,1,TRIAL_ENTRY,FALSE,SYNTHETIC — integrated V2 (fixed),TRUE
531D9721-1AC5-598E-8732-C3AEE880DEAB,BB843C13-A3A5-5D87-A9E2-CE44C72A33A1,SYN-TR-0006,B9868147-0FE8-5766-9C66-DD78C3C1EBB4,SYN-MZ-00015,DAEA0250-4870-5C3D-B4BF-58E2B8704CF3,00343225-F8E7-5AAA-A9AA-EA8D341BBFC6,1002,1,TRIAL_ENTRY,FALSE,SYNTHETIC — integrated V2 (fixed),TRUE
442A1F85-7278-53DB-9574-268866E786C0,BB843C13-A3A5-5D87-A9E2-CE44C72A33A1,SYN-TR-0006,03B42C84-51CA-5773-8E4C-295473835D66,SYN-MZ-CHK02,A92E98DA-E476-5795-8F0C-D596AF9E41F3,00343225-F8E7-5AAA-A9AA-EA8D341BBFC6,1003,1,CHECK,FALSE,SYNTHETIC — integrated V2 (fixed),TRUE
143B26A1-0BFC-5749-8A37-C60907A1EAED,BB843C13-A3A5-5D87-A9E2-CE44C72A33A1,SYN-TR-0006,99EE49D0-F7F6-53CE-8FC9-ACF251077CD3,SYN-MZ-00014,8A131FB1-3BA3-5356-9E7D-472622F88266,00343225-F8E7-5AAA-A9AA-EA8D341BBFC6,1004,1,TRIAL_ENTRY,FALSE,SYNTHETIC — integrated V2 (fixed),TRUE
C581360A-8636-585A-813E-BCC6A08C0D04,BB843C13-A3A5-5D87-A9E2-CE44C72A33A1,SYN-TR-0006,8689D2D4-7776-5FC8-813D-D63017F0337E,SYN-MZ-00011,0E9C9792-955C-5283-94C1-6A981F6E9FB5,00343225-F8E7-5AAA-A9AA-EA8D341BBFC6,1005,1,TRIAL_ENTRY,TRUE,SYNTHETIC — integrated V2 (fixed),TRUE
EBFBF6E6-0E33-5A1F-9FAF-163F25DA83B0,BB843C13-A3A5-5D87-A9E2-CE44C72A33A1,SYN-TR-0006,EE1AC5CF-17E4-5D7C-BA29-EA983FBBF170,SYN-MZ-00016,0C766B7E-63DC-585E-BCF5-E945B4C03C52,00343225-F8E7-5AAA-A9AA-EA8D341BBFC6,1006,1,TRIAL_ENTRY,FALSE,SYNTHETIC — integrated V2 (fixed),TRUE
FE8134E9-9DA6-5541-B3B2-E9042DD68205,BB843C13-A3A5-5D87-A9E2-CE44C72A33A1,SYN-TR-0006,080F0B64-D97A-588D-B40C-A051B359AE52,SYN-MZ-00012,C8A16F0E-AACC-515C-9D00-F2F720C2BBF7,00343225-F8E7-5AAA-A9AA-EA8D341BBFC6,1007,1,TRIAL_ENTRY,FALSE,SYNTHETIC — integrated V2 (fixed),TRUE
4974968C-F8D7-5DE7-A7A1-03A34D2235B6,BB843C13-A3A5-5D87-A9E2-CE44C72A33A1,SYN-TR-0006,895C37E3-3402-5903-BB78-18E139F002E0,SYN-MZ-CHK01,42CE60AF-7FF7-55CE-8F13-7705F3D9EF4B,00343225-F8E7-5AAA-A9AA-EA8D341BBFC6,1008,1,CHECK,FALSE,SYNTHETIC — integrated V2 (fixed),TRUE
5F6540AF-1EE9-5031-B80D-845F8179F8B9,BB843C13-A3A5-5D87-A9E2-CE44C72A33A1,SYN-TR-0006,B9868147-0FE8-5766-9C66-DD78C3C1EBB4,SYN-MZ-00015,DAEA0250-4870-5C3D-B4BF-58E2B8704CF3,00343225-F8E7-5AAA-A9AA-EA8D341BBFC6,2001,2,TRIAL_ENTRY,FALSE,SYNTHETIC — integrated V2 (fixed),TRUE
0C652D5A-6C45-57F2-AFC4-7FAEE36821E7,BB843C13-A3A5-5D87-A9E2-CE44C72A33A1,SYN-TR-0006,8689D2D4-7776-5FC8-813D-D63017F0337E,SYN-MZ-00011,0E9C9792-955C-5283-94C1-6A981F6E9FB5,00343225-F8E7-5AAA-A9AA-EA8D341BBFC6,2002,2,TRIAL_ENTRY,TRUE,SYNTHETIC — integrated V2 (fixed),TRUE
E7EBE666-61EA-5C88-9746-35545F3924DA,BB843C13-A3A5-5D87-A9E2-CE44C72A33A1,SYN-TR-0006,EE1AC5CF-17E4-5D7C-BA29-EA983FBBF170,SYN-MZ-00016,0C766B7E-63DC-585E-BCF5-E945B4C03C52,00343225-F8E7-5AAA-A9AA-EA8D341BBFC6,2003,2,TRIAL_ENTRY,FALSE,SYNTHETIC — integrated V2 (fixed),TRUE
DB3894CC-FBF2-5A10-B8B5-52511A6D15E2,BB843C13-A3A5-5D87-A9E2-CE44C72A33A1,SYN-TR-0006,0ABDF50B-E599-5A0E-AAD7-B3801C204FEF,SYN-MZ-00013,89995D38-3969-552F-9A5B-F140EA5ABE27,00343225-F8E7-5AAA-A9AA-EA8D341BBFC6,2004,2,TRIAL_ENTRY,FALSE,SYNTHETIC — integrated V2 (fixed),TRUE
903FE3EE-1978-5263-80DB-67B1E963D457,BB843C13-A3A5-5D87-A9E2-CE44C72A33A1,SYN-TR-0006,99EE49D0-F7F6-53CE-8FC9-ACF251077CD3,SYN-MZ-00014,8A131FB1-3BA3-5356-9E7D-472622F88266,00343225-F8E7-5AAA-A9AA-EA8D341BBFC6,2005,2,TRIAL_ENTRY,FALSE,SYNTHETIC — integrated V2 (fixed),TRUE
F576BDC2-0859-5749-98FD-DFA95ABD30EA,BB843C13-A3A5-5D87-A9E2-CE44C72A33A1,SYN-TR-0006,03B42C84-51CA-5773-8E4C-295473835D66,SYN-MZ-CHK02,A92E98DA-E476-5795-8F0C-D596AF9E41F3,00343225-F8E7-5AAA-A9AA-EA8D341BBFC6,2006,2,CHECK,FALSE,SYNTHETIC — integrated V2 (fixed),TRUE
804D6FA9-0947-5A37-9651-3B553DA5FACB,BB843C13-A3A5-5D87-A9E2-CE44C72A33A1,SYN-TR-0006,080F0B64-D97A-588D-B40C-A051B359AE52,SYN-MZ-00012,C8A16F0E-AACC-515C-9D00-F2F720C2BBF7,00343225-F8E7-5AAA-A9AA-EA8D341BBFC6,2007,2,TRIAL_ENTRY,FALSE,SYNTHETIC — integrated V2 (fixed),TRUE
70E9C350-9BD3-5C99-859B-363DCE2F602E,BB843C13-A3A5-5D87-A9E2-CE44C72A33A1,SYN-TR-0006,895C37E3-3402-5903-BB78-18E139F002E0,SYN-MZ-CHK01,42CE60AF-7FF7-55CE-8F13-7705F3D9EF4B,00343225-F8E7-5AAA-A9AA-EA8D341BBFC6,2008,2,CHECK,FALSE,SYNTHETIC — integrated V2 (fixed),TRUE
9F18CFB0-F458-5B51-8C18-B5F3F4EF9DB3,BB843C13-A3A5-5D87-A9E2-CE44C72A33A1,SYN-TR-0006,99EE49D0-F7F6-53CE-8FC9-ACF251077CD3,SYN-MZ-00014,8A131FB1-3BA3-5356-9E7D-472622F88266,00343225-F8E7-5AAA-A9AA-EA8D341BBFC6,3001,3,TRIAL_ENTRY,FALSE,SYNTHETIC — integrated V2 (fixed),TRUE
BC24F5DA-5D47-54F7-8C83-E6EB8A7BDEAE,BB843C13-A3A5-5D87-A9E2-CE44C72A33A1,SYN-TR-0006,EE1AC5CF-17E4-5D7C-BA29-EA983FBBF170,SYN-MZ-00016,0C766B7E-63DC-585E-BCF5-E945B4C03C52,00343225-F8E7-5AAA-A9AA-EA8D341BBFC6,3002,3,TRIAL_ENTRY,FALSE,SYNTHETIC — integrated V2 (fixed),TRUE
1FB5E99B-CD45-5C23-91AE-90C707A60EB0,BB843C13-A3A5-5D87-A9E2-CE44C72A33A1,SYN-TR-0006,03B42C84-51CA-5773-8E4C-295473835D66,SYN-MZ-CHK02,A92E98DA-E476-5795-8F0C-D596AF9E41F3,00343225-F8E7-5AAA-A9AA-EA8D341BBFC6,3003,3,CHECK,FALSE,SYNTHETIC — integrated V2 (fixed),TRUE
4BBF840C-0EE2-55D8-AB25-04214FD565C6,BB843C13-A3A5-5D87-A9E2-CE44C72A33A1,SYN-TR-0006,895C37E3-3402-5903-BB78-18E139F002E0,SYN-MZ-CHK01,42CE60AF-7FF7-55CE-8F13-7705F3D9EF4B,00343225-F8E7-5AAA-A9AA-EA8D341BBFC6,3004,3,CHECK,FALSE,SYNTHETIC — integrated V2 (fixed),TRUE
BABA4562-BB8F-5638-A272-5C2DFA0156CF,BB843C13-A3A5-5D87-A9E2-CE44C72A33A1,SYN-TR-0006,0ABDF50B-E599-5A0E-AAD7-B3801C204FEF,SYN-MZ-00013,89995D38-3969-552F-9A5B-F140EA5ABE27,00343225-F8E7-5AAA-A9AA-EA8D341BBFC6,3005,3,TRIAL_ENTRY,FALSE,SYNTHETIC — integrated V2 (fixed),TRUE
1AAF38D2-31E8-5DD9-AFDB-F332B098D4B1,BB843C13-A3A5-5D87-A9E2-CE44C72A33A1,SYN-TR-0006,B9868147-0FE8-5766-9C66-DD78C3C1EBB4,SYN-MZ-00015,DAEA0250-4870-5C3D-B4BF-58E2B8704CF3,00343225-F8E7-5AAA-A9AA-EA8D341BBFC6,3006,3,TRIAL_ENTRY,FALSE,SYNTHETIC — integrated V2 (fixed),TRUE
0D709F51-B2A2-5DAF-8A21-836858166D07,BB843C13-A3A5-5D87-A9E2-CE44C72A33A1,SYN-TR-0006,080F0B64-D97A-588D-B40C-A051B359AE52,SYN-MZ-00012,C8A16F0E-AACC-515C-9D00-F2F720C2BBF7,00343225-F8E7-5AAA-A9AA-EA8D341BBFC6,3007,3,TRIAL_ENTRY,FALSE,SYNTHETIC — integrated V2 (fixed),TRUE
69F60E9D-39DC-5E99-9C2F-FDC2F22239EA,BB843C13-A3A5-5D87-A9E2-CE44C72A33A1,SYN-TR-0006,8689D2D4-7776-5FC8-813D-D63017F0337E,SYN-MZ-00011,0E9C9792-955C-5283-94C1-6A981F6E9FB5,00343225-F8E7-5AAA-A9AA-EA8D341BBFC6,3008,3,TRIAL_ENTRY,TRUE,SYNTHETIC — integrated V2 (fixed),TRUE
5408DADD-E500-552E-A683-B73FF2248048,465ECE88-3215-56AF-921E-D519F904F863,SYN-TR-0007,5A705A98-7EAC-500C-AD19-08E66229D28F,SYN-MZ-00017,7ECAC6FF-10DA-513F-9078-DA3907D77260,7100DDD7-D1CB-5B11-9027-9B012201D5D8,1001,1,TRIAL_ENTRY,FALSE,SYNTHETIC — integrated V2 (fixed),TRUE
249BB513-7C28-54C7-83C9-02072D9389A2,465ECE88-3215-56AF-921E-D519F904F863,SYN-TR-0007,B9868147-0FE8-5766-9C66-DD78C3C1EBB4,SYN-MZ-00015,DAEA0250-4870-5C3D-B4BF-58E2B8704CF3,7100DDD7-D1CB-5B11-9027-9B012201D5D8,1002,1,TRIAL_ENTRY,FALSE,SYNTHETIC — integrated V2 (fixed),TRUE
E855E201-A3EB-52DF-8FF2-36DF6469DAE2,465ECE88-3215-56AF-921E-D519F904F863,SYN-TR-0007,895C37E3-3402-5903-BB78-18E139F002E0,SYN-MZ-CHK01,42CE60AF-7FF7-55CE-8F13-7705F3D9EF4B,7100DDD7-D1CB-5B11-9027-9B012201D5D8,1003,1,CHECK,FALSE,SYNTHETIC — integrated V2 (fixed),TRUE
6424CFBD-0FEE-5C1E-996F-1F9D0ADD8393,465ECE88-3215-56AF-921E-D519F904F863,SYN-TR-0007,0ABDF50B-E599-5A0E-AAD7-B3801C204FEF,SYN-MZ-00013,89995D38-3969-552F-9A5B-F140EA5ABE27,7100DDD7-D1CB-5B11-9027-9B012201D5D8,1004,1,TRIAL_ENTRY,TRUE,SYNTHETIC — integrated V2 (fixed),TRUE
450EC9D0-40B6-567A-A87F-82EE1E730A71,465ECE88-3215-56AF-921E-D519F904F863,SYN-TR-0007,EE1AC5CF-17E4-5D7C-BA29-EA983FBBF170,SYN-MZ-00016,0C766B7E-63DC-585E-BCF5-E945B4C03C52,7100DDD7-D1CB-5B11-9027-9B012201D5D8,1005,1,TRIAL_ENTRY,FALSE,SYNTHETIC — integrated V2 (fixed),TRUE
10098629-ED16-5758-AAD8-C28D9E7D3A07,465ECE88-3215-56AF-921E-D519F904F863,SYN-TR-0007,62C92069-66BF-5B0B-ADBA-8D0357CE459C,SYN-MZ-00018,62FAA5C4-2098-524D-8C83-B8BBD1BC08A0,7100DDD7-D1CB-5B11-9027-9B012201D5D8,1006,1,TRIAL_ENTRY,FALSE,SYNTHETIC — integrated V2 (fixed),TRUE
343FD4AC-9C18-5464-9480-E67F943EC92D,465ECE88-3215-56AF-921E-D519F904F863,SYN-TR-0007,99EE49D0-F7F6-53CE-8FC9-ACF251077CD3,SYN-MZ-00014,8A131FB1-3BA3-5356-9E7D-472622F88266,7100DDD7-D1CB-5B11-9027-9B012201D5D8,1007,1,TRIAL_ENTRY,FALSE,SYNTHETIC — integrated V2 (fixed),TRUE
AD71409C-2987-586E-B080-587020E690D1,465ECE88-3215-56AF-921E-D519F904F863,SYN-TR-0007,03B42C84-51CA-5773-8E4C-295473835D66,SYN-MZ-CHK02,A92E98DA-E476-5795-8F0C-D596AF9E41F3,7100DDD7-D1CB-5B11-9027-9B012201D5D8,1008,1,CHECK,FALSE,SYNTHETIC — integrated V2 (fixed),TRUE
435C0F66-EA8A-58AF-BBEB-2FAE711A60E5,465ECE88-3215-56AF-921E-D519F904F863,SYN-TR-0007,62C92069-66BF-5B0B-ADBA-8D0357CE459C,SYN-MZ-00018,62FAA5C4-2098-524D-8C83-B8BBD1BC08A0,7100DDD7-D1CB-5B11-9027-9B012201D5D8,2001,2,TRIAL_ENTRY,FALSE,SYNTHETIC — integrated V2 (fixed),TRUE
5731ABB2-A793-5E5D-B206-E0E7B222CBFF,465ECE88-3215-56AF-921E-D519F904F863,SYN-TR-0007,99EE49D0-F7F6-53CE-8FC9-ACF251077CD3,SYN-MZ-00014,8A131FB1-3BA3-5356-9E7D-472622F88266,7100DDD7-D1CB-5B11-9027-9B012201D5D8,2002,2,TRIAL_ENTRY,FALSE,SYNTHETIC — integrated V2 (fixed),TRUE
3B9E8477-1490-5075-878D-EB9664A29D0C,465ECE88-3215-56AF-921E-D519F904F863,SYN-TR-0007,B9868147-0FE8-5766-9C66-DD78C3C1EBB4,SYN-MZ-00015,DAEA0250-4870-5C3D-B4BF-58E2B8704CF3,7100DDD7-D1CB-5B11-9027-9B012201D5D8,2003,2,TRIAL_ENTRY,FALSE,SYNTHETIC — integrated V2 (fixed),TRUE
46EF1E58-39EF-5251-8D74-4960234111D1,465ECE88-3215-56AF-921E-D519F904F863,SYN-TR-0007,EE1AC5CF-17E4-5D7C-BA29-EA983FBBF170,SYN-MZ-00016,0C766B7E-63DC-585E-BCF5-E945B4C03C52,7100DDD7-D1CB-5B11-9027-9B012201D5D8,2004,2,TRIAL_ENTRY,FALSE,SYNTHETIC — integrated V2 (fixed),TRUE
D6A3D035-4C98-52D4-9CDA-418894A190F1,465ECE88-3215-56AF-921E-D519F904F863,SYN-TR-0007,5A705A98-7EAC-500C-AD19-08E66229D28F,SYN-MZ-00017,7ECAC6FF-10DA-513F-9078-DA3907D77260,7100DDD7-D1CB-5B11-9027-9B012201D5D8,2005,2,TRIAL_ENTRY,FALSE,SYNTHETIC — integrated V2 (fixed),TRUE
F37F48A9-540A-528A-8303-016BD094C96E,465ECE88-3215-56AF-921E-D519F904F863,SYN-TR-0007,895C37E3-3402-5903-BB78-18E139F002E0,SYN-MZ-CHK01,42CE60AF-7FF7-55CE-8F13-7705F3D9EF4B,7100DDD7-D1CB-5B11-9027-9B012201D5D8,2006,2,CHECK,FALSE,SYNTHETIC — integrated V2 (fixed),TRUE
240E4E8F-0569-5082-9FAC-F314024E2F03,465ECE88-3215-56AF-921E-D519F904F863,SYN-TR-0007,0ABDF50B-E599-5A0E-AAD7-B3801C204FEF,SYN-MZ-00013,89995D38-3969-552F-9A5B-F140EA5ABE27,7100DDD7-D1CB-5B11-9027-9B012201D5D8,2007,2,TRIAL_ENTRY,TRUE,SYNTHETIC — integrated V2 (fixed),TRUE
E7955EAA-4FDE-598C-A9C4-9DC5BDBB3098,465ECE88-3215-56AF-921E-D519F904F863,SYN-TR-0007,03B42C84-51CA-5773-8E4C-295473835D66,SYN-MZ-CHK02,A92E98DA-E476-5795-8F0C-D596AF9E41F3,7100DDD7-D1CB-5B11-9027-9B012201D5D8,2008,2,CHECK,FALSE,SYNTHETIC — integrated V2 (fixed),TRUE
D8359D96-A728-5FD8-8A36-FD3145A11706,465ECE88-3215-56AF-921E-D519F904F863,SYN-TR-0007,0ABDF50B-E599-5A0E-AAD7-B3801C204FEF,SYN-MZ-00013,89995D38-3969-552F-9A5B-F140EA5ABE27,7100DDD7-D1CB-5B11-9027-9B012201D5D8,3001,3,TRIAL_ENTRY,TRUE,SYNTHETIC — integrated V2 (fixed),TRUE
675F5631-A650-587C-B051-8CF7FB923A5E,465ECE88-3215-56AF-921E-D519F904F863,SYN-TR-0007,895C37E3-3402-5903-BB78-18E139F002E0,SYN-MZ-CHK01,42CE60AF-7FF7-55CE-8F13-7705F3D9EF4B,7100DDD7-D1CB-5B11-9027-9B012201D5D8,3002,3,CHECK,FALSE,SYNTHETIC — integrated V2 (fixed),TRUE
12ACE3F3-1007-5221-8D2E-8AF31831746E,465ECE88-3215-56AF-921E-D519F904F863,SYN-TR-0007,B9868147-0FE8-5766-9C66-DD78C3C1EBB4,SYN-MZ-00015,DAEA0250-4870-5C3D-B4BF-58E2B8704CF3,7100DDD7-D1CB-5B11-9027-9B012201D5D8,3003,3,TRIAL_ENTRY,FALSE,SYNTHETIC — integrated V2 (fixed),TRUE
85ABAD43-3EB0-5D1C-8454-13AA7B6323B4,465ECE88-3215-56AF-921E-D519F904F863,SYN-TR-0007,5A705A98-7EAC-500C-AD19-08E66229D28F,SYN-MZ-00017,7ECAC6FF-10DA-513F-9078-DA3907D77260,7100DDD7-D1CB-5B11-9027-9B012201D5D8,3004,3,TRIAL_ENTRY,FALSE,SYNTHETIC — integrated V2 (fixed),TRUE
BE940AA6-87AA-5C4C-974B-CB8C7854D8F6,465ECE88-3215-56AF-921E-D519F904F863,SYN-TR-0007,EE1AC5CF-17E4-5D7C-BA29-EA983FBBF170,SYN-MZ-00016,0C766B7E-63DC-585E-BCF5-E945B4C03C52,7100DDD7-D1CB-5B11-9027-9B012201D5D8,3005,3,TRIAL_ENTRY,FALSE,SYNTHETIC — integrated V2 (fixed),TRUE
6362AD30-3AC9-56B9-AB2B-286D699EEFC1,465ECE88-3215-56AF-921E-D519F904F863,SYN-TR-0007,03B42C84-51CA-5773-8E4C-295473835D66,SYN-MZ-CHK02,A92E98DA-E476-5795-8F0C-D596AF9E41F3,7100DDD7-D1CB-5B11-9027-9B012201D5D8,3006,3,CHECK,FALSE,SYNTHETIC — integrated V2 (fixed),TRUE
1AC7293C-B269-53DE-930E-5F76C6E2D56F,465ECE88-3215-56AF-921E-D519F904F863,SYN-TR-0007,62C92069-66BF-5B0B-ADBA-8D0357CE459C,SYN-MZ-00018,62FAA5C4-2098-524D-8C83-B8BBD1BC08A0,7100DDD7-D1CB-5B11-9027-9B012201D5D8,3007,3,TRIAL_ENTRY,FALSE,SYNTHETIC — integrated V2 (fixed),TRUE
BBB9E229-6037-59C2-9E7E-576802DB147F,465ECE88-3215-56AF-921E-D519F904F863,SYN-TR-0007,99EE49D0-F7F6-53CE-8FC9-ACF251077CD3,SYN-MZ-00014,8A131FB1-3BA3-5356-9E7D-472622F88266,7100DDD7-D1CB-5B11-9027-9B012201D5D8,3008,3,TRIAL_ENTRY,FALSE,SYNTHETIC — integrated V2 (fixed),TRUE
7E060DAD-CCBE-5C77-9D9E-A2575F4F0D32,94C804C2-2587-5E91-8890-DF532ADE3266,SYN-TR-0008,EE1AC5CF-17E4-5D7C-BA29-EA983FBBF170,SYN-MZ-00016,0C766B7E-63DC-585E-BCF5-E945B4C03C52,60D2A017-6078-54DC-970E-B9BD09011378,1001,1,TRIAL_ENTRY,FALSE,SYNTHETIC — integrated V2 (fixed),TRUE
F2223CC2-4514-5EB3-A2E2-B2ED2F4CCC29,94C804C2-2587-5E91-8890-DF532ADE3266,SYN-TR-0008,62C92069-66BF-5B0B-ADBA-8D0357CE459C,SYN-MZ-00018,62FAA5C4-2098-524D-8C83-B8BBD1BC08A0,60D2A017-6078-54DC-970E-B9BD09011378,1002,1,TRIAL_ENTRY,FALSE,SYNTHETIC — integrated V2 (fixed),TRUE
8802D590-E187-554B-8B7F-58388C660FA2,94C804C2-2587-5E91-8890-DF532ADE3266,SYN-TR-0008,B9868147-0FE8-5766-9C66-DD78C3C1EBB4,SYN-MZ-00015,DAEA0250-4870-5C3D-B4BF-58E2B8704CF3,60D2A017-6078-54DC-970E-B9BD09011378,1003,1,TRIAL_ENTRY,TRUE,SYNTHETIC — integrated V2 (fixed),TRUE
5BCF58C3-6D78-5153-8736-B89970585B0C,94C804C2-2587-5E91-8890-DF532ADE3266,SYN-TR-0008,03B42C84-51CA-5773-8E4C-295473835D66,SYN-MZ-CHK02,A92E98DA-E476-5795-8F0C-D596AF9E41F3,60D2A017-6078-54DC-970E-B9BD09011378,1004,1,CHECK,FALSE,SYNTHETIC — integrated V2 (fixed),TRUE
4614D2D7-758E-59BE-8649-93A1109BE9D6,94C804C2-2587-5E91-8890-DF532ADE3266,SYN-TR-0008,4A5DFB3F-03B5-5B3F-9852-099CA5A15225,SYN-MZ-00020,27193D6C-CCF1-5F95-A347-9425F8D127E7,60D2A017-6078-54DC-970E-B9BD09011378,1005,1,TRIAL_ENTRY,FALSE,SYNTHETIC — integrated V2 (fixed),TRUE
5EB9672F-6506-50C7-B5C7-11A86F95C535,94C804C2-2587-5E91-8890-DF532ADE3266,SYN-TR-0008,A8B6980C-FFB9-5F9B-92BA-AF12781ABDDE,SYN-MZ-00019,AE0D895D-24A2-540A-86E1-BED586852548,60D2A017-6078-54DC-970E-B9BD09011378,1006,1,TRIAL_ENTRY,FALSE,SYNTHETIC — integrated V2 (fixed),TRUE
1244DCCA-9176-5D40-895B-3E8F4DF9DF34,94C804C2-2587-5E91-8890-DF532ADE3266,SYN-TR-0008,5A705A98-7EAC-500C-AD19-08E66229D28F,SYN-MZ-00017,7ECAC6FF-10DA-513F-9078-DA3907D77260,60D2A017-6078-54DC-970E-B9BD09011378,1007,1,TRIAL_ENTRY,FALSE,SYNTHETIC — integrated V2 (fixed),TRUE
1C00F825-6569-5D41-8865-8DCF70E2304B,94C804C2-2587-5E91-8890-DF532ADE3266,SYN-TR-0008,895C37E3-3402-5903-BB78-18E139F002E0,SYN-MZ-CHK01,42CE60AF-7FF7-55CE-8F13-7705F3D9EF4B,60D2A017-6078-54DC-970E-B9BD09011378,1008,1,CHECK,FALSE,SYNTHETIC — integrated V2 (fixed),TRUE
59F9E2CD-D9C9-542F-AE84-99B0855411DD,94C804C2-2587-5E91-8890-DF532ADE3266,SYN-TR-0008,03B42C84-51CA-5773-8E4C-295473835D66,SYN-MZ-CHK02,A92E98DA-E476-5795-8F0C-D596AF9E41F3,60D2A017-6078-54DC-970E-B9BD09011378,2001,2,CHECK,FALSE,SYNTHETIC — integrated V2 (fixed),TRUE
D1462DCC-451E-5992-8DFC-33DCE151B91B,94C804C2-2587-5E91-8890-DF532ADE3266,SYN-TR-0008,895C37E3-3402-5903-BB78-18E139F002E0,SYN-MZ-CHK01,42CE60AF-7FF7-55CE-8F13-7705F3D9EF4B,60D2A017-6078-54DC-970E-B9BD09011378,2002,2,CHECK,FALSE,SYNTHETIC — integrated V2 (fixed),TRUE
CC52B178-07E0-575E-B3C2-8B7B65FCB1CE,94C804C2-2587-5E91-8890-DF532ADE3266,SYN-TR-0008,EE1AC5CF-17E4-5D7C-BA29-EA983FBBF170,SYN-MZ-00016,0C766B7E-63DC-585E-BCF5-E945B4C03C52,60D2A017-6078-54DC-970E-B9BD09011378,2003,2,TRIAL_ENTRY,FALSE,SYNTHETIC — integrated V2 (fixed),TRUE
9E473228-C01B-5F5E-AE8B-65CD02F86270,94C804C2-2587-5E91-8890-DF532ADE3266,SYN-TR-0008,B9868147-0FE8-5766-9C66-DD78C3C1EBB4,SYN-MZ-00015,DAEA0250-4870-5C3D-B4BF-58E2B8704CF3,60D2A017-6078-54DC-970E-B9BD09011378,2004,2,TRIAL_ENTRY,TRUE,SYNTHETIC — integrated V2 (fixed),TRUE
996D8786-81C5-55D0-B2E6-11E5C0C99F8E,94C804C2-2587-5E91-8890-DF532ADE3266,SYN-TR-0008,A8B6980C-FFB9-5F9B-92BA-AF12781ABDDE,SYN-MZ-00019,AE0D895D-24A2-540A-86E1-BED586852548,60D2A017-6078-54DC-970E-B9BD09011378,2005,2,TRIAL_ENTRY,FALSE,SYNTHETIC — integrated V2 (fixed),TRUE
854E22A3-F0F0-5E0E-B5D0-37B0D9C4AFF0,94C804C2-2587-5E91-8890-DF532ADE3266,SYN-TR-0008,5A705A98-7EAC-500C-AD19-08E66229D28F,SYN-MZ-00017,7ECAC6FF-10DA-513F-9078-DA3907D77260,60D2A017-6078-54DC-970E-B9BD09011378,2006,2,TRIAL_ENTRY,FALSE,SYNTHETIC — integrated V2 (fixed),TRUE
B4C35B80-4AA2-5502-8D57-160E1B6515A6,94C804C2-2587-5E91-8890-DF532ADE3266,SYN-TR-0008,4A5DFB3F-03B5-5B3F-9852-099CA5A15225,SYN-MZ-00020,27193D6C-CCF1-5F95-A347-9425F8D127E7,60D2A017-6078-54DC-970E-B9BD09011378,2007,2,TRIAL_ENTRY,FALSE,SYNTHETIC — integrated V2 (fixed),TRUE
62E30A66-91B5-58A7-A1C7-ABCE8C6DF00B,94C804C2-2587-5E91-8890-DF532ADE3266,SYN-TR-0008,62C92069-66BF-5B0B-ADBA-8D0357CE459C,SYN-MZ-00018,62FAA5C4-2098-524D-8C83-B8BBD1BC08A0,60D2A017-6078-54DC-970E-B9BD09011378,2008,2,TRIAL_ENTRY,FALSE,SYNTHETIC — integrated V2 (fixed),TRUE
3FA48221-969B-59E9-B495-13920826821D,94C804C2-2587-5E91-8890-DF532ADE3266,SYN-TR-0008,EE1AC5CF-17E4-5D7C-BA29-EA983FBBF170,SYN-MZ-00016,0C766B7E-63DC-585E-BCF5-E945B4C03C52,60D2A017-6078-54DC-970E-B9BD09011378,3001,3,TRIAL_ENTRY,FALSE,SYNTHETIC — integrated V2 (fixed),TRUE
C62AB52C-B7FD-51C8-B2AD-5C02D4CB15CE,94C804C2-2587-5E91-8890-DF532ADE3266,SYN-TR-0008,5A705A98-7EAC-500C-AD19-08E66229D28F,SYN-MZ-00017,7ECAC6FF-10DA-513F-9078-DA3907D77260,60D2A017-6078-54DC-970E-B9BD09011378,3002,3,TRIAL_ENTRY,FALSE,SYNTHETIC — integrated V2 (fixed),TRUE
041DB135-5A16-53CE-A68B-D042B8A9FD54,94C804C2-2587-5E91-8890-DF532ADE3266,SYN-TR-0008,B9868147-0FE8-5766-9C66-DD78C3C1EBB4,SYN-MZ-00015,DAEA0250-4870-5C3D-B4BF-58E2B8704CF3,60D2A017-6078-54DC-970E-B9BD09011378,3003,3,TRIAL_ENTRY,TRUE,SYNTHETIC — integrated V2 (fixed),TRUE
52DF8F99-5AEB-5102-89BE-30ECA5709033,94C804C2-2587-5E91-8890-DF532ADE3266,SYN-TR-0008,A8B6980C-FFB9-5F9B-92BA-AF12781ABDDE,SYN-MZ-00019,AE0D895D-24A2-540A-86E1-BED586852548,60D2A017-6078-54DC-970E-B9BD09011378,3004,3,TRIAL_ENTRY,FALSE,SYNTHETIC — integrated V2 (fixed),TRUE
DAE56394-555F-598A-B202-50EC23B1ED2E,94C804C2-2587-5E91-8890-DF532ADE3266,SYN-TR-0008,03B42C84-51CA-5773-8E4C-295473835D66,SYN-MZ-CHK02,A92E98DA-E476-5795-8F0C-D596AF9E41F3,60D2A017-6078-54DC-970E-B9BD09011378,3005,3,CHECK,FALSE,SYNTHETIC — integrated V2 (fixed),TRUE
266B9E07-1519-5A45-A6BD-B2EA61481F48,94C804C2-2587-5E91-8890-DF532ADE3266,SYN-TR-0008,4A5DFB3F-03B5-5B3F-9852-099CA5A15225,SYN-MZ-00020,27193D6C-CCF1-5F95-A347-9425F8D127E7,60D2A017-6078-54DC-970E-B9BD09011378,3006,3,TRIAL_ENTRY,FALSE,SYNTHETIC — integrated V2 (fixed),TRUE
CAD7CBDB-45EE-5377-9023-071B9AFA5BFE,94C804C2-2587-5E91-8890-DF532ADE3266,SYN-TR-0008,62C92069-66BF-5B0B-ADBA-8D0357CE459C,SYN-MZ-00018,62FAA5C4-2098-524D-8C83-B8BBD1BC08A0,60D2A017-6078-54DC-970E-B9BD09011378,3007,3,TRIAL_ENTRY,FALSE,SYNTHETIC — integrated V2 (fixed),TRUE
FAE7409D-0DA3-57E7-9BDC-92BB517D2984,94C804C2-2587-5E91-8890-DF532ADE3266,SYN-TR-0008,895C37E3-3402-5903-BB78-18E139F002E0,SYN-MZ-CHK01,42CE60AF-7FF7-55CE-8F13-7705F3D9EF4B,60D2A017-6078-54DC-970E-B9BD09011378,3008,3,CHECK,FALSE,SYNTHETIC — integrated V2 (fixed),TRUE
53D6D298-C8D1-5527-A5AE-AFF011270D6D,1189FB93-7EF9-5224-A85A-E06C73FB5152,SYN-TR-0009,A8B6980C-FFB9-5F9B-92BA-AF12781ABDDE,SYN-MZ-00019,AE0D895D-24A2-540A-86E1-BED586852548,C9F808BF-8ED0-57D3-ACB6-C412CFB89BA6,1001,1,TRIAL_ENTRY,FALSE,SYNTHETIC — integrated V2 (fixed),TRUE
1BE6FB58-0227-575B-B9CF-867BAD3B2704,1189FB93-7EF9-5224-A85A-E06C73FB5152,SYN-TR-0009,4A5DFB3F-03B5-5B3F-9852-099CA5A15225,SYN-MZ-00020,27193D6C-CCF1-5F95-A347-9425F8D127E7,C9F808BF-8ED0-57D3-ACB6-C412CFB89BA6,1002,1,TRIAL_ENTRY,FALSE,SYNTHETIC — integrated V2 (fixed),TRUE
CBE62FCB-C983-5271-BF9F-128662F2F774,1189FB93-7EF9-5224-A85A-E06C73FB5152,SYN-TR-0009,62C92069-66BF-5B0B-ADBA-8D0357CE459C,SYN-MZ-00018,62FAA5C4-2098-524D-8C83-B8BBD1BC08A0,C9F808BF-8ED0-57D3-ACB6-C412CFB89BA6,1003,1,TRIAL_ENTRY,FALSE,SYNTHETIC — integrated V2 (fixed),TRUE
9EE2D248-D876-5E40-908C-6BB6B1C1FB5F,1189FB93-7EF9-5224-A85A-E06C73FB5152,SYN-TR-0009,895C37E3-3402-5903-BB78-18E139F002E0,SYN-MZ-CHK01,42CE60AF-7FF7-55CE-8F13-7705F3D9EF4B,C9F808BF-8ED0-57D3-ACB6-C412CFB89BA6,1004,1,CHECK,FALSE,SYNTHETIC — integrated V2 (fixed),TRUE
67B8539C-0E06-53C6-A097-229EBD698B11,1189FB93-7EF9-5224-A85A-E06C73FB5152,SYN-TR-0009,1A9526DC-BD8E-563C-9E4A-9481E88601A5,SYN-MZ-00021,CE770141-BE6E-53B3-A99A-50E034240E11,C9F808BF-8ED0-57D3-ACB6-C412CFB89BA6,1005,1,TRIAL_ENTRY,FALSE,SYNTHETIC — integrated V2 (fixed),TRUE
A10E2200-0391-561B-AD90-DB7DC116057D,1189FB93-7EF9-5224-A85A-E06C73FB5152,SYN-TR-0009,6E503269-36A0-59E5-B29F-D2C65C57CAD6,SYN-MZ-00022,CE5739E6-D876-52FD-9DD4-295B70681469,C9F808BF-8ED0-57D3-ACB6-C412CFB89BA6,1006,1,TRIAL_ENTRY,FALSE,SYNTHETIC — integrated V2 (fixed),TRUE
0814563A-3DEB-5F8D-9FAE-C4E5F19D5BE8,1189FB93-7EF9-5224-A85A-E06C73FB5152,SYN-TR-0009,03B42C84-51CA-5773-8E4C-295473835D66,SYN-MZ-CHK02,A92E98DA-E476-5795-8F0C-D596AF9E41F3,C9F808BF-8ED0-57D3-ACB6-C412CFB89BA6,1007,1,CHECK,FALSE,SYNTHETIC — integrated V2 (fixed),TRUE
2E58DDFE-D9AE-5259-A4CD-EDD529F9019A,1189FB93-7EF9-5224-A85A-E06C73FB5152,SYN-TR-0009,5A705A98-7EAC-500C-AD19-08E66229D28F,SYN-MZ-00017,7ECAC6FF-10DA-513F-9078-DA3907D77260,C9F808BF-8ED0-57D3-ACB6-C412CFB89BA6,1008,1,TRIAL_ENTRY,TRUE,SYNTHETIC — integrated V2 (fixed),TRUE
508ABAD7-BE0E-5441-9E06-16B429AC23E2,1189FB93-7EF9-5224-A85A-E06C73FB5152,SYN-TR-0009,895C37E3-3402-5903-BB78-18E139F002E0,SYN-MZ-CHK01,42CE60AF-7FF7-55CE-8F13-7705F3D9EF4B,C9F808BF-8ED0-57D3-ACB6-C412CFB89BA6,2001,2,CHECK,FALSE,SYNTHETIC — integrated V2 (fixed),TRUE
D3D2B827-F860-5019-A8FE-41FAC9B9756E,1189FB93-7EF9-5224-A85A-E06C73FB5152,SYN-TR-0009,5A705A98-7EAC-500C-AD19-08E66229D28F,SYN-MZ-00017,7ECAC6FF-10DA-513F-9078-DA3907D77260,C9F808BF-8ED0-57D3-ACB6-C412CFB89BA6,2002,2,TRIAL_ENTRY,TRUE,SYNTHETIC — integrated V2 (fixed),TRUE
BAC64DE9-9FDD-56D3-99D7-6DCCD9FB63E3,1189FB93-7EF9-5224-A85A-E06C73FB5152,SYN-TR-0009,03B42C84-51CA-5773-8E4C-295473835D66,SYN-MZ-CHK02,A92E98DA-E476-5795-8F0C-D596AF9E41F3,C9F808BF-8ED0-57D3-ACB6-C412CFB89BA6,2003,2,CHECK,FALSE,SYNTHETIC — integrated V2 (fixed),TRUE
7BBAE4CA-BCCC-5E72-B91F-4AAD49C423CC,1189FB93-7EF9-5224-A85A-E06C73FB5152,SYN-TR-0009,1A9526DC-BD8E-563C-9E4A-9481E88601A5,SYN-MZ-00021,CE770141-BE6E-53B3-A99A-50E034240E11,C9F808BF-8ED0-57D3-ACB6-C412CFB89BA6,2004,2,TRIAL_ENTRY,FALSE,SYNTHETIC — integrated V2 (fixed),TRUE
D06B5966-E2A7-5875-BCE7-98625D6C34AB,1189FB93-7EF9-5224-A85A-E06C73FB5152,SYN-TR-0009,6E503269-36A0-59E5-B29F-D2C65C57CAD6,SYN-MZ-00022,CE5739E6-D876-52FD-9DD4-295B70681469,C9F808BF-8ED0-57D3-ACB6-C412CFB89BA6,2005,2,TRIAL_ENTRY,FALSE,SYNTHETIC — integrated V2 (fixed),TRUE
1AC0E3F8-663A-5036-95AB-94F0492E4425,1189FB93-7EF9-5224-A85A-E06C73FB5152,SYN-TR-0009,A8B6980C-FFB9-5F9B-92BA-AF12781ABDDE,SYN-MZ-00019,AE0D895D-24A2-540A-86E1-BED586852548,C9F808BF-8ED0-57D3-ACB6-C412CFB89BA6,2006,2,TRIAL_ENTRY,FALSE,SYNTHETIC — integrated V2 (fixed),TRUE
AEA42947-A7BE-51A3-B6E7-EC772CE5860B,1189FB93-7EF9-5224-A85A-E06C73FB5152,SYN-TR-0009,4A5DFB3F-03B5-5B3F-9852-099CA5A15225,SYN-MZ-00020,27193D6C-CCF1-5F95-A347-9425F8D127E7,C9F808BF-8ED0-57D3-ACB6-C412CFB89BA6,2007,2,TRIAL_ENTRY,FALSE,SYNTHETIC — integrated V2 (fixed),TRUE
258D8775-CAE4-52D9-9BF5-1E04ABA365A3,1189FB93-7EF9-5224-A85A-E06C73FB5152,SYN-TR-0009,62C92069-66BF-5B0B-ADBA-8D0357CE459C,SYN-MZ-00018,62FAA5C4-2098-524D-8C83-B8BBD1BC08A0,C9F808BF-8ED0-57D3-ACB6-C412CFB89BA6,2008,2,TRIAL_ENTRY,FALSE,SYNTHETIC — integrated V2 (fixed),TRUE
F6C79742-4C1D-51BA-9574-230138226EC7,1189FB93-7EF9-5224-A85A-E06C73FB5152,SYN-TR-0009,62C92069-66BF-5B0B-ADBA-8D0357CE459C,SYN-MZ-00018,62FAA5C4-2098-524D-8C83-B8BBD1BC08A0,C9F808BF-8ED0-57D3-ACB6-C412CFB89BA6,3001,3,TRIAL_ENTRY,FALSE,SYNTHETIC — integrated V2 (fixed),TRUE
E9DF8D04-B8A0-5BBD-A577-04AA75D6BEE7,1189FB93-7EF9-5224-A85A-E06C73FB5152,SYN-TR-0009,A8B6980C-FFB9-5F9B-92BA-AF12781ABDDE,SYN-MZ-00019,AE0D895D-24A2-540A-86E1-BED586852548,C9F808BF-8ED0-57D3-ACB6-C412CFB89BA6,3002,3,TRIAL_ENTRY,FALSE,SYNTHETIC — integrated V2 (fixed),TRUE
3BF4C460-BE76-5C3B-8026-6923D1A1FB9E,1189FB93-7EF9-5224-A85A-E06C73FB5152,SYN-TR-0009,6E503269-36A0-59E5-B29F-D2C65C57CAD6,SYN-MZ-00022,CE5739E6-D876-52FD-9DD4-295B70681469,C9F808BF-8ED0-57D3-ACB6-C412CFB89BA6,3003,3,TRIAL_ENTRY,FALSE,SYNTHETIC — integrated V2 (fixed),TRUE
8E10DA3A-7F9C-58DD-B833-36A8AE5DE8C1,1189FB93-7EF9-5224-A85A-E06C73FB5152,SYN-TR-0009,5A705A98-7EAC-500C-AD19-08E66229D28F,SYN-MZ-00017,7ECAC6FF-10DA-513F-9078-DA3907D77260,C9F808BF-8ED0-57D3-ACB6-C412CFB89BA6,3004,3,TRIAL_ENTRY,TRUE,SYNTHETIC — integrated V2 (fixed),TRUE
96D19287-7E26-5A29-81ED-FEE9FBF9F28B,1189FB93-7EF9-5224-A85A-E06C73FB5152,SYN-TR-0009,4A5DFB3F-03B5-5B3F-9852-099CA5A15225,SYN-MZ-00020,27193D6C-CCF1-5F95-A347-9425F8D127E7,C9F808BF-8ED0-57D3-ACB6-C412CFB89BA6,3005,3,TRIAL_ENTRY,FALSE,SYNTHETIC — integrated V2 (fixed),TRUE
DFDFD062-7E88-591C-B1AA-1A6E6E236BD2,1189FB93-7EF9-5224-A85A-E06C73FB5152,SYN-TR-0009,1A9526DC-BD8E-563C-9E4A-9481E88601A5,SYN-MZ-00021,CE770141-BE6E-53B3-A99A-50E034240E11,C9F808BF-8ED0-57D3-ACB6-C412CFB89BA6,3006,3,TRIAL_ENTRY,FALSE,SYNTHETIC — integrated V2 (fixed),TRUE
EA4D0B51-6598-5E45-AF31-D0E21EE798B8,1189FB93-7EF9-5224-A85A-E06C73FB5152,SYN-TR-0009,03B42C84-51CA-5773-8E4C-295473835D66,SYN-MZ-CHK02,A92E98DA-E476-5795-8F0C-D596AF9E41F3,C9F808BF-8ED0-57D3-ACB6-C412CFB89BA6,3007,3,CHECK,FALSE,SYNTHETIC — integrated V2 (fixed),TRUE
4D9E1BBB-3EB5-5746-8177-EFF8E6217F83,1189FB93-7EF9-5224-A85A-E06C73FB5152,SYN-TR-0009,895C37E3-3402-5903-BB78-18E139F002E0,SYN-MZ-CHK01,42CE60AF-7FF7-55CE-8F13-7705F3D9EF4B,C9F808BF-8ED0-57D3-ACB6-C412CFB89BA6,3008,3,CHECK,FALSE,SYNTHETIC — integrated V2 (fixed),TRUE
F7676EE9-5B8A-58B9-9873-C34339C97485,FE367796-DD08-5462-AFE7-BF606B74EF88,SYN-TR-0010,03B42C84-51CA-5773-8E4C-295473835D66,SYN-MZ-CHK02,A92E98DA-E476-5795-8F0C-D596AF9E41F3,59516335-5A7B-5760-967C-AAEB1AAA62CF,1001,1,CHECK,FALSE,SYNTHETIC — integrated V2 (fixed),TRUE
7EA35990-DDFB-5B45-B482-2B288AF8719B,FE367796-DD08-5462-AFE7-BF606B74EF88,SYN-TR-0010,E568186B-E969-5A74-8996-D72CACB495FD,SYN-MZ-00024,E479EEA8-9C8F-5280-9039-EBA84FF5CF2D,59516335-5A7B-5760-967C-AAEB1AAA62CF,1002,1,TRIAL_ENTRY,FALSE,SYNTHETIC — integrated V2 (fixed),TRUE
71FCCBDD-5973-5D4F-833B-150CE6EE360C,FE367796-DD08-5462-AFE7-BF606B74EF88,SYN-TR-0010,6E503269-36A0-59E5-B29F-D2C65C57CAD6,SYN-MZ-00022,CE5739E6-D876-52FD-9DD4-295B70681469,59516335-5A7B-5760-967C-AAEB1AAA62CF,1003,1,TRIAL_ENTRY,FALSE,SYNTHETIC — integrated V2 (fixed),TRUE
B7A4787C-B079-541D-AC26-F1B720D30537,FE367796-DD08-5462-AFE7-BF606B74EF88,SYN-TR-0010,1A9526DC-BD8E-563C-9E4A-9481E88601A5,SYN-MZ-00021,CE770141-BE6E-53B3-A99A-50E034240E11,59516335-5A7B-5760-967C-AAEB1AAA62CF,1004,1,TRIAL_ENTRY,FALSE,SYNTHETIC — integrated V2 (fixed),TRUE
39224517-948E-55CD-8512-BADB5553070F,FE367796-DD08-5462-AFE7-BF606B74EF88,SYN-TR-0010,A8B6980C-FFB9-5F9B-92BA-AF12781ABDDE,SYN-MZ-00019,AE0D895D-24A2-540A-86E1-BED586852548,59516335-5A7B-5760-967C-AAEB1AAA62CF,1005,1,TRIAL_ENTRY,TRUE,SYNTHETIC — integrated V2 (fixed),TRUE
FEB09056-1C14-5A93-8969-582661AFDFDC,FE367796-DD08-5462-AFE7-BF606B74EF88,SYN-TR-0010,D41ABD3A-44E1-5B49-8488-2C6805F30B64,SYN-MZ-00023,70E99765-2410-5DBD-933B-45E79CEC9D5E,59516335-5A7B-5760-967C-AAEB1AAA62CF,1006,1,TRIAL_ENTRY,FALSE,SYNTHETIC — integrated V2 (fixed),TRUE
A6E1B46C-CD30-5A45-90B4-77D51E21459E,FE367796-DD08-5462-AFE7-BF606B74EF88,SYN-TR-0010,4A5DFB3F-03B5-5B3F-9852-099CA5A15225,SYN-MZ-00020,27193D6C-CCF1-5F95-A347-9425F8D127E7,59516335-5A7B-5760-967C-AAEB1AAA62CF,1007,1,TRIAL_ENTRY,FALSE,SYNTHETIC — integrated V2 (fixed),TRUE
7E9E239E-749E-53F6-A578-815A56EFBD57,FE367796-DD08-5462-AFE7-BF606B74EF88,SYN-TR-0010,895C37E3-3402-5903-BB78-18E139F002E0,SYN-MZ-CHK01,42CE60AF-7FF7-55CE-8F13-7705F3D9EF4B,59516335-5A7B-5760-967C-AAEB1AAA62CF,1008,1,CHECK,FALSE,SYNTHETIC — integrated V2 (fixed),TRUE
FA3ECE5D-56AB-54DD-8470-1175E9BCF85F,FE367796-DD08-5462-AFE7-BF606B74EF88,SYN-TR-0010,A8B6980C-FFB9-5F9B-92BA-AF12781ABDDE,SYN-MZ-00019,AE0D895D-24A2-540A-86E1-BED586852548,59516335-5A7B-5760-967C-AAEB1AAA62CF,2001,2,TRIAL_ENTRY,TRUE,SYNTHETIC — integrated V2 (fixed),TRUE
39063AB1-0D88-5750-A0C1-DA3C699ED3AD,FE367796-DD08-5462-AFE7-BF606B74EF88,SYN-TR-0010,895C37E3-3402-5903-BB78-18E139F002E0,SYN-MZ-CHK01,42CE60AF-7FF7-55CE-8F13-7705F3D9EF4B,59516335-5A7B-5760-967C-AAEB1AAA62CF,2002,2,CHECK,FALSE,SYNTHETIC — integrated V2 (fixed),TRUE
0321D4BC-B358-5D50-9E26-EECA6EA2376F,FE367796-DD08-5462-AFE7-BF606B74EF88,SYN-TR-0010,4A5DFB3F-03B5-5B3F-9852-099CA5A15225,SYN-MZ-00020,27193D6C-CCF1-5F95-A347-9425F8D127E7,59516335-5A7B-5760-967C-AAEB1AAA62CF,2003,2,TRIAL_ENTRY,FALSE,SYNTHETIC — integrated V2 (fixed),TRUE
FEB64C10-22ED-5386-9334-4E7B68F0BF52,FE367796-DD08-5462-AFE7-BF606B74EF88,SYN-TR-0010,1A9526DC-BD8E-563C-9E4A-9481E88601A5,SYN-MZ-00021,CE770141-BE6E-53B3-A99A-50E034240E11,59516335-5A7B-5760-967C-AAEB1AAA62CF,2004,2,TRIAL_ENTRY,FALSE,SYNTHETIC — integrated V2 (fixed),TRUE
D660981C-5B4F-574D-91FB-F164E9706789,FE367796-DD08-5462-AFE7-BF606B74EF88,SYN-TR-0010,E568186B-E969-5A74-8996-D72CACB495FD,SYN-MZ-00024,E479EEA8-9C8F-5280-9039-EBA84FF5CF2D,59516335-5A7B-5760-967C-AAEB1AAA62CF,2005,2,TRIAL_ENTRY,FALSE,SYNTHETIC — integrated V2 (fixed),TRUE
DEF589AA-D3BC-54B0-9790-7AD1E1E02296,FE367796-DD08-5462-AFE7-BF606B74EF88,SYN-TR-0010,D41ABD3A-44E1-5B49-8488-2C6805F30B64,SYN-MZ-00023,70E99765-2410-5DBD-933B-45E79CEC9D5E,59516335-5A7B-5760-967C-AAEB1AAA62CF,2006,2,TRIAL_ENTRY,FALSE,SYNTHETIC — integrated V2 (fixed),TRUE
9C680BC1-382A-5A07-9038-B5F0668C0CE7,FE367796-DD08-5462-AFE7-BF606B74EF88,SYN-TR-0010,03B42C84-51CA-5773-8E4C-295473835D66,SYN-MZ-CHK02,A92E98DA-E476-5795-8F0C-D596AF9E41F3,59516335-5A7B-5760-967C-AAEB1AAA62CF,2007,2,CHECK,FALSE,SYNTHETIC — integrated V2 (fixed),TRUE
3A02DA5F-B02B-5600-8731-1EDED243BF5A,FE367796-DD08-5462-AFE7-BF606B74EF88,SYN-TR-0010,6E503269-36A0-59E5-B29F-D2C65C57CAD6,SYN-MZ-00022,CE5739E6-D876-52FD-9DD4-295B70681469,59516335-5A7B-5760-967C-AAEB1AAA62CF,2008,2,TRIAL_ENTRY,FALSE,SYNTHETIC — integrated V2 (fixed),TRUE
15334B4D-496C-5E5E-88FB-408B607B8642,FE367796-DD08-5462-AFE7-BF606B74EF88,SYN-TR-0010,D41ABD3A-44E1-5B49-8488-2C6805F30B64,SYN-MZ-00023,70E99765-2410-5DBD-933B-45E79CEC9D5E,59516335-5A7B-5760-967C-AAEB1AAA62CF,3001,3,TRIAL_ENTRY,FALSE,SYNTHETIC — integrated V2 (fixed),TRUE
9668A1C4-B944-58E0-8E94-17B51909A599,FE367796-DD08-5462-AFE7-BF606B74EF88,SYN-TR-0010,4A5DFB3F-03B5-5B3F-9852-099CA5A15225,SYN-MZ-00020,27193D6C-CCF1-5F95-A347-9425F8D127E7,59516335-5A7B-5760-967C-AAEB1AAA62CF,3002,3,TRIAL_ENTRY,FALSE,SYNTHETIC — integrated V2 (fixed),TRUE
B46F28D7-0B4B-5EB3-A00B-E4B252052B68,FE367796-DD08-5462-AFE7-BF606B74EF88,SYN-TR-0010,895C37E3-3402-5903-BB78-18E139F002E0,SYN-MZ-CHK01,42CE60AF-7FF7-55CE-8F13-7705F3D9EF4B,59516335-5A7B-5760-967C-AAEB1AAA62CF,3003,3,CHECK,FALSE,SYNTHETIC — integrated V2 (fixed),TRUE
B48EF3F8-52DE-556B-AD0E-801D0B82C5B7,FE367796-DD08-5462-AFE7-BF606B74EF88,SYN-TR-0010,03B42C84-51CA-5773-8E4C-295473835D66,SYN-MZ-CHK02,A92E98DA-E476-5795-8F0C-D596AF9E41F3,59516335-5A7B-5760-967C-AAEB1AAA62CF,3004,3,CHECK,FALSE,SYNTHETIC — integrated V2 (fixed),TRUE
996BFD3A-30A0-563B-B26E-DBE27AB6DA7F,FE367796-DD08-5462-AFE7-BF606B74EF88,SYN-TR-0010,1A9526DC-BD8E-563C-9E4A-9481E88601A5,SYN-MZ-00021,CE770141-BE6E-53B3-A99A-50E034240E11,59516335-5A7B-5760-967C-AAEB1AAA62CF,3005,3,TRIAL_ENTRY,FALSE,SYNTHETIC — integrated V2 (fixed),TRUE
A12DAD6D-AA0F-5C52-B7BA-C7974DBE12E9,FE367796-DD08-5462-AFE7-BF606B74EF88,SYN-TR-0010,6E503269-36A0-59E5-B29F-D2C65C57CAD6,SYN-MZ-00022,CE5739E6-D876-52FD-9DD4-295B70681469,59516335-5A7B-5760-967C-AAEB1AAA62CF,3006,3,TRIAL_ENTRY,FALSE,SYNTHETIC — integrated V2 (fixed),TRUE
DB4280AF-262C-55D8-9FA0-3F1467BDCE5A,FE367796-DD08-5462-AFE7-BF606B74EF88,SYN-TR-0010,E568186B-E969-5A74-8996-D72CACB495FD,SYN-MZ-00024,E479EEA8-9C8F-5280-9039-EBA84FF5CF2D,59516335-5A7B-5760-967C-AAEB1AAA62CF,3007,3,TRIAL_ENTRY,FALSE,SYNTHETIC — integrated V2 (fixed),TRUE
02B7057F-D097-5011-AE3E-29A56532DD8A,FE367796-DD08-5462-AFE7-BF606B74EF88,SYN-TR-0010,A8B6980C-FFB9-5F9B-92BA-AF12781ABDDE,SYN-MZ-00019,AE0D895D-24A2-540A-86E1-BED586852548,59516335-5A7B-5760-967C-AAEB1AAA62CF,3008,3,TRIAL_ENTRY,TRUE,SYNTHETIC — integrated V2 (fixed),TRUE
40D7BF9E-ADDB-5FBD-A6F6-4B07FADE7580,4D94D6B3-8ADD-5660-BE38-D6DF4D8B0E2D,SYN-TR-0011,1A9526DC-BD8E-563C-9E4A-9481E88601A5,SYN-MZ-00021,CE770141-BE6E-53B3-A99A-50E034240E11,912BA489-B0BE-5C3B-9612-3D57AD4ED0FF,1001,1,TRIAL_ENTRY,TRUE,SYNTHETIC — integrated V2 (fixed),TRUE
A93DD1F3-DE4E-5D4B-82B4-6F3891706320,4D94D6B3-8ADD-5660-BE38-D6DF4D8B0E2D,SYN-TR-0011,03B42C84-51CA-5773-8E4C-295473835D66,SYN-MZ-CHK02,A92E98DA-E476-5795-8F0C-D596AF9E41F3,912BA489-B0BE-5C3B-9612-3D57AD4ED0FF,1002,1,CHECK,FALSE,SYNTHETIC — integrated V2 (fixed),TRUE
531DFB65-0BD5-5F8A-96A0-E564CF74B27D,4D94D6B3-8ADD-5660-BE38-D6DF4D8B0E2D,SYN-TR-0011,D41ABD3A-44E1-5B49-8488-2C6805F30B64,SYN-MZ-00023,70E99765-2410-5DBD-933B-45E79CEC9D5E,912BA489-B0BE-5C3B-9612-3D57AD4ED0FF,1003,1,TRIAL_ENTRY,FALSE,SYNTHETIC — integrated V2 (fixed),TRUE
090534C9-8E6C-58C6-83A1-81ACCD4FC154,4D94D6B3-8ADD-5660-BE38-D6DF4D8B0E2D,SYN-TR-0011,E568186B-E969-5A74-8996-D72CACB495FD,SYN-MZ-00024,E479EEA8-9C8F-5280-9039-EBA84FF5CF2D,912BA489-B0BE-5C3B-9612-3D57AD4ED0FF,1004,1,TRIAL_ENTRY,FALSE,SYNTHETIC — integrated V2 (fixed),TRUE
125B1BD7-65F9-5F10-91F7-5D08F80D83F2,4D94D6B3-8ADD-5660-BE38-D6DF4D8B0E2D,SYN-TR-0011,01BB90D3-8967-5A5C-BB61-08A07D8CD947,SYN-MZ-00026,834DE6B4-AC06-5DE8-A3C3-89C7A4422259,912BA489-B0BE-5C3B-9612-3D57AD4ED0FF,1005,1,TRIAL_ENTRY,FALSE,SYNTHETIC — integrated V2 (fixed),TRUE
6D6AFE13-89E4-5DBA-8B1F-BF490D76FC92,4D94D6B3-8ADD-5660-BE38-D6DF4D8B0E2D,SYN-TR-0011,895C37E3-3402-5903-BB78-18E139F002E0,SYN-MZ-CHK01,42CE60AF-7FF7-55CE-8F13-7705F3D9EF4B,912BA489-B0BE-5C3B-9612-3D57AD4ED0FF,1006,1,CHECK,FALSE,SYNTHETIC — integrated V2 (fixed),TRUE
AE99A689-EBA9-59FC-AE51-472678B9CD5F,4D94D6B3-8ADD-5660-BE38-D6DF4D8B0E2D,SYN-TR-0011,48766B60-7B8E-5227-9A4F-9E77EE26141C,SYN-MZ-00025,23B8F4D2-C8B1-57DD-AD2B-4A923F84A028,912BA489-B0BE-5C3B-9612-3D57AD4ED0FF,1007,1,TRIAL_ENTRY,FALSE,SYNTHETIC — integrated V2 (fixed),TRUE
6BF6E0D9-7452-5A3C-8E74-6D60DFB6A634,4D94D6B3-8ADD-5660-BE38-D6DF4D8B0E2D,SYN-TR-0011,6E503269-36A0-59E5-B29F-D2C65C57CAD6,SYN-MZ-00022,CE5739E6-D876-52FD-9DD4-295B70681469,912BA489-B0BE-5C3B-9612-3D57AD4ED0FF,1008,1,TRIAL_ENTRY,FALSE,SYNTHETIC — integrated V2 (fixed),TRUE
44BF24BB-D853-5755-A945-2AE43A304783,4D94D6B3-8ADD-5660-BE38-D6DF4D8B0E2D,SYN-TR-0011,1A9526DC-BD8E-563C-9E4A-9481E88601A5,SYN-MZ-00021,CE770141-BE6E-53B3-A99A-50E034240E11,912BA489-B0BE-5C3B-9612-3D57AD4ED0FF,2001,2,TRIAL_ENTRY,TRUE,SYNTHETIC — integrated V2 (fixed),TRUE
7EF13B57-EB5F-5893-BAF2-BC77CBDE8C8A,4D94D6B3-8ADD-5660-BE38-D6DF4D8B0E2D,SYN-TR-0011,895C37E3-3402-5903-BB78-18E139F002E0,SYN-MZ-CHK01,42CE60AF-7FF7-55CE-8F13-7705F3D9EF4B,912BA489-B0BE-5C3B-9612-3D57AD4ED0FF,2002,2,CHECK,FALSE,SYNTHETIC — integrated V2 (fixed),TRUE
4E513318-B794-54EE-A109-B0830F920656,4D94D6B3-8ADD-5660-BE38-D6DF4D8B0E2D,SYN-TR-0011,E568186B-E969-5A74-8996-D72CACB495FD,SYN-MZ-00024,E479EEA8-9C8F-5280-9039-EBA84FF5CF2D,912BA489-B0BE-5C3B-9612-3D57AD4ED0FF,2003,2,TRIAL_ENTRY,FALSE,SYNTHETIC — integrated V2 (fixed),TRUE
F4D35C00-2A99-5BE9-A2DD-95448B59D350,4D94D6B3-8ADD-5660-BE38-D6DF4D8B0E2D,SYN-TR-0011,D41ABD3A-44E1-5B49-8488-2C6805F30B64,SYN-MZ-00023,70E99765-2410-5DBD-933B-45E79CEC9D5E,912BA489-B0BE-5C3B-9612-3D57AD4ED0FF,2004,2,TRIAL_ENTRY,FALSE,SYNTHETIC — integrated V2 (fixed),TRUE
55BD24B5-E2D7-52CE-AA5C-E0769AB62552,4D94D6B3-8ADD-5660-BE38-D6DF4D8B0E2D,SYN-TR-0011,6E503269-36A0-59E5-B29F-D2C65C57CAD6,SYN-MZ-00022,CE5739E6-D876-52FD-9DD4-295B70681469,912BA489-B0BE-5C3B-9612-3D57AD4ED0FF,2005,2,TRIAL_ENTRY,FALSE,SYNTHETIC — integrated V2 (fixed),TRUE
E20E7231-67B1-539D-B246-80C79828BD7C,4D94D6B3-8ADD-5660-BE38-D6DF4D8B0E2D,SYN-TR-0011,48766B60-7B8E-5227-9A4F-9E77EE26141C,SYN-MZ-00025,23B8F4D2-C8B1-57DD-AD2B-4A923F84A028,912BA489-B0BE-5C3B-9612-3D57AD4ED0FF,2006,2,TRIAL_ENTRY,FALSE,SYNTHETIC — integrated V2 (fixed),TRUE
EB73BCE8-28AA-5AB9-80E0-A81B81C190FE,4D94D6B3-8ADD-5660-BE38-D6DF4D8B0E2D,SYN-TR-0011,01BB90D3-8967-5A5C-BB61-08A07D8CD947,SYN-MZ-00026,834DE6B4-AC06-5DE8-A3C3-89C7A4422259,912BA489-B0BE-5C3B-9612-3D57AD4ED0FF,2007,2,TRIAL_ENTRY,FALSE,SYNTHETIC — integrated V2 (fixed),TRUE
2D702009-DBC1-58C4-8203-8CC4C60D8391,4D94D6B3-8ADD-5660-BE38-D6DF4D8B0E2D,SYN-TR-0011,03B42C84-51CA-5773-8E4C-295473835D66,SYN-MZ-CHK02,A92E98DA-E476-5795-8F0C-D596AF9E41F3,912BA489-B0BE-5C3B-9612-3D57AD4ED0FF,2008,2,CHECK,FALSE,SYNTHETIC — integrated V2 (fixed),TRUE
CD6B4F9B-2198-5C55-BFB8-5ACDB8CCBC79,4D94D6B3-8ADD-5660-BE38-D6DF4D8B0E2D,SYN-TR-0011,48766B60-7B8E-5227-9A4F-9E77EE26141C,SYN-MZ-00025,23B8F4D2-C8B1-57DD-AD2B-4A923F84A028,912BA489-B0BE-5C3B-9612-3D57AD4ED0FF,3001,3,TRIAL_ENTRY,FALSE,SYNTHETIC — integrated V2 (fixed),TRUE
DAE46CB6-00EC-5D7A-8B56-6924BEB09F00,4D94D6B3-8ADD-5660-BE38-D6DF4D8B0E2D,SYN-TR-0011,E568186B-E969-5A74-8996-D72CACB495FD,SYN-MZ-00024,E479EEA8-9C8F-5280-9039-EBA84FF5CF2D,912BA489-B0BE-5C3B-9612-3D57AD4ED0FF,3002,3,TRIAL_ENTRY,FALSE,SYNTHETIC — integrated V2 (fixed),TRUE
D80AE73E-5DD2-518B-868E-264819001AE8,4D94D6B3-8ADD-5660-BE38-D6DF4D8B0E2D,SYN-TR-0011,01BB90D3-8967-5A5C-BB61-08A07D8CD947,SYN-MZ-00026,834DE6B4-AC06-5DE8-A3C3-89C7A4422259,912BA489-B0BE-5C3B-9612-3D57AD4ED0FF,3003,3,TRIAL_ENTRY,FALSE,SYNTHETIC — integrated V2 (fixed),TRUE
969E03F4-8081-5945-A317-EE9A988155FD,4D94D6B3-8ADD-5660-BE38-D6DF4D8B0E2D,SYN-TR-0011,D41ABD3A-44E1-5B49-8488-2C6805F30B64,SYN-MZ-00023,70E99765-2410-5DBD-933B-45E79CEC9D5E,912BA489-B0BE-5C3B-9612-3D57AD4ED0FF,3004,3,TRIAL_ENTRY,FALSE,SYNTHETIC — integrated V2 (fixed),TRUE
8DC76225-2D17-5190-B314-EC0FE8C2D037,4D94D6B3-8ADD-5660-BE38-D6DF4D8B0E2D,SYN-TR-0011,03B42C84-51CA-5773-8E4C-295473835D66,SYN-MZ-CHK02,A92E98DA-E476-5795-8F0C-D596AF9E41F3,912BA489-B0BE-5C3B-9612-3D57AD4ED0FF,3005,3,CHECK,FALSE,SYNTHETIC — integrated V2 (fixed),TRUE
3F5C31B6-0C4A-5114-9287-67B97A0FC02D,4D94D6B3-8ADD-5660-BE38-D6DF4D8B0E2D,SYN-TR-0011,6E503269-36A0-59E5-B29F-D2C65C57CAD6,SYN-MZ-00022,CE5739E6-D876-52FD-9DD4-295B70681469,912BA489-B0BE-5C3B-9612-3D57AD4ED0FF,3006,3,TRIAL_ENTRY,FALSE,SYNTHETIC — integrated V2 (fixed),TRUE
289275FD-AFDF-5DD5-A680-08210186A290,4D94D6B3-8ADD-5660-BE38-D6DF4D8B0E2D,SYN-TR-0011,895C37E3-3402-5903-BB78-18E139F002E0,SYN-MZ-CHK01,42CE60AF-7FF7-55CE-8F13-7705F3D9EF4B,912BA489-B0BE-5C3B-9612-3D57AD4ED0FF,3007,3,CHECK,FALSE,SYNTHETIC — integrated V2 (fixed),TRUE
5EC012B2-0C60-54B7-BD04-55B582CDEEFC,4D94D6B3-8ADD-5660-BE38-D6DF4D8B0E2D,SYN-TR-0011,1A9526DC-BD8E-563C-9E4A-9481E88601A5,SYN-MZ-00021,CE770141-BE6E-53B3-A99A-50E034240E11,912BA489-B0BE-5C3B-9612-3D57AD4ED0FF,3008,3,TRIAL_ENTRY,TRUE,SYNTHETIC — integrated V2 (fixed),TRUE
8574D2C8-BD88-5830-9A0E-C83E7A037BCE,83709401-664E-59FC-AE6A-2DAED8230A31,SYN-TR-0012,48766B60-7B8E-5227-9A4F-9E77EE26141C,SYN-MZ-00025,23B8F4D2-C8B1-57DD-AD2B-4A923F84A028,9076AA7B-C05F-5347-8B83-C01A2F86EC5D,1001,1,TRIAL_ENTRY,FALSE,SYNTHETIC — integrated V2 (fixed),TRUE
A2BB640A-5AAB-56E0-98D1-806B474EA284,83709401-664E-59FC-AE6A-2DAED8230A31,SYN-TR-0012,895C37E3-3402-5903-BB78-18E139F002E0,SYN-MZ-CHK01,42CE60AF-7FF7-55CE-8F13-7705F3D9EF4B,9076AA7B-C05F-5347-8B83-C01A2F86EC5D,1002,1,CHECK,FALSE,SYNTHETIC — integrated V2 (fixed),TRUE
D733E2D4-2D17-5712-B47E-E73FD583128E,83709401-664E-59FC-AE6A-2DAED8230A31,SYN-TR-0012,D41ABD3A-44E1-5B49-8488-2C6805F30B64,SYN-MZ-00023,70E99765-2410-5DBD-933B-45E79CEC9D5E,9076AA7B-C05F-5347-8B83-C01A2F86EC5D,1003,1,TRIAL_ENTRY,TRUE,SYNTHETIC — integrated V2 (fixed),TRUE
26229070-4AFD-5D0B-A30C-96B48E565F6C,83709401-664E-59FC-AE6A-2DAED8230A31,SYN-TR-0012,01BB90D3-8967-5A5C-BB61-08A07D8CD947,SYN-MZ-00026,834DE6B4-AC06-5DE8-A3C3-89C7A4422259,9076AA7B-C05F-5347-8B83-C01A2F86EC5D,1004,1,TRIAL_ENTRY,FALSE,SYNTHETIC — integrated V2 (fixed),TRUE
DE79B3A4-7D47-5A6F-B60E-5D3733992A74,83709401-664E-59FC-AE6A-2DAED8230A31,SYN-TR-0012,E568186B-E969-5A74-8996-D72CACB495FD,SYN-MZ-00024,E479EEA8-9C8F-5280-9039-EBA84FF5CF2D,9076AA7B-C05F-5347-8B83-C01A2F86EC5D,1005,1,TRIAL_ENTRY,FALSE,SYNTHETIC — integrated V2 (fixed),TRUE
1535E9D7-F2D6-5844-BCB3-B7E7CDC96DC2,83709401-664E-59FC-AE6A-2DAED8230A31,SYN-TR-0012,BCB3BCE4-83EF-5273-AD5F-98501BE8DF60,SYN-MZ-00028,3A4D047A-2FA9-5448-A3FB-25C011CFD870,9076AA7B-C05F-5347-8B83-C01A2F86EC5D,1006,1,TRIAL_ENTRY,FALSE,SYNTHETIC — integrated V2 (fixed),TRUE
83522507-08A6-50FB-99C8-F4B205984E6F,83709401-664E-59FC-AE6A-2DAED8230A31,SYN-TR-0012,03B42C84-51CA-5773-8E4C-295473835D66,SYN-MZ-CHK02,A92E98DA-E476-5795-8F0C-D596AF9E41F3,9076AA7B-C05F-5347-8B83-C01A2F86EC5D,1007,1,CHECK,FALSE,SYNTHETIC — integrated V2 (fixed),TRUE
7354541B-3969-521E-8EFF-81BA57E03A62,83709401-664E-59FC-AE6A-2DAED8230A31,SYN-TR-0012,F6CDB34F-475C-5C74-9BD0-6D017DAE3754,SYN-MZ-00027,A6BD2529-56C2-59D0-B7D9-0E137481D341,9076AA7B-C05F-5347-8B83-C01A2F86EC5D,1008,1,TRIAL_ENTRY,FALSE,SYNTHETIC — integrated V2 (fixed),TRUE
C284A784-72DE-5521-92C2-02042EB267FA,83709401-664E-59FC-AE6A-2DAED8230A31,SYN-TR-0012,E568186B-E969-5A74-8996-D72CACB495FD,SYN-MZ-00024,E479EEA8-9C8F-5280-9039-EBA84FF5CF2D,9076AA7B-C05F-5347-8B83-C01A2F86EC5D,2001,2,TRIAL_ENTRY,FALSE,SYNTHETIC — integrated V2 (fixed),TRUE
9F918599-0872-5490-9AD1-57C79C42B162,83709401-664E-59FC-AE6A-2DAED8230A31,SYN-TR-0012,895C37E3-3402-5903-BB78-18E139F002E0,SYN-MZ-CHK01,42CE60AF-7FF7-55CE-8F13-7705F3D9EF4B,9076AA7B-C05F-5347-8B83-C01A2F86EC5D,2002,2,CHECK,FALSE,SYNTHETIC — integrated V2 (fixed),TRUE
58143A01-5089-5389-A3DF-8C8EBB661AF9,83709401-664E-59FC-AE6A-2DAED8230A31,SYN-TR-0012,BCB3BCE4-83EF-5273-AD5F-98501BE8DF60,SYN-MZ-00028,3A4D047A-2FA9-5448-A3FB-25C011CFD870,9076AA7B-C05F-5347-8B83-C01A2F86EC5D,2003,2,TRIAL_ENTRY,FALSE,SYNTHETIC — integrated V2 (fixed),TRUE
E924F3B4-7A12-55FD-BA27-C0B1408BB50B,83709401-664E-59FC-AE6A-2DAED8230A31,SYN-TR-0012,F6CDB34F-475C-5C74-9BD0-6D017DAE3754,SYN-MZ-00027,A6BD2529-56C2-59D0-B7D9-0E137481D341,9076AA7B-C05F-5347-8B83-C01A2F86EC5D,2004,2,TRIAL_ENTRY,FALSE,SYNTHETIC — integrated V2 (fixed),TRUE
E92CBFF0-5683-57F4-A672-9C4593EDC43F,83709401-664E-59FC-AE6A-2DAED8230A31,SYN-TR-0012,01BB90D3-8967-5A5C-BB61-08A07D8CD947,SYN-MZ-00026,834DE6B4-AC06-5DE8-A3C3-89C7A4422259,9076AA7B-C05F-5347-8B83-C01A2F86EC5D,2005,2,TRIAL_ENTRY,FALSE,SYNTHETIC — integrated V2 (fixed),TRUE
2B89879B-873C-5FE5-BF15-C75ADFD65AE6,83709401-664E-59FC-AE6A-2DAED8230A31,SYN-TR-0012,03B42C84-51CA-5773-8E4C-295473835D66,SYN-MZ-CHK02,A92E98DA-E476-5795-8F0C-D596AF9E41F3,9076AA7B-C05F-5347-8B83-C01A2F86EC5D,2006,2,CHECK,FALSE,SYNTHETIC — integrated V2 (fixed),TRUE
DE434E14-C896-52AF-82E5-5297C058BD2C,83709401-664E-59FC-AE6A-2DAED8230A31,SYN-TR-0012,D41ABD3A-44E1-5B49-8488-2C6805F30B64,SYN-MZ-00023,70E99765-2410-5DBD-933B-45E79CEC9D5E,9076AA7B-C05F-5347-8B83-C01A2F86EC5D,2007,2,TRIAL_ENTRY,TRUE,SYNTHETIC — integrated V2 (fixed),TRUE
3AC3EAE4-4F11-511F-A654-FBB57F976831,83709401-664E-59FC-AE6A-2DAED8230A31,SYN-TR-0012,48766B60-7B8E-5227-9A4F-9E77EE26141C,SYN-MZ-00025,23B8F4D2-C8B1-57DD-AD2B-4A923F84A028,9076AA7B-C05F-5347-8B83-C01A2F86EC5D,2008,2,TRIAL_ENTRY,FALSE,SYNTHETIC — integrated V2 (fixed),TRUE
7D80A522-BD1A-5F1C-95E3-97B608223B28,83709401-664E-59FC-AE6A-2DAED8230A31,SYN-TR-0012,895C37E3-3402-5903-BB78-18E139F002E0,SYN-MZ-CHK01,42CE60AF-7FF7-55CE-8F13-7705F3D9EF4B,9076AA7B-C05F-5347-8B83-C01A2F86EC5D,3001,3,CHECK,FALSE,SYNTHETIC — integrated V2 (fixed),TRUE
A8A5C701-AAC5-5758-ABF9-D3EF59986AE2,83709401-664E-59FC-AE6A-2DAED8230A31,SYN-TR-0012,03B42C84-51CA-5773-8E4C-295473835D66,SYN-MZ-CHK02,A92E98DA-E476-5795-8F0C-D596AF9E41F3,9076AA7B-C05F-5347-8B83-C01A2F86EC5D,3002,3,CHECK,FALSE,SYNTHETIC — integrated V2 (fixed),TRUE
60372BD3-8628-5A4E-BAD5-5D160AD2D171,83709401-664E-59FC-AE6A-2DAED8230A31,SYN-TR-0012,D41ABD3A-44E1-5B49-8488-2C6805F30B64,SYN-MZ-00023,70E99765-2410-5DBD-933B-45E79CEC9D5E,9076AA7B-C05F-5347-8B83-C01A2F86EC5D,3003,3,TRIAL_ENTRY,TRUE,SYNTHETIC — integrated V2 (fixed),TRUE
C5FFBC8D-1C06-5E2C-A285-A86186CA45CD,83709401-664E-59FC-AE6A-2DAED8230A31,SYN-TR-0012,BCB3BCE4-83EF-5273-AD5F-98501BE8DF60,SYN-MZ-00028,3A4D047A-2FA9-5448-A3FB-25C011CFD870,9076AA7B-C05F-5347-8B83-C01A2F86EC5D,3004,3,TRIAL_ENTRY,FALSE,SYNTHETIC — integrated V2 (fixed),TRUE
8FF7CA48-EFA8-53E2-BCA2-8A8BC8ED2196,83709401-664E-59FC-AE6A-2DAED8230A31,SYN-TR-0012,48766B60-7B8E-5227-9A4F-9E77EE26141C,SYN-MZ-00025,23B8F4D2-C8B1-57DD-AD2B-4A923F84A028,9076AA7B-C05F-5347-8B83-C01A2F86EC5D,3005,3,TRIAL_ENTRY,FALSE,SYNTHETIC — integrated V2 (fixed),TRUE
82C4E02F-CC77-591E-BB69-AAF46450B8E4,83709401-664E-59FC-AE6A-2DAED8230A31,SYN-TR-0012,F6CDB34F-475C-5C74-9BD0-6D017DAE3754,SYN-MZ-00027,A6BD2529-56C2-59D0-B7D9-0E137481D341,9076AA7B-C05F-5347-8B83-C01A2F86EC5D,3006,3,TRIAL_ENTRY,FALSE,SYNTHETIC — integrated V2 (fixed),TRUE
966ADB3E-2701-57A3-9579-DE6C2FD93DFE,83709401-664E-59FC-AE6A-2DAED8230A31,SYN-TR-0012,01BB90D3-8967-5A5C-BB61-08A07D8CD947,SYN-MZ-00026,834DE6B4-AC06-5DE8-A3C3-89C7A4422259,9076AA7B-C05F-5347-8B83-C01A2F86EC5D,3007,3,TRIAL_ENTRY,FALSE,SYNTHETIC — integrated V2 (fixed),TRUE
94E67E6A-3B99-520E-8246-CD7386DFB9F5,83709401-664E-59FC-AE6A-2DAED8230A31,SYN-TR-0012,E568186B-E969-5A74-8996-D72CACB495FD,SYN-MZ-00024,E479EEA8-9C8F-5280-9039-EBA84FF5CF2D,9076AA7B-C05F-5347-8B83-C01A2F86EC5D,3008,3,TRIAL_ENTRY,FALSE,SYNTHETIC — integrated V2 (fixed),TRUE
4F381654-C186-580E-A25E-E9CBB20D019A,247D8AA7-2C55-5808-9AA9-82AE4CE7FCCB,SYN-TR-0013,48766B60-7B8E-5227-9A4F-9E77EE26141C,SYN-MZ-00025,23B8F4D2-C8B1-57DD-AD2B-4A923F84A028,FA6BB8BE-5882-52CC-8AC1-B7401C3810E5,1001,1,TRIAL_ENTRY,TRUE,SYNTHETIC — integrated V2 (fixed),TRUE
7F8DB32E-4CA5-5483-BE76-1765114DE308,247D8AA7-2C55-5808-9AA9-82AE4CE7FCCB,SYN-TR-0013,01BB90D3-8967-5A5C-BB61-08A07D8CD947,SYN-MZ-00026,834DE6B4-AC06-5DE8-A3C3-89C7A4422259,FA6BB8BE-5882-52CC-8AC1-B7401C3810E5,1002,1,TRIAL_ENTRY,FALSE,SYNTHETIC — integrated V2 (fixed),TRUE
DCFB975E-726E-5EEE-AB99-A1003550C178,247D8AA7-2C55-5808-9AA9-82AE4CE7FCCB,SYN-TR-0013,151CE54D-EAED-5C4E-AB65-6E225058176E,SYN-MZ-00029,78F02D8A-5910-5468-B137-A898F1AB7547,FA6BB8BE-5882-52CC-8AC1-B7401C3810E5,1003,1,TRIAL_ENTRY,FALSE,SYNTHETIC — integrated V2 (fixed),TRUE
1A9BD406-5E94-572B-A7B2-7AE533E6E14C,247D8AA7-2C55-5808-9AA9-82AE4CE7FCCB,SYN-TR-0013,895C37E3-3402-5903-BB78-18E139F002E0,SYN-MZ-CHK01,42CE60AF-7FF7-55CE-8F13-7705F3D9EF4B,FA6BB8BE-5882-52CC-8AC1-B7401C3810E5,1004,1,CHECK,FALSE,SYNTHETIC — integrated V2 (fixed),TRUE
E8B41085-87A0-53A7-907A-06DFA292E1C8,247D8AA7-2C55-5808-9AA9-82AE4CE7FCCB,SYN-TR-0013,3DFD73B3-FBE4-5BE2-878B-AEB993A47967,SYN-MZ-00030,9B3D6411-42B0-5A34-B792-16C8F5DBAA18,FA6BB8BE-5882-52CC-8AC1-B7401C3810E5,1005,1,TRIAL_ENTRY,FALSE,SYNTHETIC — integrated V2 (fixed),TRUE
9948D7DD-9109-5A25-A9DC-47A672C9659F,247D8AA7-2C55-5808-9AA9-82AE4CE7FCCB,SYN-TR-0013,F6CDB34F-475C-5C74-9BD0-6D017DAE3754,SYN-MZ-00027,A6BD2529-56C2-59D0-B7D9-0E137481D341,FA6BB8BE-5882-52CC-8AC1-B7401C3810E5,1006,1,TRIAL_ENTRY,FALSE,SYNTHETIC — integrated V2 (fixed),TRUE
09F8F917-B2BA-5909-93F9-7A4F2A40C192,247D8AA7-2C55-5808-9AA9-82AE4CE7FCCB,SYN-TR-0013,03B42C84-51CA-5773-8E4C-295473835D66,SYN-MZ-CHK02,A92E98DA-E476-5795-8F0C-D596AF9E41F3,FA6BB8BE-5882-52CC-8AC1-B7401C3810E5,1007,1,CHECK,FALSE,SYNTHETIC — integrated V2 (fixed),TRUE
10740FCC-DB5E-534A-AEC9-A4E0297E1BFF,247D8AA7-2C55-5808-9AA9-82AE4CE7FCCB,SYN-TR-0013,BCB3BCE4-83EF-5273-AD5F-98501BE8DF60,SYN-MZ-00028,3A4D047A-2FA9-5448-A3FB-25C011CFD870,FA6BB8BE-5882-52CC-8AC1-B7401C3810E5,1008,1,TRIAL_ENTRY,FALSE,SYNTHETIC — integrated V2 (fixed),TRUE
ACF7B086-A902-5B1C-8171-78B79FE9F6AF,247D8AA7-2C55-5808-9AA9-82AE4CE7FCCB,SYN-TR-0013,03B42C84-51CA-5773-8E4C-295473835D66,SYN-MZ-CHK02,A92E98DA-E476-5795-8F0C-D596AF9E41F3,FA6BB8BE-5882-52CC-8AC1-B7401C3810E5,2001,2,CHECK,FALSE,SYNTHETIC — integrated V2 (fixed),TRUE
D588450E-5594-526E-9FF0-445EF36D7B72,247D8AA7-2C55-5808-9AA9-82AE4CE7FCCB,SYN-TR-0013,895C37E3-3402-5903-BB78-18E139F002E0,SYN-MZ-CHK01,42CE60AF-7FF7-55CE-8F13-7705F3D9EF4B,FA6BB8BE-5882-52CC-8AC1-B7401C3810E5,2002,2,CHECK,FALSE,SYNTHETIC — integrated V2 (fixed),TRUE
F044AD0B-4CB8-5603-92BE-9E5E61639169,247D8AA7-2C55-5808-9AA9-82AE4CE7FCCB,SYN-TR-0013,151CE54D-EAED-5C4E-AB65-6E225058176E,SYN-MZ-00029,78F02D8A-5910-5468-B137-A898F1AB7547,FA6BB8BE-5882-52CC-8AC1-B7401C3810E5,2003,2,TRIAL_ENTRY,FALSE,SYNTHETIC — integrated V2 (fixed),TRUE
0DE72938-8FDD-52F0-89EC-B18DC48664B4,247D8AA7-2C55-5808-9AA9-82AE4CE7FCCB,SYN-TR-0013,3DFD73B3-FBE4-5BE2-878B-AEB993A47967,SYN-MZ-00030,9B3D6411-42B0-5A34-B792-16C8F5DBAA18,FA6BB8BE-5882-52CC-8AC1-B7401C3810E5,2004,2,TRIAL_ENTRY,FALSE,SYNTHETIC — integrated V2 (fixed),TRUE
712F53D7-6C9B-5411-88B9-B66827AA9FF0,247D8AA7-2C55-5808-9AA9-82AE4CE7FCCB,SYN-TR-0013,48766B60-7B8E-5227-9A4F-9E77EE26141C,SYN-MZ-00025,23B8F4D2-C8B1-57DD-AD2B-4A923F84A028,FA6BB8BE-5882-52CC-8AC1-B7401C3810E5,2005,2,TRIAL_ENTRY,TRUE,SYNTHETIC — integrated V2 (fixed),TRUE
DC6621D7-17A9-583A-AD44-2D1F3D414966,247D8AA7-2C55-5808-9AA9-82AE4CE7FCCB,SYN-TR-0013,F6CDB34F-475C-5C74-9BD0-6D017DAE3754,SYN-MZ-00027,A6BD2529-56C2-59D0-B7D9-0E137481D341,FA6BB8BE-5882-52CC-8AC1-B7401C3810E5,2006,2,TRIAL_ENTRY,FALSE,SYNTHETIC — integrated V2 (fixed),TRUE
5F49754D-1CA1-51A5-9509-087E69936FE9,247D8AA7-2C55-5808-9AA9-82AE4CE7FCCB,SYN-TR-0013,01BB90D3-8967-5A5C-BB61-08A07D8CD947,SYN-MZ-00026,834DE6B4-AC06-5DE8-A3C3-89C7A4422259,FA6BB8BE-5882-52CC-8AC1-B7401C3810E5,2007,2,TRIAL_ENTRY,FALSE,SYNTHETIC — integrated V2 (fixed),TRUE
8D098336-B525-5E1F-8F4D-FC7DA00D37F2,247D8AA7-2C55-5808-9AA9-82AE4CE7FCCB,SYN-TR-0013,BCB3BCE4-83EF-5273-AD5F-98501BE8DF60,SYN-MZ-00028,3A4D047A-2FA9-5448-A3FB-25C011CFD870,FA6BB8BE-5882-52CC-8AC1-B7401C3810E5,2008,2,TRIAL_ENTRY,FALSE,SYNTHETIC — integrated V2 (fixed),TRUE
D5BE5B74-4F9C-576E-A2C1-212EFFDFD839,247D8AA7-2C55-5808-9AA9-82AE4CE7FCCB,SYN-TR-0013,48766B60-7B8E-5227-9A4F-9E77EE26141C,SYN-MZ-00025,23B8F4D2-C8B1-57DD-AD2B-4A923F84A028,FA6BB8BE-5882-52CC-8AC1-B7401C3810E5,3001,3,TRIAL_ENTRY,TRUE,SYNTHETIC — integrated V2 (fixed),TRUE
AC644E55-8555-585E-A2AB-709C7B9B5319,247D8AA7-2C55-5808-9AA9-82AE4CE7FCCB,SYN-TR-0013,3DFD73B3-FBE4-5BE2-878B-AEB993A47967,SYN-MZ-00030,9B3D6411-42B0-5A34-B792-16C8F5DBAA18,FA6BB8BE-5882-52CC-8AC1-B7401C3810E5,3002,3,TRIAL_ENTRY,FALSE,SYNTHETIC — integrated V2 (fixed),TRUE
E28C4A6C-476E-5E41-A768-3DCB5BF5A9C8,247D8AA7-2C55-5808-9AA9-82AE4CE7FCCB,SYN-TR-0013,F6CDB34F-475C-5C74-9BD0-6D017DAE3754,SYN-MZ-00027,A6BD2529-56C2-59D0-B7D9-0E137481D341,FA6BB8BE-5882-52CC-8AC1-B7401C3810E5,3003,3,TRIAL_ENTRY,FALSE,SYNTHETIC — integrated V2 (fixed),TRUE
ED1D4D6D-96BF-55A8-BEB2-5F333DE63BA9,247D8AA7-2C55-5808-9AA9-82AE4CE7FCCB,SYN-TR-0013,01BB90D3-8967-5A5C-BB61-08A07D8CD947,SYN-MZ-00026,834DE6B4-AC06-5DE8-A3C3-89C7A4422259,FA6BB8BE-5882-52CC-8AC1-B7401C3810E5,3004,3,TRIAL_ENTRY,FALSE,SYNTHETIC — integrated V2 (fixed),TRUE
306DBAED-864F-53AF-9442-F8B2304FFB71,247D8AA7-2C55-5808-9AA9-82AE4CE7FCCB,SYN-TR-0013,BCB3BCE4-83EF-5273-AD5F-98501BE8DF60,SYN-MZ-00028,3A4D047A-2FA9-5448-A3FB-25C011CFD870,FA6BB8BE-5882-52CC-8AC1-B7401C3810E5,3005,3,TRIAL_ENTRY,FALSE,SYNTHETIC — integrated V2 (fixed),TRUE
FEA29573-9B5A-51F8-8721-D09508591525,247D8AA7-2C55-5808-9AA9-82AE4CE7FCCB,SYN-TR-0013,151CE54D-EAED-5C4E-AB65-6E225058176E,SYN-MZ-00029,78F02D8A-5910-5468-B137-A898F1AB7547,FA6BB8BE-5882-52CC-8AC1-B7401C3810E5,3006,3,TRIAL_ENTRY,FALSE,SYNTHETIC — integrated V2 (fixed),TRUE
0D3030F3-E964-58FE-A934-C017DF43E7F3,247D8AA7-2C55-5808-9AA9-82AE4CE7FCCB,SYN-TR-0013,03B42C84-51CA-5773-8E4C-295473835D66,SYN-MZ-CHK02,A92E98DA-E476-5795-8F0C-D596AF9E41F3,FA6BB8BE-5882-52CC-8AC1-B7401C3810E5,3007,3,CHECK,FALSE,SYNTHETIC — integrated V2 (fixed),TRUE
F6039308-121E-5CE4-BC0E-149DEF08E7A8,247D8AA7-2C55-5808-9AA9-82AE4CE7FCCB,SYN-TR-0013,895C37E3-3402-5903-BB78-18E139F002E0,SYN-MZ-CHK01,42CE60AF-7FF7-55CE-8F13-7705F3D9EF4B,FA6BB8BE-5882-52CC-8AC1-B7401C3810E5,3008,3,CHECK,FALSE,SYNTHETIC — integrated V2 (fixed),TRUE
52334112-694D-5A26-8015-4C36AF923BED,01C560C2-0329-5C04-A0FA-B4D6DCA6C260,SYN-TR-0014,03B42C84-51CA-5773-8E4C-295473835D66,SYN-MZ-CHK02,A92E98DA-E476-5795-8F0C-D596AF9E41F3,D764AAD0-DCF4-5779-84EE-20BEDF7C5D2C,1001,1,CHECK,FALSE,SYNTHETIC — integrated V2 (fixed),TRUE
E5A7AECB-C238-57C7-92F2-C9A931AA28E2,01C560C2-0329-5C04-A0FA-B4D6DCA6C260,SYN-TR-0014,02C72F35-6DF2-535C-B881-73EEA4BDEF64,SYN-MZ-00032,75AC383E-C5B8-50A2-934A-27BBE285B45A,D764AAD0-DCF4-5779-84EE-20BEDF7C5D2C,1002,1,TRIAL_ENTRY,FALSE,SYNTHETIC — integrated V2 (fixed),TRUE
2902DC1E-C346-55DE-969D-BB6054439FFE,01C560C2-0329-5C04-A0FA-B4D6DCA6C260,SYN-TR-0014,151CE54D-EAED-5C4E-AB65-6E225058176E,SYN-MZ-00029,78F02D8A-5910-5468-B137-A898F1AB7547,D764AAD0-DCF4-5779-84EE-20BEDF7C5D2C,1003,1,TRIAL_ENTRY,FALSE,SYNTHETIC — integrated V2 (fixed),TRUE
8BCE14F0-3289-5D86-8565-77FDD44EB2CB,01C560C2-0329-5C04-A0FA-B4D6DCA6C260,SYN-TR-0014,D452B305-237F-578C-8664-5FBE4C1C73B1,SYN-MZ-00031,52EE75D0-C248-5802-8A82-DE6B4266BA03,D764AAD0-DCF4-5779-84EE-20BEDF7C5D2C,1004,1,TRIAL_ENTRY,FALSE,SYNTHETIC — integrated V2 (fixed),TRUE
BFE3AAB1-F494-5E51-95CC-E4B58B7B6C16,01C560C2-0329-5C04-A0FA-B4D6DCA6C260,SYN-TR-0014,BCB3BCE4-83EF-5273-AD5F-98501BE8DF60,SYN-MZ-00028,3A4D047A-2FA9-5448-A3FB-25C011CFD870,D764AAD0-DCF4-5779-84EE-20BEDF7C5D2C,1005,1,TRIAL_ENTRY,FALSE,SYNTHETIC — integrated V2 (fixed),TRUE
6649C9CB-922C-5576-BF00-8B4737701612,01C560C2-0329-5C04-A0FA-B4D6DCA6C260,SYN-TR-0014,895C37E3-3402-5903-BB78-18E139F002E0,SYN-MZ-CHK01,42CE60AF-7FF7-55CE-8F13-7705F3D9EF4B,D764AAD0-DCF4-5779-84EE-20BEDF7C5D2C,1006,1,CHECK,FALSE,SYNTHETIC — integrated V2 (fixed),TRUE
50676F24-B61F-549A-9EDE-76A0E74C8CD1,01C560C2-0329-5C04-A0FA-B4D6DCA6C260,SYN-TR-0014,3DFD73B3-FBE4-5BE2-878B-AEB993A47967,SYN-MZ-00030,9B3D6411-42B0-5A34-B792-16C8F5DBAA18,D764AAD0-DCF4-5779-84EE-20BEDF7C5D2C,1007,1,TRIAL_ENTRY,FALSE,SYNTHETIC — integrated V2 (fixed),TRUE
B36EC61B-6AA1-521D-9F0E-0E175317DA11,01C560C2-0329-5C04-A0FA-B4D6DCA6C260,SYN-TR-0014,F6CDB34F-475C-5C74-9BD0-6D017DAE3754,SYN-MZ-00027,A6BD2529-56C2-59D0-B7D9-0E137481D341,D764AAD0-DCF4-5779-84EE-20BEDF7C5D2C,1008,1,TRIAL_ENTRY,TRUE,SYNTHETIC — integrated V2 (fixed),TRUE
74220349-8512-5D55-8E12-5B6E7045BB0A,01C560C2-0329-5C04-A0FA-B4D6DCA6C260,SYN-TR-0014,F6CDB34F-475C-5C74-9BD0-6D017DAE3754,SYN-MZ-00027,A6BD2529-56C2-59D0-B7D9-0E137481D341,D764AAD0-DCF4-5779-84EE-20BEDF7C5D2C,2001,2,TRIAL_ENTRY,TRUE,SYNTHETIC — integrated V2 (fixed),TRUE
8D42D923-8F4C-5291-BC1D-15D4ED33B23A,01C560C2-0329-5C04-A0FA-B4D6DCA6C260,SYN-TR-0014,151CE54D-EAED-5C4E-AB65-6E225058176E,SYN-MZ-00029,78F02D8A-5910-5468-B137-A898F1AB7547,D764AAD0-DCF4-5779-84EE-20BEDF7C5D2C,2002,2,TRIAL_ENTRY,FALSE,SYNTHETIC — integrated V2 (fixed),TRUE
5B48FED7-5A5F-5975-B1EA-271F9B71DAC0,01C560C2-0329-5C04-A0FA-B4D6DCA6C260,SYN-TR-0014,D452B305-237F-578C-8664-5FBE4C1C73B1,SYN-MZ-00031,52EE75D0-C248-5802-8A82-DE6B4266BA03,D764AAD0-DCF4-5779-84EE-20BEDF7C5D2C,2003,2,TRIAL_ENTRY,FALSE,SYNTHETIC — integrated V2 (fixed),TRUE
F985521A-121A-5DEC-BC99-1BECE919A3B5,01C560C2-0329-5C04-A0FA-B4D6DCA6C260,SYN-TR-0014,3DFD73B3-FBE4-5BE2-878B-AEB993A47967,SYN-MZ-00030,9B3D6411-42B0-5A34-B792-16C8F5DBAA18,D764AAD0-DCF4-5779-84EE-20BEDF7C5D2C,2004,2,TRIAL_ENTRY,FALSE,SYNTHETIC — integrated V2 (fixed),TRUE
4B88414A-3AC7-585C-B525-9159032FFCAA,01C560C2-0329-5C04-A0FA-B4D6DCA6C260,SYN-TR-0014,895C37E3-3402-5903-BB78-18E139F002E0,SYN-MZ-CHK01,42CE60AF-7FF7-55CE-8F13-7705F3D9EF4B,D764AAD0-DCF4-5779-84EE-20BEDF7C5D2C,2005,2,CHECK,FALSE,SYNTHETIC — integrated V2 (fixed),TRUE
D03AD70F-BC07-5F61-8EEF-C595A7F53694,01C560C2-0329-5C04-A0FA-B4D6DCA6C260,SYN-TR-0014,BCB3BCE4-83EF-5273-AD5F-98501BE8DF60,SYN-MZ-00028,3A4D047A-2FA9-5448-A3FB-25C011CFD870,D764AAD0-DCF4-5779-84EE-20BEDF7C5D2C,2006,2,TRIAL_ENTRY,FALSE,SYNTHETIC — integrated V2 (fixed),TRUE
3D1CF6AE-5414-5621-97DD-C52BF43D41B4,01C560C2-0329-5C04-A0FA-B4D6DCA6C260,SYN-TR-0014,02C72F35-6DF2-535C-B881-73EEA4BDEF64,SYN-MZ-00032,75AC383E-C5B8-50A2-934A-27BBE285B45A,D764AAD0-DCF4-5779-84EE-20BEDF7C5D2C,2007,2,TRIAL_ENTRY,FALSE,SYNTHETIC — integrated V2 (fixed),TRUE
9439043E-699A-570C-B28A-F6319D5AA719,01C560C2-0329-5C04-A0FA-B4D6DCA6C260,SYN-TR-0014,03B42C84-51CA-5773-8E4C-295473835D66,SYN-MZ-CHK02,A92E98DA-E476-5795-8F0C-D596AF9E41F3,D764AAD0-DCF4-5779-84EE-20BEDF7C5D2C,2008,2,CHECK,FALSE,SYNTHETIC — integrated V2 (fixed),TRUE
4AAD2595-0BD9-5B99-8A2B-ABBF3A9D30F9,01C560C2-0329-5C04-A0FA-B4D6DCA6C260,SYN-TR-0014,F6CDB34F-475C-5C74-9BD0-6D017DAE3754,SYN-MZ-00027,A6BD2529-56C2-59D0-B7D9-0E137481D341,D764AAD0-DCF4-5779-84EE-20BEDF7C5D2C,3001,3,TRIAL_ENTRY,TRUE,SYNTHETIC — integrated V2 (fixed),TRUE
4A72E955-549E-5234-98BD-F6D9900230C3,01C560C2-0329-5C04-A0FA-B4D6DCA6C260,SYN-TR-0014,BCB3BCE4-83EF-5273-AD5F-98501BE8DF60,SYN-MZ-00028,3A4D047A-2FA9-5448-A3FB-25C011CFD870,D764AAD0-DCF4-5779-84EE-20BEDF7C5D2C,3002,3,TRIAL_ENTRY,FALSE,SYNTHETIC — integrated V2 (fixed),TRUE
B0156233-6BEB-57D1-80A1-E37B60B9CE04,01C560C2-0329-5C04-A0FA-B4D6DCA6C260,SYN-TR-0014,895C37E3-3402-5903-BB78-18E139F002E0,SYN-MZ-CHK01,42CE60AF-7FF7-55CE-8F13-7705F3D9EF4B,D764AAD0-DCF4-5779-84EE-20BEDF7C5D2C,3003,3,CHECK,FALSE,SYNTHETIC — integrated V2 (fixed),TRUE
ED14167C-C5A4-55A4-87D2-2532CF43B7D4,01C560C2-0329-5C04-A0FA-B4D6DCA6C260,SYN-TR-0014,03B42C84-51CA-5773-8E4C-295473835D66,SYN-MZ-CHK02,A92E98DA-E476-5795-8F0C-D596AF9E41F3,D764AAD0-DCF4-5779-84EE-20BEDF7C5D2C,3004,3,CHECK,FALSE,SYNTHETIC — integrated V2 (fixed),TRUE
4B8A9A64-22CE-50B0-A44B-152A69DE34FA,01C560C2-0329-5C04-A0FA-B4D6DCA6C260,SYN-TR-0014,D452B305-237F-578C-8664-5FBE4C1C73B1,SYN-MZ-00031,52EE75D0-C248-5802-8A82-DE6B4266BA03,D764AAD0-DCF4-5779-84EE-20BEDF7C5D2C,3005,3,TRIAL_ENTRY,FALSE,SYNTHETIC — integrated V2 (fixed),TRUE
E3C183FE-6960-523B-8261-CE02A9DE6ECD,01C560C2-0329-5C04-A0FA-B4D6DCA6C260,SYN-TR-0014,151CE54D-EAED-5C4E-AB65-6E225058176E,SYN-MZ-00029,78F02D8A-5910-5468-B137-A898F1AB7547,D764AAD0-DCF4-5779-84EE-20BEDF7C5D2C,3006,3,TRIAL_ENTRY,FALSE,SYNTHETIC — integrated V2 (fixed),TRUE
9E06817F-2C9A-5991-A63B-A267AD8A0018,01C560C2-0329-5C04-A0FA-B4D6DCA6C260,SYN-TR-0014,02C72F35-6DF2-535C-B881-73EEA4BDEF64,SYN-MZ-00032,75AC383E-C5B8-50A2-934A-27BBE285B45A,D764AAD0-DCF4-5779-84EE-20BEDF7C5D2C,3007,3,TRIAL_ENTRY,FALSE,SYNTHETIC — integrated V2 (fixed),TRUE
D1B00BDA-4E9D-566D-B99A-DC43C6690151,01C560C2-0329-5C04-A0FA-B4D6DCA6C260,SYN-TR-0014,3DFD73B3-FBE4-5BE2-878B-AEB993A47967,SYN-MZ-00030,9B3D6411-42B0-5A34-B792-16C8F5DBAA18,D764AAD0-DCF4-5779-84EE-20BEDF7C5D2C,3008,3,TRIAL_ENTRY,FALSE,SYNTHETIC — integrated V2 (fixed),TRUE
69700F2C-37AD-5312-BB20-252638225AE0,24C6ACF1-7E67-5963-AE39-DB2CEFEF52D6,SYN-TR-0015,895C37E3-3402-5903-BB78-18E139F002E0,SYN-MZ-CHK01,42CE60AF-7FF7-55CE-8F13-7705F3D9EF4B,6EE5A930-AD2A-59C4-903E-E918D859CB71,1001,1,CHECK,FALSE,SYNTHETIC — integrated V2 (fixed),TRUE
7929737B-3E62-5D7A-BFDF-181C48E90903,24C6ACF1-7E67-5963-AE39-DB2CEFEF52D6,SYN-TR-0015,151CE54D-EAED-5C4E-AB65-6E225058176E,SYN-MZ-00029,78F02D8A-5910-5468-B137-A898F1AB7547,6EE5A930-AD2A-59C4-903E-E918D859CB71,1002,1,TRIAL_ENTRY,TRUE,SYNTHETIC — integrated V2 (fixed),TRUE
06A4C120-CD86-530A-80A9-0A74EFD5A6E5,24C6ACF1-7E67-5963-AE39-DB2CEFEF52D6,SYN-TR-0015,3DFD73B3-FBE4-5BE2-878B-AEB993A47967,SYN-MZ-00030,9B3D6411-42B0-5A34-B792-16C8F5DBAA18,6EE5A930-AD2A-59C4-903E-E918D859CB71,1003,1,TRIAL_ENTRY,FALSE,SYNTHETIC — integrated V2 (fixed),TRUE
79805455-B002-5AE8-89B7-CAFA47207CFB,24C6ACF1-7E67-5963-AE39-DB2CEFEF52D6,SYN-TR-0015,02C72F35-6DF2-535C-B881-73EEA4BDEF64,SYN-MZ-00032,75AC383E-C5B8-50A2-934A-27BBE285B45A,6EE5A930-AD2A-59C4-903E-E918D859CB71,1004,1,TRIAL_ENTRY,FALSE,SYNTHETIC — integrated V2 (fixed),TRUE
B1B60E0A-3577-50A1-8645-A483C8DA5900,24C6ACF1-7E67-5963-AE39-DB2CEFEF52D6,SYN-TR-0015,03B42C84-51CA-5773-8E4C-295473835D66,SYN-MZ-CHK02,A92E98DA-E476-5795-8F0C-D596AF9E41F3,6EE5A930-AD2A-59C4-903E-E918D859CB71,1005,1,CHECK,FALSE,SYNTHETIC — integrated V2 (fixed),TRUE
04F2A07A-2A77-514E-8A1F-8D8C249A38D2,24C6ACF1-7E67-5963-AE39-DB2CEFEF52D6,SYN-TR-0015,6BC3F466-8A3A-514B-95C5-ED43F221577D,SYN-MZ-00034,83A22830-F15B-5AA7-8E7D-86B06D76B729,6EE5A930-AD2A-59C4-903E-E918D859CB71,1006,1,TRIAL_ENTRY,FALSE,SYNTHETIC — integrated V2 (fixed),TRUE
F8ACFB00-710A-55BF-85CE-F7B074AE582C,24C6ACF1-7E67-5963-AE39-DB2CEFEF52D6,SYN-TR-0015,D452B305-237F-578C-8664-5FBE4C1C73B1,SYN-MZ-00031,52EE75D0-C248-5802-8A82-DE6B4266BA03,6EE5A930-AD2A-59C4-903E-E918D859CB71,1007,1,TRIAL_ENTRY,FALSE,SYNTHETIC — integrated V2 (fixed),TRUE
4B63AD49-C796-5EFF-B774-BAB0CB8AD29A,24C6ACF1-7E67-5963-AE39-DB2CEFEF52D6,SYN-TR-0015,CDAC1DFC-07F5-5AAA-ACF7-174A83106211,SYN-MZ-00033,4C4F914D-CE84-5281-AE4E-74304DB5BDA3,6EE5A930-AD2A-59C4-903E-E918D859CB71,1008,1,TRIAL_ENTRY,FALSE,SYNTHETIC — integrated V2 (fixed),TRUE
03A82E52-5D8E-589D-A410-0E3760AB944D,24C6ACF1-7E67-5963-AE39-DB2CEFEF52D6,SYN-TR-0015,895C37E3-3402-5903-BB78-18E139F002E0,SYN-MZ-CHK01,42CE60AF-7FF7-55CE-8F13-7705F3D9EF4B,6EE5A930-AD2A-59C4-903E-E918D859CB71,2001,2,CHECK,FALSE,SYNTHETIC — integrated V2 (fixed),TRUE
0D41B952-8F82-5BFF-8C54-C9DA5E573D2E,24C6ACF1-7E67-5963-AE39-DB2CEFEF52D6,SYN-TR-0015,CDAC1DFC-07F5-5AAA-ACF7-174A83106211,SYN-MZ-00033,4C4F914D-CE84-5281-AE4E-74304DB5BDA3,6EE5A930-AD2A-59C4-903E-E918D859CB71,2002,2,TRIAL_ENTRY,FALSE,SYNTHETIC — integrated V2 (fixed),TRUE
C54F3ACA-40C2-5269-8702-AECC1359010B,24C6ACF1-7E67-5963-AE39-DB2CEFEF52D6,SYN-TR-0015,151CE54D-EAED-5C4E-AB65-6E225058176E,SYN-MZ-00029,78F02D8A-5910-5468-B137-A898F1AB7547,6EE5A930-AD2A-59C4-903E-E918D859CB71,2003,2,TRIAL_ENTRY,TRUE,SYNTHETIC — integrated V2 (fixed),TRUE
1299CFDF-07DD-5A18-A243-346749E368D5,24C6ACF1-7E67-5963-AE39-DB2CEFEF52D6,SYN-TR-0015,3DFD73B3-FBE4-5BE2-878B-AEB993A47967,SYN-MZ-00030,9B3D6411-42B0-5A34-B792-16C8F5DBAA18,6EE5A930-AD2A-59C4-903E-E918D859CB71,2004,2,TRIAL_ENTRY,FALSE,SYNTHETIC — integrated V2 (fixed),TRUE
34BFBE5B-1266-5114-AFA8-F4D5AF36528F,24C6ACF1-7E67-5963-AE39-DB2CEFEF52D6,SYN-TR-0015,D452B305-237F-578C-8664-5FBE4C1C73B1,SYN-MZ-00031,52EE75D0-C248-5802-8A82-DE6B4266BA03,6EE5A930-AD2A-59C4-903E-E918D859CB71,2005,2,TRIAL_ENTRY,FALSE,SYNTHETIC — integrated V2 (fixed),TRUE
3A221116-EF33-53AF-9BC3-BC16C57000BF,24C6ACF1-7E67-5963-AE39-DB2CEFEF52D6,SYN-TR-0015,6BC3F466-8A3A-514B-95C5-ED43F221577D,SYN-MZ-00034,83A22830-F15B-5AA7-8E7D-86B06D76B729,6EE5A930-AD2A-59C4-903E-E918D859CB71,2006,2,TRIAL_ENTRY,FALSE,SYNTHETIC — integrated V2 (fixed),TRUE
60A5FAEC-2F3A-5C12-B395-5C215420E534,24C6ACF1-7E67-5963-AE39-DB2CEFEF52D6,SYN-TR-0015,03B42C84-51CA-5773-8E4C-295473835D66,SYN-MZ-CHK02,A92E98DA-E476-5795-8F0C-D596AF9E41F3,6EE5A930-AD2A-59C4-903E-E918D859CB71,2007,2,CHECK,FALSE,SYNTHETIC — integrated V2 (fixed),TRUE
DA962EAD-A7FD-54C0-B6A9-D31A9AD67831,24C6ACF1-7E67-5963-AE39-DB2CEFEF52D6,SYN-TR-0015,02C72F35-6DF2-535C-B881-73EEA4BDEF64,SYN-MZ-00032,75AC383E-C5B8-50A2-934A-27BBE285B45A,6EE5A930-AD2A-59C4-903E-E918D859CB71,2008,2,TRIAL_ENTRY,FALSE,SYNTHETIC — integrated V2 (fixed),TRUE
D71B1460-3676-504B-B33A-9E352418DA10,24C6ACF1-7E67-5963-AE39-DB2CEFEF52D6,SYN-TR-0015,151CE54D-EAED-5C4E-AB65-6E225058176E,SYN-MZ-00029,78F02D8A-5910-5468-B137-A898F1AB7547,6EE5A930-AD2A-59C4-903E-E918D859CB71,3001,3,TRIAL_ENTRY,TRUE,SYNTHETIC — integrated V2 (fixed),TRUE
775D1F11-5B4E-5765-860B-ACB40B02A37E,24C6ACF1-7E67-5963-AE39-DB2CEFEF52D6,SYN-TR-0015,02C72F35-6DF2-535C-B881-73EEA4BDEF64,SYN-MZ-00032,75AC383E-C5B8-50A2-934A-27BBE285B45A,6EE5A930-AD2A-59C4-903E-E918D859CB71,3002,3,TRIAL_ENTRY,FALSE,SYNTHETIC — integrated V2 (fixed),TRUE
C60BAFF3-AF59-59BB-A4A5-B6A164E3C821,24C6ACF1-7E67-5963-AE39-DB2CEFEF52D6,SYN-TR-0015,3DFD73B3-FBE4-5BE2-878B-AEB993A47967,SYN-MZ-00030,9B3D6411-42B0-5A34-B792-16C8F5DBAA18,6EE5A930-AD2A-59C4-903E-E918D859CB71,3003,3,TRIAL_ENTRY,FALSE,SYNTHETIC — integrated V2 (fixed),TRUE
E1BD0135-1627-5371-9AB3-C28400CE3207,24C6ACF1-7E67-5963-AE39-DB2CEFEF52D6,SYN-TR-0015,6BC3F466-8A3A-514B-95C5-ED43F221577D,SYN-MZ-00034,83A22830-F15B-5AA7-8E7D-86B06D76B729,6EE5A930-AD2A-59C4-903E-E918D859CB71,3004,3,TRIAL_ENTRY,FALSE,SYNTHETIC — integrated V2 (fixed),TRUE
60739159-2FB7-50AB-B1A5-D70F7166526D,24C6ACF1-7E67-5963-AE39-DB2CEFEF52D6,SYN-TR-0015,895C37E3-3402-5903-BB78-18E139F002E0,SYN-MZ-CHK01,42CE60AF-7FF7-55CE-8F13-7705F3D9EF4B,6EE5A930-AD2A-59C4-903E-E918D859CB71,3005,3,CHECK,FALSE,SYNTHETIC — integrated V2 (fixed),TRUE
72E60057-7028-5ECF-AC94-72793E1F1761,24C6ACF1-7E67-5963-AE39-DB2CEFEF52D6,SYN-TR-0015,03B42C84-51CA-5773-8E4C-295473835D66,SYN-MZ-CHK02,A92E98DA-E476-5795-8F0C-D596AF9E41F3,6EE5A930-AD2A-59C4-903E-E918D859CB71,3006,3,CHECK,FALSE,SYNTHETIC — integrated V2 (fixed),TRUE
9E18CCE8-1948-5FB5-B31C-5054E457EB44,24C6ACF1-7E67-5963-AE39-DB2CEFEF52D6,SYN-TR-0015,CDAC1DFC-07F5-5AAA-ACF7-174A83106211,SYN-MZ-00033,4C4F914D-CE84-5281-AE4E-74304DB5BDA3,6EE5A930-AD2A-59C4-903E-E918D859CB71,3007,3,TRIAL_ENTRY,FALSE,SYNTHETIC — integrated V2 (fixed),TRUE
A7EA71F5-E0BD-59DF-8C42-976275C161C5,24C6ACF1-7E67-5963-AE39-DB2CEFEF52D6,SYN-TR-0015,D452B305-237F-578C-8664-5FBE4C1C73B1,SYN-MZ-00031,52EE75D0-C248-5802-8A82-DE6B4266BA03,6EE5A930-AD2A-59C4-903E-E918D859CB71,3008,3,TRIAL_ENTRY,FALSE,SYNTHETIC — integrated V2 (fixed),TRUE
EA104F25-8D31-5126-9359-32BAF149F465,090BC3CE-14F6-5582-BBCF-3A6D0E57F2DC,SYN-TR-0016,6BC3F466-8A3A-514B-95C5-ED43F221577D,SYN-MZ-00034,83A22830-F15B-5AA7-8E7D-86B06D76B729,F6AEB69F-4AD4-5A03-BE25-A1C0635430C3,1001,1,TRIAL_ENTRY,FALSE,SYNTHETIC — integrated V2 (fixed),TRUE
8B874F29-38A7-5F96-9F0D-6E092ED52D00,090BC3CE-14F6-5582-BBCF-3A6D0E57F2DC,SYN-TR-0016,D452B305-237F-578C-8664-5FBE4C1C73B1,SYN-MZ-00031,52EE75D0-C248-5802-8A82-DE6B4266BA03,F6AEB69F-4AD4-5A03-BE25-A1C0635430C3,1002,1,TRIAL_ENTRY,TRUE,SYNTHETIC — integrated V2 (fixed),TRUE
6EAE7DF5-76F7-5BF3-97CC-1D0682F4DFD6,090BC3CE-14F6-5582-BBCF-3A6D0E57F2DC,SYN-TR-0016,03B42C84-51CA-5773-8E4C-295473835D66,SYN-MZ-CHK02,A92E98DA-E476-5795-8F0C-D596AF9E41F3,F6AEB69F-4AD4-5A03-BE25-A1C0635430C3,1003,1,CHECK,FALSE,SYNTHETIC — integrated V2 (fixed),TRUE
5DA62392-66F5-54D8-BA58-855C934F7FB1,090BC3CE-14F6-5582-BBCF-3A6D0E57F2DC,SYN-TR-0016,895C37E3-3402-5903-BB78-18E139F002E0,SYN-MZ-CHK01,42CE60AF-7FF7-55CE-8F13-7705F3D9EF4B,F6AEB69F-4AD4-5A03-BE25-A1C0635430C3,1004,1,CHECK,FALSE,SYNTHETIC — integrated V2 (fixed),TRUE
5FDA70F2-E4B0-55C3-9432-E3D23A8CD077,090BC3CE-14F6-5582-BBCF-3A6D0E57F2DC,SYN-TR-0016,CDAC1DFC-07F5-5AAA-ACF7-174A83106211,SYN-MZ-00033,4C4F914D-CE84-5281-AE4E-74304DB5BDA3,F6AEB69F-4AD4-5A03-BE25-A1C0635430C3,1005,1,TRIAL_ENTRY,FALSE,SYNTHETIC — integrated V2 (fixed),TRUE
06EF7FCB-245E-5599-9FE9-A23BE33A52FA,090BC3CE-14F6-5582-BBCF-3A6D0E57F2DC,SYN-TR-0016,CA7C91FE-A31E-543B-BE95-6F3A9B18244F,SYN-MZ-00035,8BF395EB-E853-596C-A9B3-128ADB35609B,F6AEB69F-4AD4-5A03-BE25-A1C0635430C3,1006,1,TRIAL_ENTRY,FALSE,SYNTHETIC — integrated V2 (fixed),TRUE
C0CBC38D-BB17-555B-9D2C-CCBC59ED404F,090BC3CE-14F6-5582-BBCF-3A6D0E57F2DC,SYN-TR-0016,02C72F35-6DF2-535C-B881-73EEA4BDEF64,SYN-MZ-00032,75AC383E-C5B8-50A2-934A-27BBE285B45A,F6AEB69F-4AD4-5A03-BE25-A1C0635430C3,1007,1,TRIAL_ENTRY,FALSE,SYNTHETIC — integrated V2 (fixed),TRUE
AF7EFDE9-9F46-572B-B156-75BE34A88C0D,090BC3CE-14F6-5582-BBCF-3A6D0E57F2DC,SYN-TR-0016,667DEBCE-B100-5059-AB1C-8388525FC762,SYN-MZ-00036,064D1FB4-2D1F-5AE1-9D1D-5C3A6D8F792A,F6AEB69F-4AD4-5A03-BE25-A1C0635430C3,1008,1,TRIAL_ENTRY,FALSE,SYNTHETIC — integrated V2 (fixed),TRUE
0CF9B1F8-7014-56BA-B004-0500E2BCDB06,090BC3CE-14F6-5582-BBCF-3A6D0E57F2DC,SYN-TR-0016,CDAC1DFC-07F5-5AAA-ACF7-174A83106211,SYN-MZ-00033,4C4F914D-CE84-5281-AE4E-74304DB5BDA3,F6AEB69F-4AD4-5A03-BE25-A1C0635430C3,2001,2,TRIAL_ENTRY,FALSE,SYNTHETIC — integrated V2 (fixed),TRUE
E982458C-3BD7-53C5-B12F-53E1DB00AA62,090BC3CE-14F6-5582-BBCF-3A6D0E57F2DC,SYN-TR-0016,03B42C84-51CA-5773-8E4C-295473835D66,SYN-MZ-CHK02,A92E98DA-E476-5795-8F0C-D596AF9E41F3,F6AEB69F-4AD4-5A03-BE25-A1C0635430C3,2002,2,CHECK,FALSE,SYNTHETIC — integrated V2 (fixed),TRUE
90E6C681-FB70-5576-9CA4-79809D6FA48B,090BC3CE-14F6-5582-BBCF-3A6D0E57F2DC,SYN-TR-0016,CA7C91FE-A31E-543B-BE95-6F3A9B18244F,SYN-MZ-00035,8BF395EB-E853-596C-A9B3-128ADB35609B,F6AEB69F-4AD4-5A03-BE25-A1C0635430C3,2003,2,TRIAL_ENTRY,FALSE,SYNTHETIC — integrated V2 (fixed),TRUE
C4891D94-64C4-588C-BBA9-29D69BC85DFA,090BC3CE-14F6-5582-BBCF-3A6D0E57F2DC,SYN-TR-0016,6BC3F466-8A3A-514B-95C5-ED43F221577D,SYN-MZ-00034,83A22830-F15B-5AA7-8E7D-86B06D76B729,F6AEB69F-4AD4-5A03-BE25-A1C0635430C3,2004,2,TRIAL_ENTRY,FALSE,SYNTHETIC — integrated V2 (fixed),TRUE
CB420D9F-E1F5-57F5-A680-4EEE30964F20,090BC3CE-14F6-5582-BBCF-3A6D0E57F2DC,SYN-TR-0016,895C37E3-3402-5903-BB78-18E139F002E0,SYN-MZ-CHK01,42CE60AF-7FF7-55CE-8F13-7705F3D9EF4B,F6AEB69F-4AD4-5A03-BE25-A1C0635430C3,2005,2,CHECK,FALSE,SYNTHETIC — integrated V2 (fixed),TRUE
1109B039-BA78-5928-85F2-343B666F76FA,090BC3CE-14F6-5582-BBCF-3A6D0E57F2DC,SYN-TR-0016,667DEBCE-B100-5059-AB1C-8388525FC762,SYN-MZ-00036,064D1FB4-2D1F-5AE1-9D1D-5C3A6D8F792A,F6AEB69F-4AD4-5A03-BE25-A1C0635430C3,2006,2,TRIAL_ENTRY,FALSE,SYNTHETIC — integrated V2 (fixed),TRUE
EC84AF1B-1428-577D-ADEB-852115A6817C,090BC3CE-14F6-5582-BBCF-3A6D0E57F2DC,SYN-TR-0016,D452B305-237F-578C-8664-5FBE4C1C73B1,SYN-MZ-00031,52EE75D0-C248-5802-8A82-DE6B4266BA03,F6AEB69F-4AD4-5A03-BE25-A1C0635430C3,2007,2,TRIAL_ENTRY,TRUE,SYNTHETIC — integrated V2 (fixed),TRUE
258AD3FE-94FA-5D3A-9A5D-5840C1C807AA,090BC3CE-14F6-5582-BBCF-3A6D0E57F2DC,SYN-TR-0016,02C72F35-6DF2-535C-B881-73EEA4BDEF64,SYN-MZ-00032,75AC383E-C5B8-50A2-934A-27BBE285B45A,F6AEB69F-4AD4-5A03-BE25-A1C0635430C3,2008,2,TRIAL_ENTRY,FALSE,SYNTHETIC — integrated V2 (fixed),TRUE
7B4F2A92-940A-5230-B8DE-D90F44FE133A,090BC3CE-14F6-5582-BBCF-3A6D0E57F2DC,SYN-TR-0016,D452B305-237F-578C-8664-5FBE4C1C73B1,SYN-MZ-00031,52EE75D0-C248-5802-8A82-DE6B4266BA03,F6AEB69F-4AD4-5A03-BE25-A1C0635430C3,3001,3,TRIAL_ENTRY,TRUE,SYNTHETIC — integrated V2 (fixed),TRUE
82EDEB80-B9F5-5F31-A218-85A8BAD9FCCE,090BC3CE-14F6-5582-BBCF-3A6D0E57F2DC,SYN-TR-0016,02C72F35-6DF2-535C-B881-73EEA4BDEF64,SYN-MZ-00032,75AC383E-C5B8-50A2-934A-27BBE285B45A,F6AEB69F-4AD4-5A03-BE25-A1C0635430C3,3002,3,TRIAL_ENTRY,FALSE,SYNTHETIC — integrated V2 (fixed),TRUE
D5029BF5-FDB3-5A93-BEE4-3DA7FA2C1952,090BC3CE-14F6-5582-BBCF-3A6D0E57F2DC,SYN-TR-0016,03B42C84-51CA-5773-8E4C-295473835D66,SYN-MZ-CHK02,A92E98DA-E476-5795-8F0C-D596AF9E41F3,F6AEB69F-4AD4-5A03-BE25-A1C0635430C3,3003,3,CHECK,FALSE,SYNTHETIC — integrated V2 (fixed),TRUE
0F50DB55-29BB-5E21-A8B4-8A887DD46693,090BC3CE-14F6-5582-BBCF-3A6D0E57F2DC,SYN-TR-0016,667DEBCE-B100-5059-AB1C-8388525FC762,SYN-MZ-00036,064D1FB4-2D1F-5AE1-9D1D-5C3A6D8F792A,F6AEB69F-4AD4-5A03-BE25-A1C0635430C3,3004,3,TRIAL_ENTRY,FALSE,SYNTHETIC — integrated V2 (fixed),TRUE
CF1B6358-47CC-5333-8780-E098CC6EED79,090BC3CE-14F6-5582-BBCF-3A6D0E57F2DC,SYN-TR-0016,895C37E3-3402-5903-BB78-18E139F002E0,SYN-MZ-CHK01,42CE60AF-7FF7-55CE-8F13-7705F3D9EF4B,F6AEB69F-4AD4-5A03-BE25-A1C0635430C3,3005,3,CHECK,FALSE,SYNTHETIC — integrated V2 (fixed),TRUE
ADD35E5B-D9FA-58E4-982C-047D7FC10F4B,090BC3CE-14F6-5582-BBCF-3A6D0E57F2DC,SYN-TR-0016,6BC3F466-8A3A-514B-95C5-ED43F221577D,SYN-MZ-00034,83A22830-F15B-5AA7-8E7D-86B06D76B729,F6AEB69F-4AD4-5A03-BE25-A1C0635430C3,3006,3,TRIAL_ENTRY,FALSE,SYNTHETIC — integrated V2 (fixed),TRUE
AC0D42DA-1EF0-5EC5-9F70-EBD7441B65B5,090BC3CE-14F6-5582-BBCF-3A6D0E57F2DC,SYN-TR-0016,CDAC1DFC-07F5-5AAA-ACF7-174A83106211,SYN-MZ-00033,4C4F914D-CE84-5281-AE4E-74304DB5BDA3,F6AEB69F-4AD4-5A03-BE25-A1C0635430C3,3007,3,TRIAL_ENTRY,FALSE,SYNTHETIC — integrated V2 (fixed),TRUE
93E9392C-D53A-5B4D-969F-CBCD8789B1DF,090BC3CE-14F6-5582-BBCF-3A6D0E57F2DC,SYN-TR-0016,CA7C91FE-A31E-543B-BE95-6F3A9B18244F,SYN-MZ-00035,8BF395EB-E853-596C-A9B3-128ADB35609B,F6AEB69F-4AD4-5A03-BE25-A1C0635430C3,3008,3,TRIAL_ENTRY,FALSE,SYNTHETIC — integrated V2 (fixed),TRUE
7CF7F45C-BF61-583D-8F93-D8905CC6FA6E,7119635B-35E3-59C9-B11C-8F437D9B0D1C,SYN-TR-0017,6BC3F466-8A3A-514B-95C5-ED43F221577D,SYN-MZ-00034,83A22830-F15B-5AA7-8E7D-86B06D76B729,29920BE2-CFDA-5DA9-9E11-BBE41F894D1C,1001,1,TRIAL_ENTRY,FALSE,SYNTHETIC — integrated V2 (fixed),TRUE
BBE68B43-2E29-5E48-9121-DEF71ED42F31,7119635B-35E3-59C9-B11C-8F437D9B0D1C,SYN-TR-0017,1D8B5ABD-A06B-5E37-8158-A9DB10FE3BE6,SYN-MZ-00038,9A91C87A-E599-5311-9E86-64F9EF5171EC,29920BE2-CFDA-5DA9-9E11-BBE41F894D1C,1002,1,TRIAL_ENTRY,FALSE,SYNTHETIC — integrated V2 (fixed),TRUE
63E667F5-FCCB-580F-94E0-CC11B1307340,7119635B-35E3-59C9-B11C-8F437D9B0D1C,SYN-TR-0017,CDAC1DFC-07F5-5AAA-ACF7-174A83106211,SYN-MZ-00033,4C4F914D-CE84-5281-AE4E-74304DB5BDA3,29920BE2-CFDA-5DA9-9E11-BBE41F894D1C,1003,1,TRIAL_ENTRY,TRUE,SYNTHETIC — integrated V2 (fixed),TRUE
26C2F27B-C6F8-5877-A264-FCF1E8B4F380,7119635B-35E3-59C9-B11C-8F437D9B0D1C,SYN-TR-0017,03B42C84-51CA-5773-8E4C-295473835D66,SYN-MZ-CHK02,A92E98DA-E476-5795-8F0C-D596AF9E41F3,29920BE2-CFDA-5DA9-9E11-BBE41F894D1C,1004,1,CHECK,FALSE,SYNTHETIC — integrated V2 (fixed),TRUE
AE4BF21C-975A-5CA2-98FC-1982F51F63A2,7119635B-35E3-59C9-B11C-8F437D9B0D1C,SYN-TR-0017,CA7C91FE-A31E-543B-BE95-6F3A9B18244F,SYN-MZ-00035,8BF395EB-E853-596C-A9B3-128ADB35609B,29920BE2-CFDA-5DA9-9E11-BBE41F894D1C,1005,1,TRIAL_ENTRY,FALSE,SYNTHETIC — integrated V2 (fixed),TRUE
52AD0220-EA11-5661-A6A5-72282FA3EF4A,7119635B-35E3-59C9-B11C-8F437D9B0D1C,SYN-TR-0017,F883E21C-4C88-5C86-BDED-808DCF101BE6,SYN-MZ-00037,A6B72E18-C5D3-5221-BF83-1CC520733706,29920BE2-CFDA-5DA9-9E11-BBE41F894D1C,1006,1,TRIAL_ENTRY,FALSE,SYNTHETIC — integrated V2 (fixed),TRUE
85D20CF8-478B-5B7B-A521-DB372F464138,7119635B-35E3-59C9-B11C-8F437D9B0D1C,SYN-TR-0017,667DEBCE-B100-5059-AB1C-8388525FC762,SYN-MZ-00036,064D1FB4-2D1F-5AE1-9D1D-5C3A6D8F792A,29920BE2-CFDA-5DA9-9E11-BBE41F894D1C,1007,1,TRIAL_ENTRY,FALSE,SYNTHETIC — integrated V2 (fixed),TRUE
73347DBB-0C97-52F7-BEC6-16A8B7914F27,7119635B-35E3-59C9-B11C-8F437D9B0D1C,SYN-TR-0017,895C37E3-3402-5903-BB78-18E139F002E0,SYN-MZ-CHK01,42CE60AF-7FF7-55CE-8F13-7705F3D9EF4B,29920BE2-CFDA-5DA9-9E11-BBE41F894D1C,1008,1,CHECK,FALSE,SYNTHETIC — integrated V2 (fixed),TRUE
876DD392-CC92-5EE2-86A5-104C2052C53F,7119635B-35E3-59C9-B11C-8F437D9B0D1C,SYN-TR-0017,1D8B5ABD-A06B-5E37-8158-A9DB10FE3BE6,SYN-MZ-00038,9A91C87A-E599-5311-9E86-64F9EF5171EC,29920BE2-CFDA-5DA9-9E11-BBE41F894D1C,2001,2,TRIAL_ENTRY,FALSE,SYNTHETIC — integrated V2 (fixed),TRUE
931957D5-2D82-5FD8-BE47-F9DC5FF67E16,7119635B-35E3-59C9-B11C-8F437D9B0D1C,SYN-TR-0017,CDAC1DFC-07F5-5AAA-ACF7-174A83106211,SYN-MZ-00033,4C4F914D-CE84-5281-AE4E-74304DB5BDA3,29920BE2-CFDA-5DA9-9E11-BBE41F894D1C,2002,2,TRIAL_ENTRY,TRUE,SYNTHETIC — integrated V2 (fixed),TRUE
2B195E86-CF74-53C4-8D15-3BBE40DEF599,7119635B-35E3-59C9-B11C-8F437D9B0D1C,SYN-TR-0017,667DEBCE-B100-5059-AB1C-8388525FC762,SYN-MZ-00036,064D1FB4-2D1F-5AE1-9D1D-5C3A6D8F792A,29920BE2-CFDA-5DA9-9E11-BBE41F894D1C,2003,2,TRIAL_ENTRY,FALSE,SYNTHETIC — integrated V2 (fixed),TRUE
5DAA6A5B-8007-5F00-ABFC-F84778CBEFD6,7119635B-35E3-59C9-B11C-8F437D9B0D1C,SYN-TR-0017,895C37E3-3402-5903-BB78-18E139F002E0,SYN-MZ-CHK01,42CE60AF-7FF7-55CE-8F13-7705F3D9EF4B,29920BE2-CFDA-5DA9-9E11-BBE41F894D1C,2004,2,CHECK,FALSE,SYNTHETIC — integrated V2 (fixed),TRUE
8B5711BB-0CE2-5327-8BEB-5E4C28431603,7119635B-35E3-59C9-B11C-8F437D9B0D1C,SYN-TR-0017,F883E21C-4C88-5C86-BDED-808DCF101BE6,SYN-MZ-00037,A6B72E18-C5D3-5221-BF83-1CC520733706,29920BE2-CFDA-5DA9-9E11-BBE41F894D1C,2005,2,TRIAL_ENTRY,FALSE,SYNTHETIC — integrated V2 (fixed),TRUE
DE1B88B6-5D48-5008-AAEB-CE7121C6C029,7119635B-35E3-59C9-B11C-8F437D9B0D1C,SYN-TR-0017,03B42C84-51CA-5773-8E4C-295473835D66,SYN-MZ-CHK02,A92E98DA-E476-5795-8F0C-D596AF9E41F3,29920BE2-CFDA-5DA9-9E11-BBE41F894D1C,2006,2,CHECK,FALSE,SYNTHETIC — integrated V2 (fixed),TRUE
560B9BB0-92B6-57AA-9E5B-C71B75F7FFBE,7119635B-35E3-59C9-B11C-8F437D9B0D1C,SYN-TR-0017,CA7C91FE-A31E-543B-BE95-6F3A9B18244F,SYN-MZ-00035,8BF395EB-E853-596C-A9B3-128ADB35609B,29920BE2-CFDA-5DA9-9E11-BBE41F894D1C,2007,2,TRIAL_ENTRY,FALSE,SYNTHETIC — integrated V2 (fixed),TRUE
B9BDC95A-4C49-55DB-AF86-2FEBFD7EE979,7119635B-35E3-59C9-B11C-8F437D9B0D1C,SYN-TR-0017,6BC3F466-8A3A-514B-95C5-ED43F221577D,SYN-MZ-00034,83A22830-F15B-5AA7-8E7D-86B06D76B729,29920BE2-CFDA-5DA9-9E11-BBE41F894D1C,2008,2,TRIAL_ENTRY,FALSE,SYNTHETIC — integrated V2 (fixed),TRUE
0D05C69D-B277-5D6B-8E69-D16DD23F0271,7119635B-35E3-59C9-B11C-8F437D9B0D1C,SYN-TR-0017,F883E21C-4C88-5C86-BDED-808DCF101BE6,SYN-MZ-00037,A6B72E18-C5D3-5221-BF83-1CC520733706,29920BE2-CFDA-5DA9-9E11-BBE41F894D1C,3001,3,TRIAL_ENTRY,FALSE,SYNTHETIC — integrated V2 (fixed),TRUE
B0678C5A-2FE6-57A0-98F5-1C7AEB202F0B,7119635B-35E3-59C9-B11C-8F437D9B0D1C,SYN-TR-0017,CDAC1DFC-07F5-5AAA-ACF7-174A83106211,SYN-MZ-00033,4C4F914D-CE84-5281-AE4E-74304DB5BDA3,29920BE2-CFDA-5DA9-9E11-BBE41F894D1C,3002,3,TRIAL_ENTRY,TRUE,SYNTHETIC — integrated V2 (fixed),TRUE
F252E913-8714-5119-855B-228E6C004E0A,7119635B-35E3-59C9-B11C-8F437D9B0D1C,SYN-TR-0017,CA7C91FE-A31E-543B-BE95-6F3A9B18244F,SYN-MZ-00035,8BF395EB-E853-596C-A9B3-128ADB35609B,29920BE2-CFDA-5DA9-9E11-BBE41F894D1C,3003,3,TRIAL_ENTRY,FALSE,SYNTHETIC — integrated V2 (fixed),TRUE
1079AB2D-F594-5C01-971B-81F330A1A0F8,7119635B-35E3-59C9-B11C-8F437D9B0D1C,SYN-TR-0017,667DEBCE-B100-5059-AB1C-8388525FC762,SYN-MZ-00036,064D1FB4-2D1F-5AE1-9D1D-5C3A6D8F792A,29920BE2-CFDA-5DA9-9E11-BBE41F894D1C,3004,3,TRIAL_ENTRY,FALSE,SYNTHETIC — integrated V2 (fixed),TRUE
830DD163-8422-5615-9BBC-163CEA155024,7119635B-35E3-59C9-B11C-8F437D9B0D1C,SYN-TR-0017,1D8B5ABD-A06B-5E37-8158-A9DB10FE3BE6,SYN-MZ-00038,9A91C87A-E599-5311-9E86-64F9EF5171EC,29920BE2-CFDA-5DA9-9E11-BBE41F894D1C,3005,3,TRIAL_ENTRY,FALSE,SYNTHETIC — integrated V2 (fixed),TRUE
0A53EF48-AA96-5139-8D73-A08A21E71548,7119635B-35E3-59C9-B11C-8F437D9B0D1C,SYN-TR-0017,03B42C84-51CA-5773-8E4C-295473835D66,SYN-MZ-CHK02,A92E98DA-E476-5795-8F0C-D596AF9E41F3,29920BE2-CFDA-5DA9-9E11-BBE41F894D1C,3006,3,CHECK,FALSE,SYNTHETIC — integrated V2 (fixed),TRUE
858A2DC3-4001-585F-BF4B-9331B61ECFA7,7119635B-35E3-59C9-B11C-8F437D9B0D1C,SYN-TR-0017,895C37E3-3402-5903-BB78-18E139F002E0,SYN-MZ-CHK01,42CE60AF-7FF7-55CE-8F13-7705F3D9EF4B,29920BE2-CFDA-5DA9-9E11-BBE41F894D1C,3007,3,CHECK,FALSE,SYNTHETIC — integrated V2 (fixed),TRUE
C0CB9B6E-E86F-53EA-B128-B70593D32F77,7119635B-35E3-59C9-B11C-8F437D9B0D1C,SYN-TR-0017,6BC3F466-8A3A-514B-95C5-ED43F221577D,SYN-MZ-00034,83A22830-F15B-5AA7-8E7D-86B06D76B729,29920BE2-CFDA-5DA9-9E11-BBE41F894D1C,3008,3,TRIAL_ENTRY,FALSE,SYNTHETIC — integrated V2 (fixed),TRUE
E379FDCD-3C35-5A36-BD56-ED799420C7A1,66EF1C11-448E-5B22-904B-3A3DAB1171F0,SYN-TR-0018,8557A22F-14B2-5381-8DF2-0E4F62B7D0FD,SYN-MZ-00040,7792C32C-6C35-537B-BC72-9A070AB04A12,9AF3C456-9DCC-56FF-8CF9-91F1F095D306,1001,1,TRIAL_ENTRY,FALSE,SYNTHETIC — integrated V2 (fixed),TRUE
09DFE96F-6944-51D8-A234-25C4DFD453F7,66EF1C11-448E-5B22-904B-3A3DAB1171F0,SYN-TR-0018,03B42C84-51CA-5773-8E4C-295473835D66,SYN-MZ-CHK02,A92E98DA-E476-5795-8F0C-D596AF9E41F3,9AF3C456-9DCC-56FF-8CF9-91F1F095D306,1002,1,CHECK,FALSE,SYNTHETIC — integrated V2 (fixed),TRUE
87F1D076-CB50-5B0A-8FDF-31E734474ABF,66EF1C11-448E-5B22-904B-3A3DAB1171F0,SYN-TR-0018,A60C347B-ED09-5433-86AE-8FA97C612F60,SYN-MZ-00039,40CC9002-FBC1-53C4-925F-8AD8433B2DA8,9AF3C456-9DCC-56FF-8CF9-91F1F095D306,1003,1,TRIAL_ENTRY,FALSE,SYNTHETIC — integrated V2 (fixed),TRUE
5E09DD2B-8F79-5BC4-9671-F21957594CEE,66EF1C11-448E-5B22-904B-3A3DAB1171F0,SYN-TR-0018,895C37E3-3402-5903-BB78-18E139F002E0,SYN-MZ-CHK01,42CE60AF-7FF7-55CE-8F13-7705F3D9EF4B,9AF3C456-9DCC-56FF-8CF9-91F1F095D306,1004,1,CHECK,FALSE,SYNTHETIC — integrated V2 (fixed),TRUE
8D6BAAB7-0DF3-509C-AD09-ABED2F26B222,66EF1C11-448E-5B22-904B-3A3DAB1171F0,SYN-TR-0018,F883E21C-4C88-5C86-BDED-808DCF101BE6,SYN-MZ-00037,A6B72E18-C5D3-5221-BF83-1CC520733706,9AF3C456-9DCC-56FF-8CF9-91F1F095D306,1005,1,TRIAL_ENTRY,FALSE,SYNTHETIC — integrated V2 (fixed),TRUE
D50D3325-FDF3-52EA-BDFA-869EF32BE483,66EF1C11-448E-5B22-904B-3A3DAB1171F0,SYN-TR-0018,1D8B5ABD-A06B-5E37-8158-A9DB10FE3BE6,SYN-MZ-00038,9A91C87A-E599-5311-9E86-64F9EF5171EC,9AF3C456-9DCC-56FF-8CF9-91F1F095D306,1006,1,TRIAL_ENTRY,FALSE,SYNTHETIC — integrated V2 (fixed),TRUE
15034938-8AC6-5159-BA2F-ED95395BE8B8,66EF1C11-448E-5B22-904B-3A3DAB1171F0,SYN-TR-0018,667DEBCE-B100-5059-AB1C-8388525FC762,SYN-MZ-00036,064D1FB4-2D1F-5AE1-9D1D-5C3A6D8F792A,9AF3C456-9DCC-56FF-8CF9-91F1F095D306,1007,1,TRIAL_ENTRY,FALSE,SYNTHETIC — integrated V2 (fixed),TRUE
D758BDF0-DA7F-5596-A373-7CED71F4F8A3,66EF1C11-448E-5B22-904B-3A3DAB1171F0,SYN-TR-0018,CA7C91FE-A31E-543B-BE95-6F3A9B18244F,SYN-MZ-00035,8BF395EB-E853-596C-A9B3-128ADB35609B,9AF3C456-9DCC-56FF-8CF9-91F1F095D306,1008,1,TRIAL_ENTRY,TRUE,SYNTHETIC — integrated V2 (fixed),TRUE
FDDA03D2-523D-5042-845E-5B4B9306D7D7,66EF1C11-448E-5B22-904B-3A3DAB1171F0,SYN-TR-0018,1D8B5ABD-A06B-5E37-8158-A9DB10FE3BE6,SYN-MZ-00038,9A91C87A-E599-5311-9E86-64F9EF5171EC,9AF3C456-9DCC-56FF-8CF9-91F1F095D306,2001,2,TRIAL_ENTRY,FALSE,SYNTHETIC — integrated V2 (fixed),TRUE
803AB24F-5D33-562E-8206-1F386FE2E91D,66EF1C11-448E-5B22-904B-3A3DAB1171F0,SYN-TR-0018,A60C347B-ED09-5433-86AE-8FA97C612F60,SYN-MZ-00039,40CC9002-FBC1-53C4-925F-8AD8433B2DA8,9AF3C456-9DCC-56FF-8CF9-91F1F095D306,2002,2,TRIAL_ENTRY,FALSE,SYNTHETIC — integrated V2 (fixed),TRUE
3534C08C-532D-5B35-A134-2651BEB4BB27,66EF1C11-448E-5B22-904B-3A3DAB1171F0,SYN-TR-0018,8557A22F-14B2-5381-8DF2-0E4F62B7D0FD,SYN-MZ-00040,7792C32C-6C35-537B-BC72-9A070AB04A12,9AF3C456-9DCC-56FF-8CF9-91F1F095D306,2003,2,TRIAL_ENTRY,FALSE,SYNTHETIC — integrated V2 (fixed),TRUE
8F1AC090-3C5F-5256-8EF7-7C7FC0A17911,66EF1C11-448E-5B22-904B-3A3DAB1171F0,SYN-TR-0018,CA7C91FE-A31E-543B-BE95-6F3A9B18244F,SYN-MZ-00035,8BF395EB-E853-596C-A9B3-128ADB35609B,9AF3C456-9DCC-56FF-8CF9-91F1F095D306,2004,2,TRIAL_ENTRY,TRUE,SYNTHETIC — integrated V2 (fixed),TRUE
B0C22639-E656-58AE-A381-F2C440605932,66EF1C11-448E-5B22-904B-3A3DAB1171F0,SYN-TR-0018,F883E21C-4C88-5C86-BDED-808DCF101BE6,SYN-MZ-00037,A6B72E18-C5D3-5221-BF83-1CC520733706,9AF3C456-9DCC-56FF-8CF9-91F1F095D306,2005,2,TRIAL_ENTRY,FALSE,SYNTHETIC — integrated V2 (fixed),TRUE
BD0BCE2C-F75F-5ED6-9E93-7ECD0F7394B6,66EF1C11-448E-5B22-904B-3A3DAB1171F0,SYN-TR-0018,667DEBCE-B100-5059-AB1C-8388525FC762,SYN-MZ-00036,064D1FB4-2D1F-5AE1-9D1D-5C3A6D8F792A,9AF3C456-9DCC-56FF-8CF9-91F1F095D306,2006,2,TRIAL_ENTRY,FALSE,SYNTHETIC — integrated V2 (fixed),TRUE
00986D40-4D39-51A4-9269-DA89CE3E3CF8,66EF1C11-448E-5B22-904B-3A3DAB1171F0,SYN-TR-0018,895C37E3-3402-5903-BB78-18E139F002E0,SYN-MZ-CHK01,42CE60AF-7FF7-55CE-8F13-7705F3D9EF4B,9AF3C456-9DCC-56FF-8CF9-91F1F095D306,2007,2,CHECK,FALSE,SYNTHETIC — integrated V2 (fixed),TRUE
8BF33580-92D5-54DB-A525-0E2F1722E703,66EF1C11-448E-5B22-904B-3A3DAB1171F0,SYN-TR-0018,03B42C84-51CA-5773-8E4C-295473835D66,SYN-MZ-CHK02,A92E98DA-E476-5795-8F0C-D596AF9E41F3,9AF3C456-9DCC-56FF-8CF9-91F1F095D306,2008,2,CHECK,FALSE,SYNTHETIC — integrated V2 (fixed),TRUE
09A9513A-E9D2-5CC1-8C87-0D769E246BBC,66EF1C11-448E-5B22-904B-3A3DAB1171F0,SYN-TR-0018,667DEBCE-B100-5059-AB1C-8388525FC762,SYN-MZ-00036,064D1FB4-2D1F-5AE1-9D1D-5C3A6D8F792A,9AF3C456-9DCC-56FF-8CF9-91F1F095D306,3001,3,TRIAL_ENTRY,FALSE,SYNTHETIC — integrated V2 (fixed),TRUE
857870EA-1EFA-5BC6-9658-19F3C344D944,66EF1C11-448E-5B22-904B-3A3DAB1171F0,SYN-TR-0018,A60C347B-ED09-5433-86AE-8FA97C612F60,SYN-MZ-00039,40CC9002-FBC1-53C4-925F-8AD8433B2DA8,9AF3C456-9DCC-56FF-8CF9-91F1F095D306,3002,3,TRIAL_ENTRY,FALSE,SYNTHETIC — integrated V2 (fixed),TRUE
E5EDCD2F-71FC-5B7D-BA80-BAF56AA25BEC,66EF1C11-448E-5B22-904B-3A3DAB1171F0,SYN-TR-0018,CA7C91FE-A31E-543B-BE95-6F3A9B18244F,SYN-MZ-00035,8BF395EB-E853-596C-A9B3-128ADB35609B,9AF3C456-9DCC-56FF-8CF9-91F1F095D306,3003,3,TRIAL_ENTRY,TRUE,SYNTHETIC — integrated V2 (fixed),TRUE
3B7CA52F-7375-58FA-B1DB-C5C5E9BF77F2,66EF1C11-448E-5B22-904B-3A3DAB1171F0,SYN-TR-0018,03B42C84-51CA-5773-8E4C-295473835D66,SYN-MZ-CHK02,A92E98DA-E476-5795-8F0C-D596AF9E41F3,9AF3C456-9DCC-56FF-8CF9-91F1F095D306,3004,3,CHECK,FALSE,SYNTHETIC — integrated V2 (fixed),TRUE
E3A4EA9E-A356-59D5-9184-E610858B669D,66EF1C11-448E-5B22-904B-3A3DAB1171F0,SYN-TR-0018,F883E21C-4C88-5C86-BDED-808DCF101BE6,SYN-MZ-00037,A6B72E18-C5D3-5221-BF83-1CC520733706,9AF3C456-9DCC-56FF-8CF9-91F1F095D306,3005,3,TRIAL_ENTRY,FALSE,SYNTHETIC — integrated V2 (fixed),TRUE
FA250DBF-C0B1-55CD-85A4-F5EFA5BE34DB,66EF1C11-448E-5B22-904B-3A3DAB1171F0,SYN-TR-0018,8557A22F-14B2-5381-8DF2-0E4F62B7D0FD,SYN-MZ-00040,7792C32C-6C35-537B-BC72-9A070AB04A12,9AF3C456-9DCC-56FF-8CF9-91F1F095D306,3006,3,TRIAL_ENTRY,FALSE,SYNTHETIC — integrated V2 (fixed),TRUE
053598DB-C0C1-5E8D-B7B2-2A65A83284EC,66EF1C11-448E-5B22-904B-3A3DAB1171F0,SYN-TR-0018,895C37E3-3402-5903-BB78-18E139F002E0,SYN-MZ-CHK01,42CE60AF-7FF7-55CE-8F13-7705F3D9EF4B,9AF3C456-9DCC-56FF-8CF9-91F1F095D306,3007,3,CHECK,FALSE,SYNTHETIC — integrated V2 (fixed),TRUE
16084C97-9E7D-5D2D-99A5-FA1EB7FA5CB7,66EF1C11-448E-5B22-904B-3A3DAB1171F0,SYN-TR-0018,1D8B5ABD-A06B-5E37-8158-A9DB10FE3BE6,SYN-MZ-00038,9A91C87A-E599-5311-9E86-64F9EF5171EC,9AF3C456-9DCC-56FF-8CF9-91F1F095D306,3008,3,TRIAL_ENTRY,FALSE,SYNTHETIC — integrated V2 (fixed),TRUE
BE946A6F-F43B-5A6B-B458-EF1B3888A1E5,3FD04973-9AF4-5853-9644-4BB618BFCA5F,SYN-TR-0019,1D8B5ABD-A06B-5E37-8158-A9DB10FE3BE6,SYN-MZ-00038,9A91C87A-E599-5311-9E86-64F9EF5171EC,5F3FA618-6804-5BF6-ABEE-3EB4F4986E80,1001,1,TRIAL_ENTRY,FALSE,SYNTHETIC — integrated V2 (fixed),TRUE
03F5930F-7FF4-5EFC-B894-AB51F92A8FCE,3FD04973-9AF4-5853-9644-4BB618BFCA5F,SYN-TR-0019,03B42C84-51CA-5773-8E4C-295473835D66,SYN-MZ-CHK02,A92E98DA-E476-5795-8F0C-D596AF9E41F3,5F3FA618-6804-5BF6-ABEE-3EB4F4986E80,1002,1,CHECK,FALSE,SYNTHETIC — integrated V2 (fixed),TRUE
F544A782-B8D6-5CDD-AE69-D23F415C94FF,3FD04973-9AF4-5853-9644-4BB618BFCA5F,SYN-TR-0019,0AF976E8-609F-54B4-93A9-F5FFB2C89CC2,SYN-MZ-00042,0FEEC837-2A9F-569C-8241-F1064D2B0F7B,5F3FA618-6804-5BF6-ABEE-3EB4F4986E80,1003,1,TRIAL_ENTRY,FALSE,SYNTHETIC — integrated V2 (fixed),TRUE
AFD6BDC2-383A-5430-9FC0-D89118C5C9AA,3FD04973-9AF4-5853-9644-4BB618BFCA5F,SYN-TR-0019,420901AD-1690-56B1-A54B-E45F7104461D,SYN-MZ-00041,7FAC78D9-7ED0-574D-B76C-CB0C241C75F4,5F3FA618-6804-5BF6-ABEE-3EB4F4986E80,1004,1,TRIAL_ENTRY,FALSE,SYNTHETIC — integrated V2 (fixed),TRUE
B97F68C1-A863-528E-BDCA-8CDBB8F4C078,3FD04973-9AF4-5853-9644-4BB618BFCA5F,SYN-TR-0019,895C37E3-3402-5903-BB78-18E139F002E0,SYN-MZ-CHK01,42CE60AF-7FF7-55CE-8F13-7705F3D9EF4B,5F3FA618-6804-5BF6-ABEE-3EB4F4986E80,1005,1,CHECK,FALSE,SYNTHETIC — integrated V2 (fixed),TRUE
A959F7B5-C18C-5086-8681-3E79CCD620E1,3FD04973-9AF4-5853-9644-4BB618BFCA5F,SYN-TR-0019,A60C347B-ED09-5433-86AE-8FA97C612F60,SYN-MZ-00039,40CC9002-FBC1-53C4-925F-8AD8433B2DA8,5F3FA618-6804-5BF6-ABEE-3EB4F4986E80,1006,1,TRIAL_ENTRY,FALSE,SYNTHETIC — integrated V2 (fixed),TRUE
2C234283-1C29-57A7-B0EB-19548F2F79D5,3FD04973-9AF4-5853-9644-4BB618BFCA5F,SYN-TR-0019,8557A22F-14B2-5381-8DF2-0E4F62B7D0FD,SYN-MZ-00040,7792C32C-6C35-537B-BC72-9A070AB04A12,5F3FA618-6804-5BF6-ABEE-3EB4F4986E80,1007,1,TRIAL_ENTRY,FALSE,SYNTHETIC — integrated V2 (fixed),TRUE
66AD1110-FD5F-5B9C-98AF-A1700CC34D76,3FD04973-9AF4-5853-9644-4BB618BFCA5F,SYN-TR-0019,F883E21C-4C88-5C86-BDED-808DCF101BE6,SYN-MZ-00037,A6B72E18-C5D3-5221-BF83-1CC520733706,5F3FA618-6804-5BF6-ABEE-3EB4F4986E80,1008,1,TRIAL_ENTRY,TRUE,SYNTHETIC — integrated V2 (fixed),TRUE
263C020D-C131-5F68-B6A1-C480C9711683,3FD04973-9AF4-5853-9644-4BB618BFCA5F,SYN-TR-0019,F883E21C-4C88-5C86-BDED-808DCF101BE6,SYN-MZ-00037,A6B72E18-C5D3-5221-BF83-1CC520733706,5F3FA618-6804-5BF6-ABEE-3EB4F4986E80,2001,2,TRIAL_ENTRY,TRUE,SYNTHETIC — integrated V2 (fixed),TRUE
52A43AE7-0790-5D31-B7A4-DD3AE00BF100,3FD04973-9AF4-5853-9644-4BB618BFCA5F,SYN-TR-0019,420901AD-1690-56B1-A54B-E45F7104461D,SYN-MZ-00041,7FAC78D9-7ED0-574D-B76C-CB0C241C75F4,5F3FA618-6804-5BF6-ABEE-3EB4F4986E80,2002,2,TRIAL_ENTRY,FALSE,SYNTHETIC — integrated V2 (fixed),TRUE
70A4EA3E-BF6D-59C9-B673-ADB786DC87DE,3FD04973-9AF4-5853-9644-4BB618BFCA5F,SYN-TR-0019,895C37E3-3402-5903-BB78-18E139F002E0,SYN-MZ-CHK01,42CE60AF-7FF7-55CE-8F13-7705F3D9EF4B,5F3FA618-6804-5BF6-ABEE-3EB4F4986E80,2003,2,CHECK,FALSE,SYNTHETIC — integrated V2 (fixed),TRUE
86E1E745-0A67-51CB-A24A-A104F972F933,3FD04973-9AF4-5853-9644-4BB618BFCA5F,SYN-TR-0019,03B42C84-51CA-5773-8E4C-295473835D66,SYN-MZ-CHK02,A92E98DA-E476-5795-8F0C-D596AF9E41F3,5F3FA618-6804-5BF6-ABEE-3EB4F4986E80,2004,2,CHECK,FALSE,SYNTHETIC — integrated V2 (fixed),TRUE
64E70AF8-1947-5B18-967F-28B16E643075,3FD04973-9AF4-5853-9644-4BB618BFCA5F,SYN-TR-0019,A60C347B-ED09-5433-86AE-8FA97C612F60,SYN-MZ-00039,40CC9002-FBC1-53C4-925F-8AD8433B2DA8,5F3FA618-6804-5BF6-ABEE-3EB4F4986E80,2005,2,TRIAL_ENTRY,FALSE,SYNTHETIC — integrated V2 (fixed),TRUE
9F5293AA-1FC9-531F-9A56-1064379478E4,3FD04973-9AF4-5853-9644-4BB618BFCA5F,SYN-TR-0019,1D8B5ABD-A06B-5E37-8158-A9DB10FE3BE6,SYN-MZ-00038,9A91C87A-E599-5311-9E86-64F9EF5171EC,5F3FA618-6804-5BF6-ABEE-3EB4F4986E80,2006,2,TRIAL_ENTRY,FALSE,SYNTHETIC — integrated V2 (fixed),TRUE
CF0CD4F4-E9DE-51DB-BBB5-3D6D0A45E704,3FD04973-9AF4-5853-9644-4BB618BFCA5F,SYN-TR-0019,8557A22F-14B2-5381-8DF2-0E4F62B7D0FD,SYN-MZ-00040,7792C32C-6C35-537B-BC72-9A070AB04A12,5F3FA618-6804-5BF6-ABEE-3EB4F4986E80,2007,2,TRIAL_ENTRY,FALSE,SYNTHETIC — integrated V2 (fixed),TRUE
F1D61C63-C16F-564C-A103-E85108AB3FF4,3FD04973-9AF4-5853-9644-4BB618BFCA5F,SYN-TR-0019,0AF976E8-609F-54B4-93A9-F5FFB2C89CC2,SYN-MZ-00042,0FEEC837-2A9F-569C-8241-F1064D2B0F7B,5F3FA618-6804-5BF6-ABEE-3EB4F4986E80,2008,2,TRIAL_ENTRY,FALSE,SYNTHETIC — integrated V2 (fixed),TRUE
623A47CD-71E1-5448-97C0-205D4EB19F5D,3FD04973-9AF4-5853-9644-4BB618BFCA5F,SYN-TR-0019,1D8B5ABD-A06B-5E37-8158-A9DB10FE3BE6,SYN-MZ-00038,9A91C87A-E599-5311-9E86-64F9EF5171EC,5F3FA618-6804-5BF6-ABEE-3EB4F4986E80,3001,3,TRIAL_ENTRY,FALSE,SYNTHETIC — integrated V2 (fixed),TRUE
03F69CE5-C145-53BA-A97C-FD0FA2C5044A,3FD04973-9AF4-5853-9644-4BB618BFCA5F,SYN-TR-0019,03B42C84-51CA-5773-8E4C-295473835D66,SYN-MZ-CHK02,A92E98DA-E476-5795-8F0C-D596AF9E41F3,5F3FA618-6804-5BF6-ABEE-3EB4F4986E80,3002,3,CHECK,FALSE,SYNTHETIC — integrated V2 (fixed),TRUE
D442173E-FB81-540E-AD71-81A3909EE27D,3FD04973-9AF4-5853-9644-4BB618BFCA5F,SYN-TR-0019,A60C347B-ED09-5433-86AE-8FA97C612F60,SYN-MZ-00039,40CC9002-FBC1-53C4-925F-8AD8433B2DA8,5F3FA618-6804-5BF6-ABEE-3EB4F4986E80,3003,3,TRIAL_ENTRY,FALSE,SYNTHETIC — integrated V2 (fixed),TRUE
629A9D96-E135-598A-B467-F948A78664AF,3FD04973-9AF4-5853-9644-4BB618BFCA5F,SYN-TR-0019,420901AD-1690-56B1-A54B-E45F7104461D,SYN-MZ-00041,7FAC78D9-7ED0-574D-B76C-CB0C241C75F4,5F3FA618-6804-5BF6-ABEE-3EB4F4986E80,3004,3,TRIAL_ENTRY,FALSE,SYNTHETIC — integrated V2 (fixed),TRUE
BCEBD2BE-8244-5C23-861E-5B4EA8580D7D,3FD04973-9AF4-5853-9644-4BB618BFCA5F,SYN-TR-0019,895C37E3-3402-5903-BB78-18E139F002E0,SYN-MZ-CHK01,42CE60AF-7FF7-55CE-8F13-7705F3D9EF4B,5F3FA618-6804-5BF6-ABEE-3EB4F4986E80,3005,3,CHECK,FALSE,SYNTHETIC — integrated V2 (fixed),TRUE
2673465E-45DE-5B31-A523-0C74F9A4FDBB,3FD04973-9AF4-5853-9644-4BB618BFCA5F,SYN-TR-0019,8557A22F-14B2-5381-8DF2-0E4F62B7D0FD,SYN-MZ-00040,7792C32C-6C35-537B-BC72-9A070AB04A12,5F3FA618-6804-5BF6-ABEE-3EB4F4986E80,3006,3,TRIAL_ENTRY,FALSE,SYNTHETIC — integrated V2 (fixed),TRUE
979E2022-CEA0-56A2-8879-F141E8407952,3FD04973-9AF4-5853-9644-4BB618BFCA5F,SYN-TR-0019,F883E21C-4C88-5C86-BDED-808DCF101BE6,SYN-MZ-00037,A6B72E18-C5D3-5221-BF83-1CC520733706,5F3FA618-6804-5BF6-ABEE-3EB4F4986E80,3007,3,TRIAL_ENTRY,TRUE,SYNTHETIC — integrated V2 (fixed),TRUE
985ABCCA-5086-5A70-96FD-BFD3EB93A5BD,3FD04973-9AF4-5853-9644-4BB618BFCA5F,SYN-TR-0019,0AF976E8-609F-54B4-93A9-F5FFB2C89CC2,SYN-MZ-00042,0FEEC837-2A9F-569C-8241-F1064D2B0F7B,5F3FA618-6804-5BF6-ABEE-3EB4F4986E80,3008,3,TRIAL_ENTRY,FALSE,SYNTHETIC — integrated V2 (fixed),TRUE
2A0EB124-244A-5FF8-8C08-4D6B85550AB2,78AF23ED-8D10-5771-A07F-43149D1F837A,SYN-TR-0020,7663F6FC-3144-5397-8DC5-49CF05A78783,SYN-MZ-00044,821907D4-DC59-577A-9AEF-7147AC62787C,2572BF96-CA50-5EC3-91AD-F909019F4756,1001,1,TRIAL_ENTRY,FALSE,SYNTHETIC — integrated V2 (fixed),TRUE
421371BD-6654-5D30-866C-33D5C63F39B4,78AF23ED-8D10-5771-A07F-43149D1F837A,SYN-TR-0020,0AF976E8-609F-54B4-93A9-F5FFB2C89CC2,SYN-MZ-00042,0FEEC837-2A9F-569C-8241-F1064D2B0F7B,2572BF96-CA50-5EC3-91AD-F909019F4756,1002,1,TRIAL_ENTRY,FALSE,SYNTHETIC — integrated V2 (fixed),TRUE
0F51B8C1-6D6C-578D-8E44-308B60236B6B,78AF23ED-8D10-5771-A07F-43149D1F837A,SYN-TR-0020,8557A22F-14B2-5381-8DF2-0E4F62B7D0FD,SYN-MZ-00040,7792C32C-6C35-537B-BC72-9A070AB04A12,2572BF96-CA50-5EC3-91AD-F909019F4756,1003,1,TRIAL_ENTRY,FALSE,SYNTHETIC — integrated V2 (fixed),TRUE
54F31510-536D-50A4-A841-905361CB84DD,78AF23ED-8D10-5771-A07F-43149D1F837A,SYN-TR-0020,80674DED-4AF0-56B4-A82F-676B047FD1F9,SYN-MZ-00043,F4C0C55F-C006-5E21-A853-B9A77654D9A0,2572BF96-CA50-5EC3-91AD-F909019F4756,1004,1,TRIAL_ENTRY,FALSE,SYNTHETIC — integrated V2 (fixed),TRUE
3B2F685E-344C-50E8-91B7-63CB27FFA621,78AF23ED-8D10-5771-A07F-43149D1F837A,SYN-TR-0020,895C37E3-3402-5903-BB78-18E139F002E0,SYN-MZ-CHK01,42CE60AF-7FF7-55CE-8F13-7705F3D9EF4B,2572BF96-CA50-5EC3-91AD-F909019F4756,1005,1,CHECK,FALSE,SYNTHETIC — integrated V2 (fixed),TRUE
F6E139E3-17FD-5665-9D87-750DC2029E38,78AF23ED-8D10-5771-A07F-43149D1F837A,SYN-TR-0020,03B42C84-51CA-5773-8E4C-295473835D66,SYN-MZ-CHK02,A92E98DA-E476-5795-8F0C-D596AF9E41F3,2572BF96-CA50-5EC3-91AD-F909019F4756,1006,1,CHECK,FALSE,SYNTHETIC — integrated V2 (fixed),TRUE
ADE7301C-D025-570E-ADB6-92E30F8B9579,78AF23ED-8D10-5771-A07F-43149D1F837A,SYN-TR-0020,420901AD-1690-56B1-A54B-E45F7104461D,SYN-MZ-00041,7FAC78D9-7ED0-574D-B76C-CB0C241C75F4,2572BF96-CA50-5EC3-91AD-F909019F4756,1007,1,TRIAL_ENTRY,FALSE,SYNTHETIC — integrated V2 (fixed),TRUE
96591E8D-9549-5F04-AB70-5F9BFD59B6C5,78AF23ED-8D10-5771-A07F-43149D1F837A,SYN-TR-0020,A60C347B-ED09-5433-86AE-8FA97C612F60,SYN-MZ-00039,40CC9002-FBC1-53C4-925F-8AD8433B2DA8,2572BF96-CA50-5EC3-91AD-F909019F4756,1008,1,TRIAL_ENTRY,TRUE,SYNTHETIC — integrated V2 (fixed),TRUE
427988EE-390C-5810-9131-D521870D0EA6,78AF23ED-8D10-5771-A07F-43149D1F837A,SYN-TR-0020,80674DED-4AF0-56B4-A82F-676B047FD1F9,SYN-MZ-00043,F4C0C55F-C006-5E21-A853-B9A77654D9A0,2572BF96-CA50-5EC3-91AD-F909019F4756,2001,2,TRIAL_ENTRY,FALSE,SYNTHETIC — integrated V2 (fixed),TRUE
C1F74439-6CD5-5CD5-A347-7DE553B49029,78AF23ED-8D10-5771-A07F-43149D1F837A,SYN-TR-0020,8557A22F-14B2-5381-8DF2-0E4F62B7D0FD,SYN-MZ-00040,7792C32C-6C35-537B-BC72-9A070AB04A12,2572BF96-CA50-5EC3-91AD-F909019F4756,2002,2,TRIAL_ENTRY,FALSE,SYNTHETIC — integrated V2 (fixed),TRUE
EACFCE92-AA38-56AA-BF65-C5424E84EDFE,78AF23ED-8D10-5771-A07F-43149D1F837A,SYN-TR-0020,895C37E3-3402-5903-BB78-18E139F002E0,SYN-MZ-CHK01,42CE60AF-7FF7-55CE-8F13-7705F3D9EF4B,2572BF96-CA50-5EC3-91AD-F909019F4756,2003,2,CHECK,FALSE,SYNTHETIC — integrated V2 (fixed),TRUE
CC8FB00E-4BBC-592C-9003-12C8F0B10A85,78AF23ED-8D10-5771-A07F-43149D1F837A,SYN-TR-0020,420901AD-1690-56B1-A54B-E45F7104461D,SYN-MZ-00041,7FAC78D9-7ED0-574D-B76C-CB0C241C75F4,2572BF96-CA50-5EC3-91AD-F909019F4756,2004,2,TRIAL_ENTRY,FALSE,SYNTHETIC — integrated V2 (fixed),TRUE
7E74C6BB-0CF8-5FD3-A91F-33D63F09AFAE,78AF23ED-8D10-5771-A07F-43149D1F837A,SYN-TR-0020,03B42C84-51CA-5773-8E4C-295473835D66,SYN-MZ-CHK02,A92E98DA-E476-5795-8F0C-D596AF9E41F3,2572BF96-CA50-5EC3-91AD-F909019F4756,2005,2,CHECK,FALSE,SYNTHETIC — integrated V2 (fixed),TRUE
664D9DCB-5ED4-5D82-95B3-C8F364D0E9FC,78AF23ED-8D10-5771-A07F-43149D1F837A,SYN-TR-0020,7663F6FC-3144-5397-8DC5-49CF05A78783,SYN-MZ-00044,821907D4-DC59-577A-9AEF-7147AC62787C,2572BF96-CA50-5EC3-91AD-F909019F4756,2006,2,TRIAL_ENTRY,FALSE,SYNTHETIC — integrated V2 (fixed),TRUE
7FAD71B7-3878-5AB1-8E08-8F35A2F15E37,78AF23ED-8D10-5771-A07F-43149D1F837A,SYN-TR-0020,0AF976E8-609F-54B4-93A9-F5FFB2C89CC2,SYN-MZ-00042,0FEEC837-2A9F-569C-8241-F1064D2B0F7B,2572BF96-CA50-5EC3-91AD-F909019F4756,2007,2,TRIAL_ENTRY,FALSE,SYNTHETIC — integrated V2 (fixed),TRUE
2DD6468D-81F7-506A-A0BC-8A4A04EA05AF,78AF23ED-8D10-5771-A07F-43149D1F837A,SYN-TR-0020,A60C347B-ED09-5433-86AE-8FA97C612F60,SYN-MZ-00039,40CC9002-FBC1-53C4-925F-8AD8433B2DA8,2572BF96-CA50-5EC3-91AD-F909019F4756,2008,2,TRIAL_ENTRY,TRUE,SYNTHETIC — integrated V2 (fixed),TRUE
80D05C77-10F1-5191-9DD9-78965543D870,78AF23ED-8D10-5771-A07F-43149D1F837A,SYN-TR-0020,0AF976E8-609F-54B4-93A9-F5FFB2C89CC2,SYN-MZ-00042,0FEEC837-2A9F-569C-8241-F1064D2B0F7B,2572BF96-CA50-5EC3-91AD-F909019F4756,3001,3,TRIAL_ENTRY,FALSE,SYNTHETIC — integrated V2 (fixed),TRUE
013D8FDA-B370-51DD-97B0-8DA864787C05,78AF23ED-8D10-5771-A07F-43149D1F837A,SYN-TR-0020,895C37E3-3402-5903-BB78-18E139F002E0,SYN-MZ-CHK01,42CE60AF-7FF7-55CE-8F13-7705F3D9EF4B,2572BF96-CA50-5EC3-91AD-F909019F4756,3002,3,CHECK,FALSE,SYNTHETIC — integrated V2 (fixed),TRUE
3F20C803-83A6-5D6B-AB4F-C0E624B6F23B,78AF23ED-8D10-5771-A07F-43149D1F837A,SYN-TR-0020,420901AD-1690-56B1-A54B-E45F7104461D,SYN-MZ-00041,7FAC78D9-7ED0-574D-B76C-CB0C241C75F4,2572BF96-CA50-5EC3-91AD-F909019F4756,3003,3,TRIAL_ENTRY,FALSE,SYNTHETIC — integrated V2 (fixed),TRUE
DD2938E6-31C2-53CC-91F6-66CE2CA4FD59,78AF23ED-8D10-5771-A07F-43149D1F837A,SYN-TR-0020,80674DED-4AF0-56B4-A82F-676B047FD1F9,SYN-MZ-00043,F4C0C55F-C006-5E21-A853-B9A77654D9A0,2572BF96-CA50-5EC3-91AD-F909019F4756,3004,3,TRIAL_ENTRY,FALSE,SYNTHETIC — integrated V2 (fixed),TRUE
07190E39-416F-5BBE-9824-F727DDDD5CA1,78AF23ED-8D10-5771-A07F-43149D1F837A,SYN-TR-0020,A60C347B-ED09-5433-86AE-8FA97C612F60,SYN-MZ-00039,40CC9002-FBC1-53C4-925F-8AD8433B2DA8,2572BF96-CA50-5EC3-91AD-F909019F4756,3005,3,TRIAL_ENTRY,TRUE,SYNTHETIC — integrated V2 (fixed),TRUE
61F442CA-95EA-5C58-8A17-2997304921BD,78AF23ED-8D10-5771-A07F-43149D1F837A,SYN-TR-0020,03B42C84-51CA-5773-8E4C-295473835D66,SYN-MZ-CHK02,A92E98DA-E476-5795-8F0C-D596AF9E41F3,2572BF96-CA50-5EC3-91AD-F909019F4756,3006,3,CHECK,FALSE,SYNTHETIC — integrated V2 (fixed),TRUE
2197BB56-58BA-58F2-90C0-8D6BFCAC4412,78AF23ED-8D10-5771-A07F-43149D1F837A,SYN-TR-0020,8557A22F-14B2-5381-8DF2-0E4F62B7D0FD,SYN-MZ-00040,7792C32C-6C35-537B-BC72-9A070AB04A12,2572BF96-CA50-5EC3-91AD-F909019F4756,3007,3,TRIAL_ENTRY,FALSE,SYNTHETIC — integrated V2 (fixed),TRUE
6C1ADAA6-4E9F-5700-84E5-58E3D19FF654,78AF23ED-8D10-5771-A07F-43149D1F837A,SYN-TR-0020,7663F6FC-3144-5397-8DC5-49CF05A78783,SYN-MZ-00044,821907D4-DC59-577A-9AEF-7147AC62787C,2572BF96-CA50-5EC3-91AD-F909019F4756,3008,3,TRIAL_ENTRY,FALSE,SYNTHETIC — integrated V2 (fixed),TRUE
803D0728-9295-50AE-91B0-6E8ACDF364B7,D0F8D9AB-B7B3-5466-8BE4-9EB5C2571ADA,SYN-TR-0021,A8A251E0-1271-51D8-829F-8F673FA25406,SYN-MZ-00046,7435A37E-6AE4-576B-86C5-344C31117F73,CE45D0E9-51DC-5B0D-9968-D90BC77256FA,1001,1,TRIAL_ENTRY,FALSE,SYNTHETIC — integrated V2 (fixed),TRUE
C6318646-93E1-5DBC-B358-991F4F244E31,D0F8D9AB-B7B3-5466-8BE4-9EB5C2571ADA,SYN-TR-0021,0AF976E8-609F-54B4-93A9-F5FFB2C89CC2,SYN-MZ-00042,0FEEC837-2A9F-569C-8241-F1064D2B0F7B,CE45D0E9-51DC-5B0D-9968-D90BC77256FA,1002,1,TRIAL_ENTRY,FALSE,SYNTHETIC — integrated V2 (fixed),TRUE
5044A027-1A18-5F97-AE95-A57EBD07100C,D0F8D9AB-B7B3-5466-8BE4-9EB5C2571ADA,SYN-TR-0021,7663F6FC-3144-5397-8DC5-49CF05A78783,SYN-MZ-00044,821907D4-DC59-577A-9AEF-7147AC62787C,CE45D0E9-51DC-5B0D-9968-D90BC77256FA,1003,1,TRIAL_ENTRY,FALSE,SYNTHETIC — integrated V2 (fixed),TRUE
967B3E8A-A30F-5BF0-B30B-7811531FCB9E,D0F8D9AB-B7B3-5466-8BE4-9EB5C2571ADA,SYN-TR-0021,03B42C84-51CA-5773-8E4C-295473835D66,SYN-MZ-CHK02,A92E98DA-E476-5795-8F0C-D596AF9E41F3,CE45D0E9-51DC-5B0D-9968-D90BC77256FA,1004,1,CHECK,FALSE,SYNTHETIC — integrated V2 (fixed),TRUE
7EEE1BA5-BB37-59DC-BBBF-1D41E7FA60CE,D0F8D9AB-B7B3-5466-8BE4-9EB5C2571ADA,SYN-TR-0021,895C37E3-3402-5903-BB78-18E139F002E0,SYN-MZ-CHK01,42CE60AF-7FF7-55CE-8F13-7705F3D9EF4B,CE45D0E9-51DC-5B0D-9968-D90BC77256FA,1005,1,CHECK,FALSE,SYNTHETIC — integrated V2 (fixed),TRUE
AE9A42F0-0A76-5471-8122-1EC5114B0DCE,D0F8D9AB-B7B3-5466-8BE4-9EB5C2571ADA,SYN-TR-0021,55B1F533-E637-592C-BE49-07B3119C93B6,SYN-MZ-00045,03D4FF43-A553-5DEA-894E-1E0AF9723254,CE45D0E9-51DC-5B0D-9968-D90BC77256FA,1006,1,TRIAL_ENTRY,FALSE,SYNTHETIC — integrated V2 (fixed),TRUE
15162388-50E7-5A8A-8D91-049CABF4EDA3,D0F8D9AB-B7B3-5466-8BE4-9EB5C2571ADA,SYN-TR-0021,420901AD-1690-56B1-A54B-E45F7104461D,SYN-MZ-00041,7FAC78D9-7ED0-574D-B76C-CB0C241C75F4,CE45D0E9-51DC-5B0D-9968-D90BC77256FA,1007,1,TRIAL_ENTRY,TRUE,SYNTHETIC — integrated V2 (fixed),TRUE
6B1347FD-C4C9-5C8E-964C-03D809D125C7,D0F8D9AB-B7B3-5466-8BE4-9EB5C2571ADA,SYN-TR-0021,80674DED-4AF0-56B4-A82F-676B047FD1F9,SYN-MZ-00043,F4C0C55F-C006-5E21-A853-B9A77654D9A0,CE45D0E9-51DC-5B0D-9968-D90BC77256FA,1008,1,TRIAL_ENTRY,FALSE,SYNTHETIC — integrated V2 (fixed),TRUE
46134EC2-D08B-5AB4-9BAC-75CD02BA8BCA,D0F8D9AB-B7B3-5466-8BE4-9EB5C2571ADA,SYN-TR-0021,420901AD-1690-56B1-A54B-E45F7104461D,SYN-MZ-00041,7FAC78D9-7ED0-574D-B76C-CB0C241C75F4,CE45D0E9-51DC-5B0D-9968-D90BC77256FA,2001,2,TRIAL_ENTRY,TRUE,SYNTHETIC — integrated V2 (fixed),TRUE
118E00E8-28BB-5C50-8DE9-C614B2ED8D96,D0F8D9AB-B7B3-5466-8BE4-9EB5C2571ADA,SYN-TR-0021,03B42C84-51CA-5773-8E4C-295473835D66,SYN-MZ-CHK02,A92E98DA-E476-5795-8F0C-D596AF9E41F3,CE45D0E9-51DC-5B0D-9968-D90BC77256FA,2002,2,CHECK,FALSE,SYNTHETIC — integrated V2 (fixed),TRUE
D81B90EB-EE4C-5F8B-9CEC-958536B89963,D0F8D9AB-B7B3-5466-8BE4-9EB5C2571ADA,SYN-TR-0021,55B1F533-E637-592C-BE49-07B3119C93B6,SYN-MZ-00045,03D4FF43-A553-5DEA-894E-1E0AF9723254,CE45D0E9-51DC-5B0D-9968-D90BC77256FA,2003,2,TRIAL_ENTRY,FALSE,SYNTHETIC — integrated V2 (fixed),TRUE
4C3430E0-4640-523D-8F38-C3FA863927D1,D0F8D9AB-B7B3-5466-8BE4-9EB5C2571ADA,SYN-TR-0021,0AF976E8-609F-54B4-93A9-F5FFB2C89CC2,SYN-MZ-00042,0FEEC837-2A9F-569C-8241-F1064D2B0F7B,CE45D0E9-51DC-5B0D-9968-D90BC77256FA,2004,2,TRIAL_ENTRY,FALSE,SYNTHETIC — integrated V2 (fixed),TRUE
8F43E090-4399-5BDC-AE83-D109D0140247,D0F8D9AB-B7B3-5466-8BE4-9EB5C2571ADA,SYN-TR-0021,7663F6FC-3144-5397-8DC5-49CF05A78783,SYN-MZ-00044,821907D4-DC59-577A-9AEF-7147AC62787C,CE45D0E9-51DC-5B0D-9968-D90BC77256FA,2005,2,TRIAL_ENTRY,FALSE,SYNTHETIC — integrated V2 (fixed),TRUE
D81107DC-214A-50C1-8418-66FE2DC1F31D,D0F8D9AB-B7B3-5466-8BE4-9EB5C2571ADA,SYN-TR-0021,895C37E3-3402-5903-BB78-18E139F002E0,SYN-MZ-CHK01,42CE60AF-7FF7-55CE-8F13-7705F3D9EF4B,CE45D0E9-51DC-5B0D-9968-D90BC77256FA,2006,2,CHECK,FALSE,SYNTHETIC — integrated V2 (fixed),TRUE
DB3071A9-C775-5FC7-9DB3-02253754D874,D0F8D9AB-B7B3-5466-8BE4-9EB5C2571ADA,SYN-TR-0021,80674DED-4AF0-56B4-A82F-676B047FD1F9,SYN-MZ-00043,F4C0C55F-C006-5E21-A853-B9A77654D9A0,CE45D0E9-51DC-5B0D-9968-D90BC77256FA,2007,2,TRIAL_ENTRY,FALSE,SYNTHETIC — integrated V2 (fixed),TRUE
2E3189D6-A592-568C-8CFC-332236C5DAF8,D0F8D9AB-B7B3-5466-8BE4-9EB5C2571ADA,SYN-TR-0021,A8A251E0-1271-51D8-829F-8F673FA25406,SYN-MZ-00046,7435A37E-6AE4-576B-86C5-344C31117F73,CE45D0E9-51DC-5B0D-9968-D90BC77256FA,2008,2,TRIAL_ENTRY,FALSE,SYNTHETIC — integrated V2 (fixed),TRUE
63296B6B-2A57-51EB-B684-04D6CDEF42C8,D0F8D9AB-B7B3-5466-8BE4-9EB5C2571ADA,SYN-TR-0021,A8A251E0-1271-51D8-829F-8F673FA25406,SYN-MZ-00046,7435A37E-6AE4-576B-86C5-344C31117F73,CE45D0E9-51DC-5B0D-9968-D90BC77256FA,3001,3,TRIAL_ENTRY,FALSE,SYNTHETIC — integrated V2 (fixed),TRUE
F0E66A56-A7D7-5406-845C-08DB44F28569,D0F8D9AB-B7B3-5466-8BE4-9EB5C2571ADA,SYN-TR-0021,895C37E3-3402-5903-BB78-18E139F002E0,SYN-MZ-CHK01,42CE60AF-7FF7-55CE-8F13-7705F3D9EF4B,CE45D0E9-51DC-5B0D-9968-D90BC77256FA,3002,3,CHECK,FALSE,SYNTHETIC — integrated V2 (fixed),TRUE
E3E843A8-5A85-5D43-846D-52480576DC57,D0F8D9AB-B7B3-5466-8BE4-9EB5C2571ADA,SYN-TR-0021,03B42C84-51CA-5773-8E4C-295473835D66,SYN-MZ-CHK02,A92E98DA-E476-5795-8F0C-D596AF9E41F3,CE45D0E9-51DC-5B0D-9968-D90BC77256FA,3003,3,CHECK,FALSE,SYNTHETIC — integrated V2 (fixed),TRUE
82811BBF-9820-5B9C-AF4B-99CD5F8529EB,D0F8D9AB-B7B3-5466-8BE4-9EB5C2571ADA,SYN-TR-0021,420901AD-1690-56B1-A54B-E45F7104461D,SYN-MZ-00041,7FAC78D9-7ED0-574D-B76C-CB0C241C75F4,CE45D0E9-51DC-5B0D-9968-D90BC77256FA,3004,3,TRIAL_ENTRY,TRUE,SYNTHETIC — integrated V2 (fixed),TRUE
58373E99-7105-58FB-81F2-C6939FC32D36,D0F8D9AB-B7B3-5466-8BE4-9EB5C2571ADA,SYN-TR-0021,55B1F533-E637-592C-BE49-07B3119C93B6,SYN-MZ-00045,03D4FF43-A553-5DEA-894E-1E0AF9723254,CE45D0E9-51DC-5B0D-9968-D90BC77256FA,3005,3,TRIAL_ENTRY,FALSE,SYNTHETIC — integrated V2 (fixed),TRUE
B53E4B49-61E5-5917-B28B-8FCAB012EC43,D0F8D9AB-B7B3-5466-8BE4-9EB5C2571ADA,SYN-TR-0021,0AF976E8-609F-54B4-93A9-F5FFB2C89CC2,SYN-MZ-00042,0FEEC837-2A9F-569C-8241-F1064D2B0F7B,CE45D0E9-51DC-5B0D-9968-D90BC77256FA,3006,3,TRIAL_ENTRY,FALSE,SYNTHETIC — integrated V2 (fixed),TRUE
2412C8BF-FFD5-5F0F-A20F-C51F09E1C835,D0F8D9AB-B7B3-5466-8BE4-9EB5C2571ADA,SYN-TR-0021,80674DED-4AF0-56B4-A82F-676B047FD1F9,SYN-MZ-00043,F4C0C55F-C006-5E21-A853-B9A77654D9A0,CE45D0E9-51DC-5B0D-9968-D90BC77256FA,3007,3,TRIAL_ENTRY,FALSE,SYNTHETIC — integrated V2 (fixed),TRUE
6637B8F2-1CCE-5C01-9319-2A5285F43850,D0F8D9AB-B7B3-5466-8BE4-9EB5C2571ADA,SYN-TR-0021,7663F6FC-3144-5397-8DC5-49CF05A78783,SYN-MZ-00044,821907D4-DC59-577A-9AEF-7147AC62787C,CE45D0E9-51DC-5B0D-9968-D90BC77256FA,3008,3,TRIAL_ENTRY,FALSE,SYNTHETIC — integrated V2 (fixed),TRUE
AB3272BA-DC17-5CC5-96AE-6E86223AABE1,A3957F83-AE7F-5602-B08A-23FFBA223FFF,SYN-TR-0022,7663F6FC-3144-5397-8DC5-49CF05A78783,SYN-MZ-00044,821907D4-DC59-577A-9AEF-7147AC62787C,8EAEF18F-8687-5D3B-8545-7C12C86FBA58,1001,1,TRIAL_ENTRY,FALSE,SYNTHETIC — integrated V2 (fixed),TRUE
93BC5883-188A-5324-98EC-40CD2CC0EC76,A3957F83-AE7F-5602-B08A-23FFBA223FFF,SYN-TR-0022,A8A251E0-1271-51D8-829F-8F673FA25406,SYN-MZ-00046,7435A37E-6AE4-576B-86C5-344C31117F73,8EAEF18F-8687-5D3B-8545-7C12C86FBA58,1002,1,TRIAL_ENTRY,FALSE,SYNTHETIC — integrated V2 (fixed),TRUE
7381A336-E407-5C74-A031-A13C1EF7E60B,A3957F83-AE7F-5602-B08A-23FFBA223FFF,SYN-TR-0022,4FEFE8DE-C128-57D8-B2A9-D05EA011ABBB,SYN-MZ-00047,DB2B0A6D-97DD-5586-BAD3-7D1B288C8C53,8EAEF18F-8687-5D3B-8545-7C12C86FBA58,1003,1,TRIAL_ENTRY,FALSE,SYNTHETIC — integrated V2 (fixed),TRUE
5C9BCBE8-ED54-59DB-AF36-8BE5CB5AB87D,A3957F83-AE7F-5602-B08A-23FFBA223FFF,SYN-TR-0022,03B42C84-51CA-5773-8E4C-295473835D66,SYN-MZ-CHK02,A92E98DA-E476-5795-8F0C-D596AF9E41F3,8EAEF18F-8687-5D3B-8545-7C12C86FBA58,1004,1,CHECK,FALSE,SYNTHETIC — integrated V2 (fixed),TRUE
A87CF420-456B-5A2B-923C-D64048D7D794,A3957F83-AE7F-5602-B08A-23FFBA223FFF,SYN-TR-0022,E79AFB8F-D81A-5126-9812-31F64FF56B0A,SYN-MZ-00048,3ACDB849-98D0-592C-8648-DE05039C8B28,8EAEF18F-8687-5D3B-8545-7C12C86FBA58,1005,1,TRIAL_ENTRY,FALSE,SYNTHETIC — integrated V2 (fixed),TRUE
1139DAB6-2EA0-5B70-A4DE-DCFD3BB4C711,A3957F83-AE7F-5602-B08A-23FFBA223FFF,SYN-TR-0022,55B1F533-E637-592C-BE49-07B3119C93B6,SYN-MZ-00045,03D4FF43-A553-5DEA-894E-1E0AF9723254,8EAEF18F-8687-5D3B-8545-7C12C86FBA58,1006,1,TRIAL_ENTRY,FALSE,SYNTHETIC — integrated V2 (fixed),TRUE
7467EF4D-C244-5627-8A7E-5CB3F6902BC2,A3957F83-AE7F-5602-B08A-23FFBA223FFF,SYN-TR-0022,80674DED-4AF0-56B4-A82F-676B047FD1F9,SYN-MZ-00043,F4C0C55F-C006-5E21-A853-B9A77654D9A0,8EAEF18F-8687-5D3B-8545-7C12C86FBA58,1007,1,TRIAL_ENTRY,TRUE,SYNTHETIC — integrated V2 (fixed),TRUE
D0CB3051-0012-5249-9002-EB2C71EA9980,A3957F83-AE7F-5602-B08A-23FFBA223FFF,SYN-TR-0022,895C37E3-3402-5903-BB78-18E139F002E0,SYN-MZ-CHK01,42CE60AF-7FF7-55CE-8F13-7705F3D9EF4B,8EAEF18F-8687-5D3B-8545-7C12C86FBA58,1008,1,CHECK,FALSE,SYNTHETIC — integrated V2 (fixed),TRUE
D5F5FEE4-0E9C-5D82-9254-1C36672D985B,A3957F83-AE7F-5602-B08A-23FFBA223FFF,SYN-TR-0022,03B42C84-51CA-5773-8E4C-295473835D66,SYN-MZ-CHK02,A92E98DA-E476-5795-8F0C-D596AF9E41F3,8EAEF18F-8687-5D3B-8545-7C12C86FBA58,2001,2,CHECK,FALSE,SYNTHETIC — integrated V2 (fixed),TRUE
2890771A-2187-5C0F-BA90-C5B3D882AD64,A3957F83-AE7F-5602-B08A-23FFBA223FFF,SYN-TR-0022,4FEFE8DE-C128-57D8-B2A9-D05EA011ABBB,SYN-MZ-00047,DB2B0A6D-97DD-5586-BAD3-7D1B288C8C53,8EAEF18F-8687-5D3B-8545-7C12C86FBA58,2002,2,TRIAL_ENTRY,FALSE,SYNTHETIC — integrated V2 (fixed),TRUE
F498D4F1-4032-5769-88C5-D6E415CF340E,A3957F83-AE7F-5602-B08A-23FFBA223FFF,SYN-TR-0022,7663F6FC-3144-5397-8DC5-49CF05A78783,SYN-MZ-00044,821907D4-DC59-577A-9AEF-7147AC62787C,8EAEF18F-8687-5D3B-8545-7C12C86FBA58,2003,2,TRIAL_ENTRY,FALSE,SYNTHETIC — integrated V2 (fixed),TRUE
1A84B0F9-1BAC-56AE-B74C-665862B511AD,A3957F83-AE7F-5602-B08A-23FFBA223FFF,SYN-TR-0022,55B1F533-E637-592C-BE49-07B3119C93B6,SYN-MZ-00045,03D4FF43-A553-5DEA-894E-1E0AF9723254,8EAEF18F-8687-5D3B-8545-7C12C86FBA58,2004,2,TRIAL_ENTRY,FALSE,SYNTHETIC — integrated V2 (fixed),TRUE
EE91FC5D-3806-522C-BC5D-211C867E5500,A3957F83-AE7F-5602-B08A-23FFBA223FFF,SYN-TR-0022,A8A251E0-1271-51D8-829F-8F673FA25406,SYN-MZ-00046,7435A37E-6AE4-576B-86C5-344C31117F73,8EAEF18F-8687-5D3B-8545-7C12C86FBA58,2005,2,TRIAL_ENTRY,FALSE,SYNTHETIC — integrated V2 (fixed),TRUE
E7BC5437-720D-5753-B338-8CF218F11AFC,A3957F83-AE7F-5602-B08A-23FFBA223FFF,SYN-TR-0022,895C37E3-3402-5903-BB78-18E139F002E0,SYN-MZ-CHK01,42CE60AF-7FF7-55CE-8F13-7705F3D9EF4B,8EAEF18F-8687-5D3B-8545-7C12C86FBA58,2006,2,CHECK,FALSE,SYNTHETIC — integrated V2 (fixed),TRUE
6A264BC6-9F7E-5B7B-8405-ECE808E6FB08,A3957F83-AE7F-5602-B08A-23FFBA223FFF,SYN-TR-0022,80674DED-4AF0-56B4-A82F-676B047FD1F9,SYN-MZ-00043,F4C0C55F-C006-5E21-A853-B9A77654D9A0,8EAEF18F-8687-5D3B-8545-7C12C86FBA58,2007,2,TRIAL_ENTRY,TRUE,SYNTHETIC — integrated V2 (fixed),TRUE
D02417D3-8A11-5190-8FE9-470CD121B56C,A3957F83-AE7F-5602-B08A-23FFBA223FFF,SYN-TR-0022,E79AFB8F-D81A-5126-9812-31F64FF56B0A,SYN-MZ-00048,3ACDB849-98D0-592C-8648-DE05039C8B28,8EAEF18F-8687-5D3B-8545-7C12C86FBA58,2008,2,TRIAL_ENTRY,FALSE,SYNTHETIC — integrated V2 (fixed),TRUE
268C73B4-4823-5E10-8151-1825901514A5,A3957F83-AE7F-5602-B08A-23FFBA223FFF,SYN-TR-0022,4FEFE8DE-C128-57D8-B2A9-D05EA011ABBB,SYN-MZ-00047,DB2B0A6D-97DD-5586-BAD3-7D1B288C8C53,8EAEF18F-8687-5D3B-8545-7C12C86FBA58,3001,3,TRIAL_ENTRY,FALSE,SYNTHETIC — integrated V2 (fixed),TRUE
EE99239C-6949-5CFC-91DD-D53BDF208478,A3957F83-AE7F-5602-B08A-23FFBA223FFF,SYN-TR-0022,7663F6FC-3144-5397-8DC5-49CF05A78783,SYN-MZ-00044,821907D4-DC59-577A-9AEF-7147AC62787C,8EAEF18F-8687-5D3B-8545-7C12C86FBA58,3002,3,TRIAL_ENTRY,FALSE,SYNTHETIC — integrated V2 (fixed),TRUE
04B0500E-37F6-58BE-AAAB-E642E0D51777,A3957F83-AE7F-5602-B08A-23FFBA223FFF,SYN-TR-0022,E79AFB8F-D81A-5126-9812-31F64FF56B0A,SYN-MZ-00048,3ACDB849-98D0-592C-8648-DE05039C8B28,8EAEF18F-8687-5D3B-8545-7C12C86FBA58,3003,3,TRIAL_ENTRY,FALSE,SYNTHETIC — integrated V2 (fixed),TRUE
EC0A2D8B-5B33-5EC4-81F0-094A9D133C86,A3957F83-AE7F-5602-B08A-23FFBA223FFF,SYN-TR-0022,55B1F533-E637-592C-BE49-07B3119C93B6,SYN-MZ-00045,03D4FF43-A553-5DEA-894E-1E0AF9723254,8EAEF18F-8687-5D3B-8545-7C12C86FBA58,3004,3,TRIAL_ENTRY,FALSE,SYNTHETIC — integrated V2 (fixed),TRUE
31EBD594-761D-5CA1-BAB4-EDE2735DD6DA,A3957F83-AE7F-5602-B08A-23FFBA223FFF,SYN-TR-0022,A8A251E0-1271-51D8-829F-8F673FA25406,SYN-MZ-00046,7435A37E-6AE4-576B-86C5-344C31117F73,8EAEF18F-8687-5D3B-8545-7C12C86FBA58,3005,3,TRIAL_ENTRY,FALSE,SYNTHETIC — integrated V2 (fixed),TRUE
E9022FB2-8DFD-5A83-81C3-3AC0C8D97FE0,A3957F83-AE7F-5602-B08A-23FFBA223FFF,SYN-TR-0022,895C37E3-3402-5903-BB78-18E139F002E0,SYN-MZ-CHK01,42CE60AF-7FF7-55CE-8F13-7705F3D9EF4B,8EAEF18F-8687-5D3B-8545-7C12C86FBA58,3006,3,CHECK,FALSE,SYNTHETIC — integrated V2 (fixed),TRUE
7AC082FC-94A7-5F2D-8F89-E7D15ABD7F94,A3957F83-AE7F-5602-B08A-23FFBA223FFF,SYN-TR-0022,03B42C84-51CA-5773-8E4C-295473835D66,SYN-MZ-CHK02,A92E98DA-E476-5795-8F0C-D596AF9E41F3,8EAEF18F-8687-5D3B-8545-7C12C86FBA58,3007,3,CHECK,FALSE,SYNTHETIC — integrated V2 (fixed),TRUE
A9FB1801-868E-5BB0-B64F-7CA8A3A2691A,A3957F83-AE7F-5602-B08A-23FFBA223FFF,SYN-TR-0022,80674DED-4AF0-56B4-A82F-676B047FD1F9,SYN-MZ-00043,F4C0C55F-C006-5E21-A853-B9A77654D9A0,8EAEF18F-8687-5D3B-8545-7C12C86FBA58,3008,3,TRIAL_ENTRY,TRUE,SYNTHETIC — integrated V2 (fixed),TRUE
FDD74537-145D-50D6-A85C-BB086B88B505,F6FB6E68-EB33-56F8-98D7-101E9EFD2B2C,SYN-TR-0023,A8A251E0-1271-51D8-829F-8F673FA25406,SYN-MZ-00046,7435A37E-6AE4-576B-86C5-344C31117F73,9D4BE0BD-6683-543D-916B-FC90533AB0FE,1001,1,TRIAL_ENTRY,FALSE,SYNTHETIC — integrated V2 (fixed),TRUE
7B847066-C874-5BB5-932F-350398EFDAE0,F6FB6E68-EB33-56F8-98D7-101E9EFD2B2C,SYN-TR-0023,06BC0CE1-AE47-507E-B88E-0EB0637E5F30,SYN-MZ-00049,6B7B503A-911C-538B-B022-7A5D1B42ACE9,9D4BE0BD-6683-543D-916B-FC90533AB0FE,1002,1,TRIAL_ENTRY,FALSE,SYNTHETIC — integrated V2 (fixed),TRUE
5734D5B6-3B33-5DC4-A602-503454C185F3,F6FB6E68-EB33-56F8-98D7-101E9EFD2B2C,SYN-TR-0023,895C37E3-3402-5903-BB78-18E139F002E0,SYN-MZ-CHK01,42CE60AF-7FF7-55CE-8F13-7705F3D9EF4B,9D4BE0BD-6683-543D-916B-FC90533AB0FE,1003,1,CHECK,FALSE,SYNTHETIC — integrated V2 (fixed),TRUE
1F82392F-C5FF-57B1-B664-7DC1489420D5,F6FB6E68-EB33-56F8-98D7-101E9EFD2B2C,SYN-TR-0023,03B42C84-51CA-5773-8E4C-295473835D66,SYN-MZ-CHK02,A92E98DA-E476-5795-8F0C-D596AF9E41F3,9D4BE0BD-6683-543D-916B-FC90533AB0FE,1004,1,CHECK,FALSE,SYNTHETIC — integrated V2 (fixed),TRUE
1B00FB37-167D-5FD5-9E7D-2535DC3B2E5F,F6FB6E68-EB33-56F8-98D7-101E9EFD2B2C,SYN-TR-0023,E79AFB8F-D81A-5126-9812-31F64FF56B0A,SYN-MZ-00048,3ACDB849-98D0-592C-8648-DE05039C8B28,9D4BE0BD-6683-543D-916B-FC90533AB0FE,1005,1,TRIAL_ENTRY,FALSE,SYNTHETIC — integrated V2 (fixed),TRUE
BF4FCD11-53FA-5224-A18C-03D1036E6055,F6FB6E68-EB33-56F8-98D7-101E9EFD2B2C,SYN-TR-0023,B69CE732-6878-52F2-B41E-F0F303A6AA18,SYN-MZ-00050,AA254C0C-B6D9-51FA-BFE0-8BFCE2D63FD9,9D4BE0BD-6683-543D-916B-FC90533AB0FE,1006,1,TRIAL_ENTRY,FALSE,SYNTHETIC — integrated V2 (fixed),TRUE
B89FBED9-79E0-58F9-976A-314B4C4A4DB3,F6FB6E68-EB33-56F8-98D7-101E9EFD2B2C,SYN-TR-0023,4FEFE8DE-C128-57D8-B2A9-D05EA011ABBB,SYN-MZ-00047,DB2B0A6D-97DD-5586-BAD3-7D1B288C8C53,9D4BE0BD-6683-543D-916B-FC90533AB0FE,1007,1,TRIAL_ENTRY,FALSE,SYNTHETIC — integrated V2 (fixed),TRUE
2F3D0F9E-5D24-59CD-AFE4-96920635FE5A,F6FB6E68-EB33-56F8-98D7-101E9EFD2B2C,SYN-TR-0023,55B1F533-E637-592C-BE49-07B3119C93B6,SYN-MZ-00045,03D4FF43-A553-5DEA-894E-1E0AF9723254,9D4BE0BD-6683-543D-916B-FC90533AB0FE,1008,1,TRIAL_ENTRY,TRUE,SYNTHETIC — integrated V2 (fixed),TRUE
1FA2071B-E94C-5D9F-AF41-D214A47E2DC9,F6FB6E68-EB33-56F8-98D7-101E9EFD2B2C,SYN-TR-0023,06BC0CE1-AE47-507E-B88E-0EB0637E5F30,SYN-MZ-00049,6B7B503A-911C-538B-B022-7A5D1B42ACE9,9D4BE0BD-6683-543D-916B-FC90533AB0FE,2001,2,TRIAL_ENTRY,FALSE,SYNTHETIC — integrated V2 (fixed),TRUE
826CC17E-B5A8-5337-AE9C-57324320559D,F6FB6E68-EB33-56F8-98D7-101E9EFD2B2C,SYN-TR-0023,E79AFB8F-D81A-5126-9812-31F64FF56B0A,SYN-MZ-00048,3ACDB849-98D0-592C-8648-DE05039C8B28,9D4BE0BD-6683-543D-916B-FC90533AB0FE,2002,2,TRIAL_ENTRY,FALSE,SYNTHETIC — integrated V2 (fixed),TRUE
F314FC3E-905E-53CC-8166-BEA52DCE8134,F6FB6E68-EB33-56F8-98D7-101E9EFD2B2C,SYN-TR-0023,4FEFE8DE-C128-57D8-B2A9-D05EA011ABBB,SYN-MZ-00047,DB2B0A6D-97DD-5586-BAD3-7D1B288C8C53,9D4BE0BD-6683-543D-916B-FC90533AB0FE,2003,2,TRIAL_ENTRY,FALSE,SYNTHETIC — integrated V2 (fixed),TRUE
A33BF53A-30B6-51DC-B246-E8BC46DCAF11,F6FB6E68-EB33-56F8-98D7-101E9EFD2B2C,SYN-TR-0023,03B42C84-51CA-5773-8E4C-295473835D66,SYN-MZ-CHK02,A92E98DA-E476-5795-8F0C-D596AF9E41F3,9D4BE0BD-6683-543D-916B-FC90533AB0FE,2004,2,CHECK,FALSE,SYNTHETIC — integrated V2 (fixed),TRUE
7DB78BA4-E469-5F6A-9249-92E26A8C5F70,F6FB6E68-EB33-56F8-98D7-101E9EFD2B2C,SYN-TR-0023,55B1F533-E637-592C-BE49-07B3119C93B6,SYN-MZ-00045,03D4FF43-A553-5DEA-894E-1E0AF9723254,9D4BE0BD-6683-543D-916B-FC90533AB0FE,2005,2,TRIAL_ENTRY,TRUE,SYNTHETIC — integrated V2 (fixed),TRUE
04A574DA-666C-50DD-A9BB-F819D188F4F4,F6FB6E68-EB33-56F8-98D7-101E9EFD2B2C,SYN-TR-0023,A8A251E0-1271-51D8-829F-8F673FA25406,SYN-MZ-00046,7435A37E-6AE4-576B-86C5-344C31117F73,9D4BE0BD-6683-543D-916B-FC90533AB0FE,2006,2,TRIAL_ENTRY,FALSE,SYNTHETIC — integrated V2 (fixed),TRUE
667D7F7E-258B-54E0-91FC-582F8749E96F,F6FB6E68-EB33-56F8-98D7-101E9EFD2B2C,SYN-TR-0023,895C37E3-3402-5903-BB78-18E139F002E0,SYN-MZ-CHK01,42CE60AF-7FF7-55CE-8F13-7705F3D9EF4B,9D4BE0BD-6683-543D-916B-FC90533AB0FE,2007,2,CHECK,FALSE,SYNTHETIC — integrated V2 (fixed),TRUE
D739F53D-A77D-521D-AA8C-9C386A52D77B,F6FB6E68-EB33-56F8-98D7-101E9EFD2B2C,SYN-TR-0023,B69CE732-6878-52F2-B41E-F0F303A6AA18,SYN-MZ-00050,AA254C0C-B6D9-51FA-BFE0-8BFCE2D63FD9,9D4BE0BD-6683-543D-916B-FC90533AB0FE,2008,2,TRIAL_ENTRY,FALSE,SYNTHETIC — integrated V2 (fixed),TRUE
CEE7BB2F-608A-5DE3-AF89-DBEE95F43E2E,F6FB6E68-EB33-56F8-98D7-101E9EFD2B2C,SYN-TR-0023,03B42C84-51CA-5773-8E4C-295473835D66,SYN-MZ-CHK02,A92E98DA-E476-5795-8F0C-D596AF9E41F3,9D4BE0BD-6683-543D-916B-FC90533AB0FE,3001,3,CHECK,FALSE,SYNTHETIC — integrated V2 (fixed),TRUE
83CEE909-435A-5664-8367-B2C67143A464,F6FB6E68-EB33-56F8-98D7-101E9EFD2B2C,SYN-TR-0023,B69CE732-6878-52F2-B41E-F0F303A6AA18,SYN-MZ-00050,AA254C0C-B6D9-51FA-BFE0-8BFCE2D63FD9,9D4BE0BD-6683-543D-916B-FC90533AB0FE,3002,3,TRIAL_ENTRY,FALSE,SYNTHETIC — integrated V2 (fixed),TRUE
A7978DA7-B3C1-5DAE-B144-F906DAEC9336,F6FB6E68-EB33-56F8-98D7-101E9EFD2B2C,SYN-TR-0023,4FEFE8DE-C128-57D8-B2A9-D05EA011ABBB,SYN-MZ-00047,DB2B0A6D-97DD-5586-BAD3-7D1B288C8C53,9D4BE0BD-6683-543D-916B-FC90533AB0FE,3003,3,TRIAL_ENTRY,FALSE,SYNTHETIC — integrated V2 (fixed),TRUE
90CCC7BB-7AC0-5450-970E-4C0CBCD07B1D,F6FB6E68-EB33-56F8-98D7-101E9EFD2B2C,SYN-TR-0023,E79AFB8F-D81A-5126-9812-31F64FF56B0A,SYN-MZ-00048,3ACDB849-98D0-592C-8648-DE05039C8B28,9D4BE0BD-6683-543D-916B-FC90533AB0FE,3004,3,TRIAL_ENTRY,FALSE,SYNTHETIC — integrated V2 (fixed),TRUE
6AF23A5B-0E41-51A8-92C3-169DD384F9D3,F6FB6E68-EB33-56F8-98D7-101E9EFD2B2C,SYN-TR-0023,895C37E3-3402-5903-BB78-18E139F002E0,SYN-MZ-CHK01,42CE60AF-7FF7-55CE-8F13-7705F3D9EF4B,9D4BE0BD-6683-543D-916B-FC90533AB0FE,3005,3,CHECK,FALSE,SYNTHETIC — integrated V2 (fixed),TRUE
ADA9859F-3CDA-5C8B-8A0E-016E37832874,F6FB6E68-EB33-56F8-98D7-101E9EFD2B2C,SYN-TR-0023,06BC0CE1-AE47-507E-B88E-0EB0637E5F30,SYN-MZ-00049,6B7B503A-911C-538B-B022-7A5D1B42ACE9,9D4BE0BD-6683-543D-916B-FC90533AB0FE,3006,3,TRIAL_ENTRY,FALSE,SYNTHETIC — integrated V2 (fixed),TRUE
AB4E4B6B-DAE8-5A37-8E30-69DE3472A023,F6FB6E68-EB33-56F8-98D7-101E9EFD2B2C,SYN-TR-0023,A8A251E0-1271-51D8-829F-8F673FA25406,SYN-MZ-00046,7435A37E-6AE4-576B-86C5-344C31117F73,9D4BE0BD-6683-543D-916B-FC90533AB0FE,3007,3,TRIAL_ENTRY,FALSE,SYNTHETIC — integrated V2 (fixed),TRUE
CB8AD28B-60FF-5F24-8044-E2C2F49172E6,F6FB6E68-EB33-56F8-98D7-101E9EFD2B2C,SYN-TR-0023,55B1F533-E637-592C-BE49-07B3119C93B6,SYN-MZ-00045,03D4FF43-A553-5DEA-894E-1E0AF9723254,9D4BE0BD-6683-543D-916B-FC90533AB0FE,3008,3,TRIAL_ENTRY,TRUE,SYNTHETIC — integrated V2 (fixed),TRUE
CD338806-E7E3-5F42-89AB-1FFFDB75AF5B,5C4A529E-49AE-59CD-94AB-2FD1539D897B,SYN-TR-0024,B69CE732-6878-52F2-B41E-F0F303A6AA18,SYN-MZ-00050,AA254C0C-B6D9-51FA-BFE0-8BFCE2D63FD9,C502B8E6-68B3-5E91-B914-052755B5D2B2,1001,1,TRIAL_ENTRY,FALSE,SYNTHETIC — integrated V2 (fixed),TRUE
C85D6A79-BA81-5001-9317-625FF260E3C8,5C4A529E-49AE-59CD-94AB-2FD1539D897B,SYN-TR-0024,895C37E3-3402-5903-BB78-18E139F002E0,SYN-MZ-CHK01,42CE60AF-7FF7-55CE-8F13-7705F3D9EF4B,C502B8E6-68B3-5E91-B914-052755B5D2B2,1002,1,CHECK,FALSE,SYNTHETIC — integrated V2 (fixed),TRUE
200B9C6F-1CCD-5FF7-8FD0-DBCBAE5BC4A9,5C4A529E-49AE-59CD-94AB-2FD1539D897B,SYN-TR-0024,4FEFE8DE-C128-57D8-B2A9-D05EA011ABBB,SYN-MZ-00047,DB2B0A6D-97DD-5586-BAD3-7D1B288C8C53,C502B8E6-68B3-5E91-B914-052755B5D2B2,1003,1,TRIAL_ENTRY,TRUE,SYNTHETIC — integrated V2 (fixed),TRUE
5609C51E-1138-5EF3-84CB-0A4A69E99532,5C4A529E-49AE-59CD-94AB-2FD1539D897B,SYN-TR-0024,8E68A5E4-3124-5DE1-83AC-BC1848ADCF30,SYN-MZ-00051,A5E8B36E-2268-5F22-9298-DF417A775CAA,C502B8E6-68B3-5E91-B914-052755B5D2B2,1004,1,TRIAL_ENTRY,FALSE,SYNTHETIC — integrated V2 (fixed),TRUE
06559C79-F128-5216-8BB3-CB074161BD29,5C4A529E-49AE-59CD-94AB-2FD1539D897B,SYN-TR-0024,06BC0CE1-AE47-507E-B88E-0EB0637E5F30,SYN-MZ-00049,6B7B503A-911C-538B-B022-7A5D1B42ACE9,C502B8E6-68B3-5E91-B914-052755B5D2B2,1005,1,TRIAL_ENTRY,FALSE,SYNTHETIC — integrated V2 (fixed),TRUE
5B6C6989-17D8-5623-A858-6D030111D755,5C4A529E-49AE-59CD-94AB-2FD1539D897B,SYN-TR-0024,E79AFB8F-D81A-5126-9812-31F64FF56B0A,SYN-MZ-00048,3ACDB849-98D0-592C-8648-DE05039C8B28,C502B8E6-68B3-5E91-B914-052755B5D2B2,1006,1,TRIAL_ENTRY,FALSE,SYNTHETIC — integrated V2 (fixed),TRUE
39008476-C70A-5E53-A2FC-AEC17A9C800E,5C4A529E-49AE-59CD-94AB-2FD1539D897B,SYN-TR-0024,03B42C84-51CA-5773-8E4C-295473835D66,SYN-MZ-CHK02,A92E98DA-E476-5795-8F0C-D596AF9E41F3,C502B8E6-68B3-5E91-B914-052755B5D2B2,1007,1,CHECK,FALSE,SYNTHETIC — integrated V2 (fixed),TRUE
7A8E0104-797E-52EC-A311-BC032E97B9D7,5C4A529E-49AE-59CD-94AB-2FD1539D897B,SYN-TR-0024,83143D05-79E7-5E13-A6B3-388172D0E91B,SYN-MZ-00052,5108B4A8-15AC-50F6-A6D4-CBF3AF714A4C,C502B8E6-68B3-5E91-B914-052755B5D2B2,1008,1,TRIAL_ENTRY,FALSE,SYNTHETIC — integrated V2 (fixed),TRUE
14179B44-8663-552B-AE49-202D73F6A9B1,5C4A529E-49AE-59CD-94AB-2FD1539D897B,SYN-TR-0024,8E68A5E4-3124-5DE1-83AC-BC1848ADCF30,SYN-MZ-00051,A5E8B36E-2268-5F22-9298-DF417A775CAA,C502B8E6-68B3-5E91-B914-052755B5D2B2,2001,2,TRIAL_ENTRY,FALSE,SYNTHETIC — integrated V2 (fixed),TRUE
D1355D96-47E2-5FE0-AAB0-E6EF330A0032,5C4A529E-49AE-59CD-94AB-2FD1539D897B,SYN-TR-0024,E79AFB8F-D81A-5126-9812-31F64FF56B0A,SYN-MZ-00048,3ACDB849-98D0-592C-8648-DE05039C8B28,C502B8E6-68B3-5E91-B914-052755B5D2B2,2002,2,TRIAL_ENTRY,FALSE,SYNTHETIC — integrated V2 (fixed),TRUE
0B8B22AF-E340-5B0B-A4CE-C50FAEA3547A,5C4A529E-49AE-59CD-94AB-2FD1539D897B,SYN-TR-0024,B69CE732-6878-52F2-B41E-F0F303A6AA18,SYN-MZ-00050,AA254C0C-B6D9-51FA-BFE0-8BFCE2D63FD9,C502B8E6-68B3-5E91-B914-052755B5D2B2,2003,2,TRIAL_ENTRY,FALSE,SYNTHETIC — integrated V2 (fixed),TRUE
DF4D3289-FD61-525D-88BE-31E245485967,5C4A529E-49AE-59CD-94AB-2FD1539D897B,SYN-TR-0024,895C37E3-3402-5903-BB78-18E139F002E0,SYN-MZ-CHK01,42CE60AF-7FF7-55CE-8F13-7705F3D9EF4B,C502B8E6-68B3-5E91-B914-052755B5D2B2,2004,2,CHECK,FALSE,SYNTHETIC — integrated V2 (fixed),TRUE
9FE05252-6E4D-5A0E-AF00-909589A5A11B,5C4A529E-49AE-59CD-94AB-2FD1539D897B,SYN-TR-0024,83143D05-79E7-5E13-A6B3-388172D0E91B,SYN-MZ-00052,5108B4A8-15AC-50F6-A6D4-CBF3AF714A4C,C502B8E6-68B3-5E91-B914-052755B5D2B2,2005,2,TRIAL_ENTRY,FALSE,SYNTHETIC — integrated V2 (fixed),TRUE
2A43E8B3-7B63-5D29-ACBF-3ECC7A15815F,5C4A529E-49AE-59CD-94AB-2FD1539D897B,SYN-TR-0024,4FEFE8DE-C128-57D8-B2A9-D05EA011ABBB,SYN-MZ-00047,DB2B0A6D-97DD-5586-BAD3-7D1B288C8C53,C502B8E6-68B3-5E91-B914-052755B5D2B2,2006,2,TRIAL_ENTRY,TRUE,SYNTHETIC — integrated V2 (fixed),TRUE
B8E67A5A-4C3E-5A3A-B026-ED2D17A705FA,5C4A529E-49AE-59CD-94AB-2FD1539D897B,SYN-TR-0024,03B42C84-51CA-5773-8E4C-295473835D66,SYN-MZ-CHK02,A92E98DA-E476-5795-8F0C-D596AF9E41F3,C502B8E6-68B3-5E91-B914-052755B5D2B2,2007,2,CHECK,FALSE,SYNTHETIC — integrated V2 (fixed),TRUE
5DDF5B36-D563-58FA-9BC9-20AB6885CBA3,5C4A529E-49AE-59CD-94AB-2FD1539D897B,SYN-TR-0024,06BC0CE1-AE47-507E-B88E-0EB0637E5F30,SYN-MZ-00049,6B7B503A-911C-538B-B022-7A5D1B42ACE9,C502B8E6-68B3-5E91-B914-052755B5D2B2,2008,2,TRIAL_ENTRY,FALSE,SYNTHETIC — integrated V2 (fixed),TRUE
B6A5345B-09EF-557E-A678-D065B01BCE39,5C4A529E-49AE-59CD-94AB-2FD1539D897B,SYN-TR-0024,895C37E3-3402-5903-BB78-18E139F002E0,SYN-MZ-CHK01,42CE60AF-7FF7-55CE-8F13-7705F3D9EF4B,C502B8E6-68B3-5E91-B914-052755B5D2B2,3001,3,CHECK,FALSE,SYNTHETIC — integrated V2 (fixed),TRUE
0C6DE620-5367-54CF-842A-6ED754400568,5C4A529E-49AE-59CD-94AB-2FD1539D897B,SYN-TR-0024,B69CE732-6878-52F2-B41E-F0F303A6AA18,SYN-MZ-00050,AA254C0C-B6D9-51FA-BFE0-8BFCE2D63FD9,C502B8E6-68B3-5E91-B914-052755B5D2B2,3002,3,TRIAL_ENTRY,FALSE,SYNTHETIC — integrated V2 (fixed),TRUE
98F7FBE9-BBA7-51FD-BDAF-48811812FCA1,5C4A529E-49AE-59CD-94AB-2FD1539D897B,SYN-TR-0024,03B42C84-51CA-5773-8E4C-295473835D66,SYN-MZ-CHK02,A92E98DA-E476-5795-8F0C-D596AF9E41F3,C502B8E6-68B3-5E91-B914-052755B5D2B2,3003,3,CHECK,FALSE,SYNTHETIC — integrated V2 (fixed),TRUE
520F860D-0BEE-57C3-8D7E-A430CD5A8070,5C4A529E-49AE-59CD-94AB-2FD1539D897B,SYN-TR-0024,06BC0CE1-AE47-507E-B88E-0EB0637E5F30,SYN-MZ-00049,6B7B503A-911C-538B-B022-7A5D1B42ACE9,C502B8E6-68B3-5E91-B914-052755B5D2B2,3004,3,TRIAL_ENTRY,FALSE,SYNTHETIC — integrated V2 (fixed),TRUE
8D5FE66F-D513-5FE7-8DDA-1A2C42E35A79,5C4A529E-49AE-59CD-94AB-2FD1539D897B,SYN-TR-0024,8E68A5E4-3124-5DE1-83AC-BC1848ADCF30,SYN-MZ-00051,A5E8B36E-2268-5F22-9298-DF417A775CAA,C502B8E6-68B3-5E91-B914-052755B5D2B2,3005,3,TRIAL_ENTRY,FALSE,SYNTHETIC — integrated V2 (fixed),TRUE
CB044D28-601A-5EE6-964E-2690B4A50898,5C4A529E-49AE-59CD-94AB-2FD1539D897B,SYN-TR-0024,83143D05-79E7-5E13-A6B3-388172D0E91B,SYN-MZ-00052,5108B4A8-15AC-50F6-A6D4-CBF3AF714A4C,C502B8E6-68B3-5E91-B914-052755B5D2B2,3006,3,TRIAL_ENTRY,FALSE,SYNTHETIC — integrated V2 (fixed),TRUE
DFD444B3-EAA7-5B03-801C-73C3A71D0A91,5C4A529E-49AE-59CD-94AB-2FD1539D897B,SYN-TR-0024,E79AFB8F-D81A-5126-9812-31F64FF56B0A,SYN-MZ-00048,3ACDB849-98D0-592C-8648-DE05039C8B28,C502B8E6-68B3-5E91-B914-052755B5D2B2,3007,3,TRIAL_ENTRY,FALSE,SYNTHETIC — integrated V2 (fixed),TRUE
644BBBBF-9AEF-570F-A1DD-C57AE3AF27B8,5C4A529E-49AE-59CD-94AB-2FD1539D897B,SYN-TR-0024,4FEFE8DE-C128-57D8-B2A9-D05EA011ABBB,SYN-MZ-00047,DB2B0A6D-97DD-5586-BAD3-7D1B288C8C53,C502B8E6-68B3-5E91-B914-052755B5D2B2,3008,3,TRIAL_ENTRY,TRUE,SYNTHETIC — integrated V2 (fixed),TRUE
6696BB87-548D-5783-ADDC-86ED071E8D27,88E1514A-5B43-5BC1-AA5B-61210AB4D7DF,SYN-TR-0025,8E68A5E4-3124-5DE1-83AC-BC1848ADCF30,SYN-MZ-00051,A5E8B36E-2268-5F22-9298-DF417A775CAA,6ED57FA0-3EFA-5311-89BE-AFBE71BEC003,1001,1,TRIAL_ENTRY,FALSE,SYNTHETIC — integrated V2 (fixed),TRUE
C7E654B5-9DF7-5860-8C95-C4377F7DCCD4,88E1514A-5B43-5BC1-AA5B-61210AB4D7DF,SYN-TR-0025,06BC0CE1-AE47-507E-B88E-0EB0637E5F30,SYN-MZ-00049,6B7B503A-911C-538B-B022-7A5D1B42ACE9,6ED57FA0-3EFA-5311-89BE-AFBE71BEC003,1002,1,TRIAL_ENTRY,TRUE,SYNTHETIC — integrated V2 (fixed),TRUE
14494358-8207-5CF0-84C6-9620B796189A,88E1514A-5B43-5BC1-AA5B-61210AB4D7DF,SYN-TR-0025,895C37E3-3402-5903-BB78-18E139F002E0,SYN-MZ-CHK01,42CE60AF-7FF7-55CE-8F13-7705F3D9EF4B,6ED57FA0-3EFA-5311-89BE-AFBE71BEC003,1003,1,CHECK,FALSE,SYNTHETIC — integrated V2 (fixed),TRUE
60BB635F-342A-5D6C-A682-C650A611AEC0,88E1514A-5B43-5BC1-AA5B-61210AB4D7DF,SYN-TR-0025,03B42C84-51CA-5773-8E4C-295473835D66,SYN-MZ-CHK02,A92E98DA-E476-5795-8F0C-D596AF9E41F3,6ED57FA0-3EFA-5311-89BE-AFBE71BEC003,1004,1,CHECK,FALSE,SYNTHETIC — integrated V2 (fixed),TRUE
11D8C85F-4422-5186-9519-3B8A44F40444,88E1514A-5B43-5BC1-AA5B-61210AB4D7DF,SYN-TR-0025,83143D05-79E7-5E13-A6B3-388172D0E91B,SYN-MZ-00052,5108B4A8-15AC-50F6-A6D4-CBF3AF714A4C,6ED57FA0-3EFA-5311-89BE-AFBE71BEC003,1005,1,TRIAL_ENTRY,FALSE,SYNTHETIC — integrated V2 (fixed),TRUE
2D7C501E-5028-5CD3-9C65-4A79F5B25BFF,88E1514A-5B43-5BC1-AA5B-61210AB4D7DF,SYN-TR-0025,4C8C42C1-3F2D-5A4E-9498-4339912973B6,SYN-MZ-00054,4A1FB129-02FC-5C8D-8594-B8BD70FF9298,6ED57FA0-3EFA-5311-89BE-AFBE71BEC003,1006,1,TRIAL_ENTRY,FALSE,SYNTHETIC — integrated V2 (fixed),TRUE
C733F48D-0470-5D7A-AAA9-8B114D800DC4,88E1514A-5B43-5BC1-AA5B-61210AB4D7DF,SYN-TR-0025,B69CE732-6878-52F2-B41E-F0F303A6AA18,SYN-MZ-00050,AA254C0C-B6D9-51FA-BFE0-8BFCE2D63FD9,6ED57FA0-3EFA-5311-89BE-AFBE71BEC003,1007,1,TRIAL_ENTRY,FALSE,SYNTHETIC — integrated V2 (fixed),TRUE
4A5FDD0D-FD0E-5D53-AA5F-B426F5B3D052,88E1514A-5B43-5BC1-AA5B-61210AB4D7DF,SYN-TR-0025,759A5D7C-67A7-5818-9E6B-4AE49EFD060E,SYN-MZ-00053,3DC249D8-C0A6-50F1-B5AA-13C47E1DFE60,6ED57FA0-3EFA-5311-89BE-AFBE71BEC003,1008,1,TRIAL_ENTRY,FALSE,SYNTHETIC — integrated V2 (fixed),TRUE
D6BCBDF6-04AE-532F-AD18-DE3CEFB15D2F,88E1514A-5B43-5BC1-AA5B-61210AB4D7DF,SYN-TR-0025,06BC0CE1-AE47-507E-B88E-0EB0637E5F30,SYN-MZ-00049,6B7B503A-911C-538B-B022-7A5D1B42ACE9,6ED57FA0-3EFA-5311-89BE-AFBE71BEC003,2001,2,TRIAL_ENTRY,TRUE,SYNTHETIC — integrated V2 (fixed),TRUE
DA8C6B16-C575-5AFE-8F20-81A0D319078F,88E1514A-5B43-5BC1-AA5B-61210AB4D7DF,SYN-TR-0025,4C8C42C1-3F2D-5A4E-9498-4339912973B6,SYN-MZ-00054,4A1FB129-02FC-5C8D-8594-B8BD70FF9298,6ED57FA0-3EFA-5311-89BE-AFBE71BEC003,2002,2,TRIAL_ENTRY,FALSE,SYNTHETIC — integrated V2 (fixed),TRUE
4E1FF8A5-EDF9-5ED5-A4B6-78C126C70DBF,88E1514A-5B43-5BC1-AA5B-61210AB4D7DF,SYN-TR-0025,83143D05-79E7-5E13-A6B3-388172D0E91B,SYN-MZ-00052,5108B4A8-15AC-50F6-A6D4-CBF3AF714A4C,6ED57FA0-3EFA-5311-89BE-AFBE71BEC003,2003,2,TRIAL_ENTRY,FALSE,SYNTHETIC — integrated V2 (fixed),TRUE
CE812540-432E-5376-8882-DC11FB1AD920,88E1514A-5B43-5BC1-AA5B-61210AB4D7DF,SYN-TR-0025,895C37E3-3402-5903-BB78-18E139F002E0,SYN-MZ-CHK01,42CE60AF-7FF7-55CE-8F13-7705F3D9EF4B,6ED57FA0-3EFA-5311-89BE-AFBE71BEC003,2004,2,CHECK,FALSE,SYNTHETIC — integrated V2 (fixed),TRUE
DADB8FB6-89E6-5714-B44C-62D530432263,88E1514A-5B43-5BC1-AA5B-61210AB4D7DF,SYN-TR-0025,B69CE732-6878-52F2-B41E-F0F303A6AA18,SYN-MZ-00050,AA254C0C-B6D9-51FA-BFE0-8BFCE2D63FD9,6ED57FA0-3EFA-5311-89BE-AFBE71BEC003,2005,2,TRIAL_ENTRY,FALSE,SYNTHETIC — integrated V2 (fixed),TRUE
162B6EBE-0FE4-521E-A07E-0DD0CD5D5ACF,88E1514A-5B43-5BC1-AA5B-61210AB4D7DF,SYN-TR-0025,03B42C84-51CA-5773-8E4C-295473835D66,SYN-MZ-CHK02,A92E98DA-E476-5795-8F0C-D596AF9E41F3,6ED57FA0-3EFA-5311-89BE-AFBE71BEC003,2006,2,CHECK,FALSE,SYNTHETIC — integrated V2 (fixed),TRUE
C386410F-BD1B-50EF-9216-953BFBE80385,88E1514A-5B43-5BC1-AA5B-61210AB4D7DF,SYN-TR-0025,759A5D7C-67A7-5818-9E6B-4AE49EFD060E,SYN-MZ-00053,3DC249D8-C0A6-50F1-B5AA-13C47E1DFE60,6ED57FA0-3EFA-5311-89BE-AFBE71BEC003,2007,2,TRIAL_ENTRY,FALSE,SYNTHETIC — integrated V2 (fixed),TRUE
7B2989D7-F7EB-5076-9845-4727C19751CD,88E1514A-5B43-5BC1-AA5B-61210AB4D7DF,SYN-TR-0025,8E68A5E4-3124-5DE1-83AC-BC1848ADCF30,SYN-MZ-00051,A5E8B36E-2268-5F22-9298-DF417A775CAA,6ED57FA0-3EFA-5311-89BE-AFBE71BEC003,2008,2,TRIAL_ENTRY,FALSE,SYNTHETIC — integrated V2 (fixed),TRUE
05E7FA6E-863F-52BA-A087-4D7E842E1660,88E1514A-5B43-5BC1-AA5B-61210AB4D7DF,SYN-TR-0025,B69CE732-6878-52F2-B41E-F0F303A6AA18,SYN-MZ-00050,AA254C0C-B6D9-51FA-BFE0-8BFCE2D63FD9,6ED57FA0-3EFA-5311-89BE-AFBE71BEC003,3001,3,TRIAL_ENTRY,FALSE,SYNTHETIC — integrated V2 (fixed),TRUE
39C114E0-8DD3-544F-8919-A8E86804333A,88E1514A-5B43-5BC1-AA5B-61210AB4D7DF,SYN-TR-0025,06BC0CE1-AE47-507E-B88E-0EB0637E5F30,SYN-MZ-00049,6B7B503A-911C-538B-B022-7A5D1B42ACE9,6ED57FA0-3EFA-5311-89BE-AFBE71BEC003,3002,3,TRIAL_ENTRY,TRUE,SYNTHETIC — integrated V2 (fixed),TRUE
E37600C5-534F-5D7D-9829-7F8820B36238,88E1514A-5B43-5BC1-AA5B-61210AB4D7DF,SYN-TR-0025,895C37E3-3402-5903-BB78-18E139F002E0,SYN-MZ-CHK01,42CE60AF-7FF7-55CE-8F13-7705F3D9EF4B,6ED57FA0-3EFA-5311-89BE-AFBE71BEC003,3003,3,CHECK,FALSE,SYNTHETIC — integrated V2 (fixed),TRUE
D9250D58-C811-5D9A-AA51-3C3612751879,88E1514A-5B43-5BC1-AA5B-61210AB4D7DF,SYN-TR-0025,83143D05-79E7-5E13-A6B3-388172D0E91B,SYN-MZ-00052,5108B4A8-15AC-50F6-A6D4-CBF3AF714A4C,6ED57FA0-3EFA-5311-89BE-AFBE71BEC003,3004,3,TRIAL_ENTRY,FALSE,SYNTHETIC — integrated V2 (fixed),TRUE
358A5412-B0D9-5598-B1CB-545F1E6301AD,88E1514A-5B43-5BC1-AA5B-61210AB4D7DF,SYN-TR-0025,759A5D7C-67A7-5818-9E6B-4AE49EFD060E,SYN-MZ-00053,3DC249D8-C0A6-50F1-B5AA-13C47E1DFE60,6ED57FA0-3EFA-5311-89BE-AFBE71BEC003,3005,3,TRIAL_ENTRY,FALSE,SYNTHETIC — integrated V2 (fixed),TRUE
35C3FE87-EBE6-5635-9BFE-84F448A3E499,88E1514A-5B43-5BC1-AA5B-61210AB4D7DF,SYN-TR-0025,4C8C42C1-3F2D-5A4E-9498-4339912973B6,SYN-MZ-00054,4A1FB129-02FC-5C8D-8594-B8BD70FF9298,6ED57FA0-3EFA-5311-89BE-AFBE71BEC003,3006,3,TRIAL_ENTRY,FALSE,SYNTHETIC — integrated V2 (fixed),TRUE
E669C336-7297-5BE2-AB36-4C71367B5A35,88E1514A-5B43-5BC1-AA5B-61210AB4D7DF,SYN-TR-0025,03B42C84-51CA-5773-8E4C-295473835D66,SYN-MZ-CHK02,A92E98DA-E476-5795-8F0C-D596AF9E41F3,6ED57FA0-3EFA-5311-89BE-AFBE71BEC003,3007,3,CHECK,FALSE,SYNTHETIC — integrated V2 (fixed),TRUE
34DE5C1D-F0FD-5054-A1A4-2EC69DBE56ED,88E1514A-5B43-5BC1-AA5B-61210AB4D7DF,SYN-TR-0025,8E68A5E4-3124-5DE1-83AC-BC1848ADCF30,SYN-MZ-00051,A5E8B36E-2268-5F22-9298-DF417A775CAA,6ED57FA0-3EFA-5311-89BE-AFBE71BEC003,3008,3,TRIAL_ENTRY,FALSE,SYNTHETIC — integrated V2 (fixed),TRUE
F023797B-95A1-587A-A8DB-4D4A80547F9B,397C0667-F5E7-5587-99D5-53E1517B8E17,SYN-TR-0026,03B42C84-51CA-5773-8E4C-295473835D66,SYN-MZ-CHK02,A92E98DA-E476-5795-8F0C-D596AF9E41F3,49F69D93-FB23-580E-82BC-3F5EF62C9DB6,1001,1,CHECK,FALSE,SYNTHETIC — integrated V2 (fixed),TRUE
4F0EA372-868F-5699-8C4A-4FEE496B7B8E,397C0667-F5E7-5587-99D5-53E1517B8E17,SYN-TR-0026,AA1B3880-0BFC-59AA-9F23-5D92CD2AB166,SYN-MZ-00055,B23AB33B-6B7D-5E93-B459-73CD0AFCA649,49F69D93-FB23-580E-82BC-3F5EF62C9DB6,1002,1,TRIAL_ENTRY,FALSE,SYNTHETIC — integrated V2 (fixed),TRUE
4A9EEBC1-C604-5DC8-8B97-01E196BBBB12,397C0667-F5E7-5587-99D5-53E1517B8E17,SYN-TR-0026,895C37E3-3402-5903-BB78-18E139F002E0,SYN-MZ-CHK01,42CE60AF-7FF7-55CE-8F13-7705F3D9EF4B,49F69D93-FB23-580E-82BC-3F5EF62C9DB6,1003,1,CHECK,FALSE,SYNTHETIC — integrated V2 (fixed),TRUE
DAC4CB52-D443-5316-8219-F623E99A6EB1,397C0667-F5E7-5587-99D5-53E1517B8E17,SYN-TR-0026,4C8C42C1-3F2D-5A4E-9498-4339912973B6,SYN-MZ-00054,4A1FB129-02FC-5C8D-8594-B8BD70FF9298,49F69D93-FB23-580E-82BC-3F5EF62C9DB6,1004,1,TRIAL_ENTRY,FALSE,SYNTHETIC — integrated V2 (fixed),TRUE
04CF6EE6-89AE-5897-9CAA-92D64DC32941,397C0667-F5E7-5587-99D5-53E1517B8E17,SYN-TR-0026,335D7797-1267-5040-9BF3-15F2B103E058,SYN-MZ-00056,07F09842-75EB-5C85-BBFA-442E199D88C3,49F69D93-FB23-580E-82BC-3F5EF62C9DB6,1005,1,TRIAL_ENTRY,FALSE,SYNTHETIC — integrated V2 (fixed),TRUE
86E32211-C456-5593-AAD0-49FF4DB41FEC,397C0667-F5E7-5587-99D5-53E1517B8E17,SYN-TR-0026,8E68A5E4-3124-5DE1-83AC-BC1848ADCF30,SYN-MZ-00051,A5E8B36E-2268-5F22-9298-DF417A775CAA,49F69D93-FB23-580E-82BC-3F5EF62C9DB6,1006,1,TRIAL_ENTRY,TRUE,SYNTHETIC — integrated V2 (fixed),TRUE
6A6C05D6-2C44-5A50-8DE1-5D135E28B17E,397C0667-F5E7-5587-99D5-53E1517B8E17,SYN-TR-0026,759A5D7C-67A7-5818-9E6B-4AE49EFD060E,SYN-MZ-00053,3DC249D8-C0A6-50F1-B5AA-13C47E1DFE60,49F69D93-FB23-580E-82BC-3F5EF62C9DB6,1007,1,TRIAL_ENTRY,FALSE,SYNTHETIC — integrated V2 (fixed),TRUE
88B55452-D14E-5D6A-9963-427B70BB53DF,397C0667-F5E7-5587-99D5-53E1517B8E17,SYN-TR-0026,83143D05-79E7-5E13-A6B3-388172D0E91B,SYN-MZ-00052,5108B4A8-15AC-50F6-A6D4-CBF3AF714A4C,49F69D93-FB23-580E-82BC-3F5EF62C9DB6,1008,1,TRIAL_ENTRY,FALSE,SYNTHETIC — integrated V2 (fixed),TRUE
5D2A881A-070B-5C1A-82B8-2924F5BF98C5,397C0667-F5E7-5587-99D5-53E1517B8E17,SYN-TR-0026,759A5D7C-67A7-5818-9E6B-4AE49EFD060E,SYN-MZ-00053,3DC249D8-C0A6-50F1-B5AA-13C47E1DFE60,49F69D93-FB23-580E-82BC-3F5EF62C9DB6,2001,2,TRIAL_ENTRY,FALSE,SYNTHETIC — integrated V2 (fixed),TRUE
E4DE28B1-30D2-52FD-93B1-2D464FEE80A1,397C0667-F5E7-5587-99D5-53E1517B8E17,SYN-TR-0026,AA1B3880-0BFC-59AA-9F23-5D92CD2AB166,SYN-MZ-00055,B23AB33B-6B7D-5E93-B459-73CD0AFCA649,49F69D93-FB23-580E-82BC-3F5EF62C9DB6,2002,2,TRIAL_ENTRY,FALSE,SYNTHETIC — integrated V2 (fixed),TRUE
B65DED9C-A1C5-55D5-946F-7EC2DB780870,397C0667-F5E7-5587-99D5-53E1517B8E17,SYN-TR-0026,895C37E3-3402-5903-BB78-18E139F002E0,SYN-MZ-CHK01,42CE60AF-7FF7-55CE-8F13-7705F3D9EF4B,49F69D93-FB23-580E-82BC-3F5EF62C9DB6,2003,2,CHECK,FALSE,SYNTHETIC — integrated V2 (fixed),TRUE
C3E5E580-B7C7-5527-89F6-1F7B82F0D9E1,397C0667-F5E7-5587-99D5-53E1517B8E17,SYN-TR-0026,335D7797-1267-5040-9BF3-15F2B103E058,SYN-MZ-00056,07F09842-75EB-5C85-BBFA-442E199D88C3,49F69D93-FB23-580E-82BC-3F5EF62C9DB6,2004,2,TRIAL_ENTRY,FALSE,SYNTHETIC — integrated V2 (fixed),TRUE
91788E4E-C8DD-5753-9988-E11F7F283153,397C0667-F5E7-5587-99D5-53E1517B8E17,SYN-TR-0026,03B42C84-51CA-5773-8E4C-295473835D66,SYN-MZ-CHK02,A92E98DA-E476-5795-8F0C-D596AF9E41F3,49F69D93-FB23-580E-82BC-3F5EF62C9DB6,2005,2,CHECK,FALSE,SYNTHETIC — integrated V2 (fixed),TRUE
DC294E61-BFBD-592C-8D12-A0AB7739F780,397C0667-F5E7-5587-99D5-53E1517B8E17,SYN-TR-0026,8E68A5E4-3124-5DE1-83AC-BC1848ADCF30,SYN-MZ-00051,A5E8B36E-2268-5F22-9298-DF417A775CAA,49F69D93-FB23-580E-82BC-3F5EF62C9DB6,2006,2,TRIAL_ENTRY,TRUE,SYNTHETIC — integrated V2 (fixed),TRUE
73A7E8DC-B7F7-5FB0-8457-43DFB6C77C36,397C0667-F5E7-5587-99D5-53E1517B8E17,SYN-TR-0026,83143D05-79E7-5E13-A6B3-388172D0E91B,SYN-MZ-00052,5108B4A8-15AC-50F6-A6D4-CBF3AF714A4C,49F69D93-FB23-580E-82BC-3F5EF62C9DB6,2007,2,TRIAL_ENTRY,FALSE,SYNTHETIC — integrated V2 (fixed),TRUE
07066CCA-E5CD-5869-9C52-9A8246B05085,397C0667-F5E7-5587-99D5-53E1517B8E17,SYN-TR-0026,4C8C42C1-3F2D-5A4E-9498-4339912973B6,SYN-MZ-00054,4A1FB129-02FC-5C8D-8594-B8BD70FF9298,49F69D93-FB23-580E-82BC-3F5EF62C9DB6,2008,2,TRIAL_ENTRY,FALSE,SYNTHETIC — integrated V2 (fixed),TRUE
E7611026-1A51-52C6-BE86-E55B251A558E,397C0667-F5E7-5587-99D5-53E1517B8E17,SYN-TR-0026,759A5D7C-67A7-5818-9E6B-4AE49EFD060E,SYN-MZ-00053,3DC249D8-C0A6-50F1-B5AA-13C47E1DFE60,49F69D93-FB23-580E-82BC-3F5EF62C9DB6,3001,3,TRIAL_ENTRY,FALSE,SYNTHETIC — integrated V2 (fixed),TRUE
15ED0DC8-1E33-50F5-B28B-F1502E5AC72A,397C0667-F5E7-5587-99D5-53E1517B8E17,SYN-TR-0026,8E68A5E4-3124-5DE1-83AC-BC1848ADCF30,SYN-MZ-00051,A5E8B36E-2268-5F22-9298-DF417A775CAA,49F69D93-FB23-580E-82BC-3F5EF62C9DB6,3002,3,TRIAL_ENTRY,TRUE,SYNTHETIC — integrated V2 (fixed),TRUE
ABB2B1C4-DF44-50E1-AF78-3B05D6E59E8E,397C0667-F5E7-5587-99D5-53E1517B8E17,SYN-TR-0026,03B42C84-51CA-5773-8E4C-295473835D66,SYN-MZ-CHK02,A92E98DA-E476-5795-8F0C-D596AF9E41F3,49F69D93-FB23-580E-82BC-3F5EF62C9DB6,3003,3,CHECK,FALSE,SYNTHETIC — integrated V2 (fixed),TRUE
89D2BF26-FD3E-50B3-B815-960CE362E872,397C0667-F5E7-5587-99D5-53E1517B8E17,SYN-TR-0026,4C8C42C1-3F2D-5A4E-9498-4339912973B6,SYN-MZ-00054,4A1FB129-02FC-5C8D-8594-B8BD70FF9298,49F69D93-FB23-580E-82BC-3F5EF62C9DB6,3004,3,TRIAL_ENTRY,FALSE,SYNTHETIC — integrated V2 (fixed),TRUE
2E5674AC-0784-589C-802E-ABB5097EAEEA,397C0667-F5E7-5587-99D5-53E1517B8E17,SYN-TR-0026,AA1B3880-0BFC-59AA-9F23-5D92CD2AB166,SYN-MZ-00055,B23AB33B-6B7D-5E93-B459-73CD0AFCA649,49F69D93-FB23-580E-82BC-3F5EF62C9DB6,3005,3,TRIAL_ENTRY,FALSE,SYNTHETIC — integrated V2 (fixed),TRUE
CD9BE51D-1BC2-569C-8CB1-167B36D7D2C1,397C0667-F5E7-5587-99D5-53E1517B8E17,SYN-TR-0026,335D7797-1267-5040-9BF3-15F2B103E058,SYN-MZ-00056,07F09842-75EB-5C85-BBFA-442E199D88C3,49F69D93-FB23-580E-82BC-3F5EF62C9DB6,3006,3,TRIAL_ENTRY,FALSE,SYNTHETIC — integrated V2 (fixed),TRUE
12212311-29ED-598E-8A06-84D35F856D76,397C0667-F5E7-5587-99D5-53E1517B8E17,SYN-TR-0026,895C37E3-3402-5903-BB78-18E139F002E0,SYN-MZ-CHK01,42CE60AF-7FF7-55CE-8F13-7705F3D9EF4B,49F69D93-FB23-580E-82BC-3F5EF62C9DB6,3007,3,CHECK,FALSE,SYNTHETIC — integrated V2 (fixed),TRUE
A45D62A3-C001-57A2-8C88-A492B8E0DE94,397C0667-F5E7-5587-99D5-53E1517B8E17,SYN-TR-0026,83143D05-79E7-5E13-A6B3-388172D0E91B,SYN-MZ-00052,5108B4A8-15AC-50F6-A6D4-CBF3AF714A4C,49F69D93-FB23-580E-82BC-3F5EF62C9DB6,3008,3,TRIAL_ENTRY,FALSE,SYNTHETIC — integrated V2 (fixed),TRUE
1A651431-AD69-50ED-B61B-C5634DB7B026,304F86F2-02E3-5FF5-975F-47C6B816DB0D,SYN-TR-0027,335D7797-1267-5040-9BF3-15F2B103E058,SYN-MZ-00056,07F09842-75EB-5C85-BBFA-442E199D88C3,E697071D-0957-5CF0-A5DE-6030D7229177,1001,1,TRIAL_ENTRY,FALSE,SYNTHETIC — integrated V2 (fixed),TRUE
C0C1FEB1-706F-5020-9F63-8A15ECA2FF08,304F86F2-02E3-5FF5-975F-47C6B816DB0D,SYN-TR-0027,CB3BA2FD-86CC-5ED9-964B-70C0E700498A,SYN-MZ-00058,6AA26C1B-37F5-5F60-B727-D2D937C111D1,E697071D-0957-5CF0-A5DE-6030D7229177,1002,1,TRIAL_ENTRY,FALSE,SYNTHETIC — integrated V2 (fixed),TRUE
94C7BFF6-C131-5E60-A11B-A6F1FA2E34E3,304F86F2-02E3-5FF5-975F-47C6B816DB0D,SYN-TR-0027,03B42C84-51CA-5773-8E4C-295473835D66,SYN-MZ-CHK02,A92E98DA-E476-5795-8F0C-D596AF9E41F3,E697071D-0957-5CF0-A5DE-6030D7229177,1003,1,CHECK,FALSE,SYNTHETIC — integrated V2 (fixed),TRUE
07A0520B-31CE-572B-A904-3CB713080E68,304F86F2-02E3-5FF5-975F-47C6B816DB0D,SYN-TR-0027,895C37E3-3402-5903-BB78-18E139F002E0,SYN-MZ-CHK01,42CE60AF-7FF7-55CE-8F13-7705F3D9EF4B,E697071D-0957-5CF0-A5DE-6030D7229177,1004,1,CHECK,FALSE,SYNTHETIC — integrated V2 (fixed),TRUE
B5A3C028-76D4-5AAD-93FC-7B56DCE46B21,304F86F2-02E3-5FF5-975F-47C6B816DB0D,SYN-TR-0027,DD61D49A-852D-59C9-A7F8-0A85B6E85478,SYN-MZ-00057,1F4E989D-007E-5B86-B0B6-EB8E680E237A,E697071D-0957-5CF0-A5DE-6030D7229177,1005,1,TRIAL_ENTRY,FALSE,SYNTHETIC — integrated V2 (fixed),TRUE
A74C38DB-AA43-571C-BBCF-1A43C062E5B2,304F86F2-02E3-5FF5-975F-47C6B816DB0D,SYN-TR-0027,759A5D7C-67A7-5818-9E6B-4AE49EFD060E,SYN-MZ-00053,3DC249D8-C0A6-50F1-B5AA-13C47E1DFE60,E697071D-0957-5CF0-A5DE-6030D7229177,1006,1,TRIAL_ENTRY,TRUE,SYNTHETIC — integrated V2 (fixed),TRUE
CEF58397-ED62-5264-A993-E40D1D59A4CA,304F86F2-02E3-5FF5-975F-47C6B816DB0D,SYN-TR-0027,4C8C42C1-3F2D-5A4E-9498-4339912973B6,SYN-MZ-00054,4A1FB129-02FC-5C8D-8594-B8BD70FF9298,E697071D-0957-5CF0-A5DE-6030D7229177,1007,1,TRIAL_ENTRY,FALSE,SYNTHETIC — integrated V2 (fixed),TRUE
13912329-9633-5BAE-B8CF-81A0CAEF3A15,304F86F2-02E3-5FF5-975F-47C6B816DB0D,SYN-TR-0027,AA1B3880-0BFC-59AA-9F23-5D92CD2AB166,SYN-MZ-00055,B23AB33B-6B7D-5E93-B459-73CD0AFCA649,E697071D-0957-5CF0-A5DE-6030D7229177,1008,1,TRIAL_ENTRY,FALSE,SYNTHETIC — integrated V2 (fixed),TRUE
51A3F0C8-94DB-5D25-9F9E-A3C1571D60A4,304F86F2-02E3-5FF5-975F-47C6B816DB0D,SYN-TR-0027,895C37E3-3402-5903-BB78-18E139F002E0,SYN-MZ-CHK01,42CE60AF-7FF7-55CE-8F13-7705F3D9EF4B,E697071D-0957-5CF0-A5DE-6030D7229177,2001,2,CHECK,FALSE,SYNTHETIC — integrated V2 (fixed),TRUE
C20186A4-C5F5-5C6B-B0CB-4FC5BA01F2F2,304F86F2-02E3-5FF5-975F-47C6B816DB0D,SYN-TR-0027,DD61D49A-852D-59C9-A7F8-0A85B6E85478,SYN-MZ-00057,1F4E989D-007E-5B86-B0B6-EB8E680E237A,E697071D-0957-5CF0-A5DE-6030D7229177,2002,2,TRIAL_ENTRY,FALSE,SYNTHETIC — integrated V2 (fixed),TRUE
88A5EE42-FADE-55E6-A0EE-5302B1A58F65,304F86F2-02E3-5FF5-975F-47C6B816DB0D,SYN-TR-0027,AA1B3880-0BFC-59AA-9F23-5D92CD2AB166,SYN-MZ-00055,B23AB33B-6B7D-5E93-B459-73CD0AFCA649,E697071D-0957-5CF0-A5DE-6030D7229177,2003,2,TRIAL_ENTRY,FALSE,SYNTHETIC — integrated V2 (fixed),TRUE
849B1DD0-AFE3-5D8D-B1A4-CCDCE381D53A,304F86F2-02E3-5FF5-975F-47C6B816DB0D,SYN-TR-0027,03B42C84-51CA-5773-8E4C-295473835D66,SYN-MZ-CHK02,A92E98DA-E476-5795-8F0C-D596AF9E41F3,E697071D-0957-5CF0-A5DE-6030D7229177,2004,2,CHECK,FALSE,SYNTHETIC — integrated V2 (fixed),TRUE
517BCC72-6EF4-5D8F-847F-DEB205805E8E,304F86F2-02E3-5FF5-975F-47C6B816DB0D,SYN-TR-0027,4C8C42C1-3F2D-5A4E-9498-4339912973B6,SYN-MZ-00054,4A1FB129-02FC-5C8D-8594-B8BD70FF9298,E697071D-0957-5CF0-A5DE-6030D7229177,2005,2,TRIAL_ENTRY,FALSE,SYNTHETIC — integrated V2 (fixed),TRUE
0D55FD8E-2FD0-5D63-B73B-C4174BC5A2E5,304F86F2-02E3-5FF5-975F-47C6B816DB0D,SYN-TR-0027,759A5D7C-67A7-5818-9E6B-4AE49EFD060E,SYN-MZ-00053,3DC249D8-C0A6-50F1-B5AA-13C47E1DFE60,E697071D-0957-5CF0-A5DE-6030D7229177,2006,2,TRIAL_ENTRY,TRUE,SYNTHETIC — integrated V2 (fixed),TRUE
ABB57836-45A7-5B9D-B673-F51C9144A0D1,304F86F2-02E3-5FF5-975F-47C6B816DB0D,SYN-TR-0027,335D7797-1267-5040-9BF3-15F2B103E058,SYN-MZ-00056,07F09842-75EB-5C85-BBFA-442E199D88C3,E697071D-0957-5CF0-A5DE-6030D7229177,2007,2,TRIAL_ENTRY,FALSE,SYNTHETIC — integrated V2 (fixed),TRUE
D0CFF26F-1A71-5A7B-A4CF-1AB1B552488D,304F86F2-02E3-5FF5-975F-47C6B816DB0D,SYN-TR-0027,CB3BA2FD-86CC-5ED9-964B-70C0E700498A,SYN-MZ-00058,6AA26C1B-37F5-5F60-B727-D2D937C111D1,E697071D-0957-5CF0-A5DE-6030D7229177,2008,2,TRIAL_ENTRY,FALSE,SYNTHETIC — integrated V2 (fixed),TRUE
9893C28C-CD14-5D29-919D-53C34A494E6F,304F86F2-02E3-5FF5-975F-47C6B816DB0D,SYN-TR-0027,895C37E3-3402-5903-BB78-18E139F002E0,SYN-MZ-CHK01,42CE60AF-7FF7-55CE-8F13-7705F3D9EF4B,E697071D-0957-5CF0-A5DE-6030D7229177,3001,3,CHECK,FALSE,SYNTHETIC — integrated V2 (fixed),TRUE
84DC666A-C0E9-5B54-B59E-67F1BBBD8809,304F86F2-02E3-5FF5-975F-47C6B816DB0D,SYN-TR-0027,4C8C42C1-3F2D-5A4E-9498-4339912973B6,SYN-MZ-00054,4A1FB129-02FC-5C8D-8594-B8BD70FF9298,E697071D-0957-5CF0-A5DE-6030D7229177,3002,3,TRIAL_ENTRY,FALSE,SYNTHETIC — integrated V2 (fixed),TRUE
0770EDC9-D469-5C6A-9D13-5B1D69558CA1,304F86F2-02E3-5FF5-975F-47C6B816DB0D,SYN-TR-0027,759A5D7C-67A7-5818-9E6B-4AE49EFD060E,SYN-MZ-00053,3DC249D8-C0A6-50F1-B5AA-13C47E1DFE60,E697071D-0957-5CF0-A5DE-6030D7229177,3003,3,TRIAL_ENTRY,TRUE,SYNTHETIC — integrated V2 (fixed),TRUE
993C629E-FFD2-5FC5-B0E9-25FEA56D45DA,304F86F2-02E3-5FF5-975F-47C6B816DB0D,SYN-TR-0027,DD61D49A-852D-59C9-A7F8-0A85B6E85478,SYN-MZ-00057,1F4E989D-007E-5B86-B0B6-EB8E680E237A,E697071D-0957-5CF0-A5DE-6030D7229177,3004,3,TRIAL_ENTRY,FALSE,SYNTHETIC — integrated V2 (fixed),TRUE
69B20E2F-2024-589C-B0A5-3191C21624BA,304F86F2-02E3-5FF5-975F-47C6B816DB0D,SYN-TR-0027,AA1B3880-0BFC-59AA-9F23-5D92CD2AB166,SYN-MZ-00055,B23AB33B-6B7D-5E93-B459-73CD0AFCA649,E697071D-0957-5CF0-A5DE-6030D7229177,3005,3,TRIAL_ENTRY,FALSE,SYNTHETIC — integrated V2 (fixed),TRUE
D8B62BDA-2E12-5E84-8C1E-5E60C1CA5639,304F86F2-02E3-5FF5-975F-47C6B816DB0D,SYN-TR-0027,CB3BA2FD-86CC-5ED9-964B-70C0E700498A,SYN-MZ-00058,6AA26C1B-37F5-5F60-B727-D2D937C111D1,E697071D-0957-5CF0-A5DE-6030D7229177,3006,3,TRIAL_ENTRY,FALSE,SYNTHETIC — integrated V2 (fixed),TRUE
A5C31C76-CA5A-5C65-BD61-10E37F3A91FA,304F86F2-02E3-5FF5-975F-47C6B816DB0D,SYN-TR-0027,03B42C84-51CA-5773-8E4C-295473835D66,SYN-MZ-CHK02,A92E98DA-E476-5795-8F0C-D596AF9E41F3,E697071D-0957-5CF0-A5DE-6030D7229177,3007,3,CHECK,FALSE,SYNTHETIC — integrated V2 (fixed),TRUE
49B90624-6CA7-5A1C-9B5C-FE3DA1A346A7,304F86F2-02E3-5FF5-975F-47C6B816DB0D,SYN-TR-0027,335D7797-1267-5040-9BF3-15F2B103E058,SYN-MZ-00056,07F09842-75EB-5C85-BBFA-442E199D88C3,E697071D-0957-5CF0-A5DE-6030D7229177,3008,3,TRIAL_ENTRY,FALSE,SYNTHETIC — integrated V2 (fixed),TRUE
64831CDA-56C9-5864-B4EF-7CC691B5184C,FB34A938-23E3-5BB9-AB25-949BFBD06F9A,SYN-TR-0028,DD61D49A-852D-59C9-A7F8-0A85B6E85478,SYN-MZ-00057,1F4E989D-007E-5B86-B0B6-EB8E680E237A,539F2A98-36A1-5B20-A5FC-59A9E18EFB44,1001,1,TRIAL_ENTRY,FALSE,SYNTHETIC — integrated V2 (fixed),TRUE
3D4F4B4B-E7F2-5594-B97C-4A4BFA4B9F2E,FB34A938-23E3-5BB9-AB25-949BFBD06F9A,SYN-TR-0028,895C37E3-3402-5903-BB78-18E139F002E0,SYN-MZ-CHK01,42CE60AF-7FF7-55CE-8F13-7705F3D9EF4B,539F2A98-36A1-5B20-A5FC-59A9E18EFB44,1002,1,CHECK,FALSE,SYNTHETIC — integrated V2 (fixed),TRUE
77B90A72-320B-5A7B-978E-D8E05444079D,FB34A938-23E3-5BB9-AB25-949BFBD06F9A,SYN-TR-0028,AA1B3880-0BFC-59AA-9F23-5D92CD2AB166,SYN-MZ-00055,B23AB33B-6B7D-5E93-B459-73CD0AFCA649,539F2A98-36A1-5B20-A5FC-59A9E18EFB44,1003,1,TRIAL_ENTRY,TRUE,SYNTHETIC — integrated V2 (fixed),TRUE
B5E29D00-27B5-5162-8FDF-C475D8DBBA28,FB34A938-23E3-5BB9-AB25-949BFBD06F9A,SYN-TR-0028,5D11E6ED-86BC-5114-830E-943F22D3FAC8,SYN-MZ-00059,B3FCD913-6089-5656-9E25-6318151161B2,539F2A98-36A1-5B20-A5FC-59A9E18EFB44,1004,1,TRIAL_ENTRY,FALSE,SYNTHETIC — integrated V2 (fixed),TRUE
5CB73A30-7549-580A-BA55-1ACFBFA3AFD1,FB34A938-23E3-5BB9-AB25-949BFBD06F9A,SYN-TR-0028,CB3BA2FD-86CC-5ED9-964B-70C0E700498A,SYN-MZ-00058,6AA26C1B-37F5-5F60-B727-D2D937C111D1,539F2A98-36A1-5B20-A5FC-59A9E18EFB44,1005,1,TRIAL_ENTRY,FALSE,SYNTHETIC — integrated V2 (fixed),TRUE
E7C736FE-C0E1-58A6-B011-4EC28039C25D,FB34A938-23E3-5BB9-AB25-949BFBD06F9A,SYN-TR-0028,335D7797-1267-5040-9BF3-15F2B103E058,SYN-MZ-00056,07F09842-75EB-5C85-BBFA-442E199D88C3,539F2A98-36A1-5B20-A5FC-59A9E18EFB44,1006,1,TRIAL_ENTRY,FALSE,SYNTHETIC — integrated V2 (fixed),TRUE
6AF2D340-C4C9-5365-84CE-435A28BD0168,FB34A938-23E3-5BB9-AB25-949BFBD06F9A,SYN-TR-0028,DD68F5D5-574A-5056-8841-6CB4192055E7,SYN-MZ-00060,9C3A1E5D-E37E-582C-AA7D-2B5A66957CB3,539F2A98-36A1-5B20-A5FC-59A9E18EFB44,1007,1,TRIAL_ENTRY,FALSE,SYNTHETIC — integrated V2 (fixed),TRUE
718984A1-8D56-542D-AE38-4648D62715BD,FB34A938-23E3-5BB9-AB25-949BFBD06F9A,SYN-TR-0028,03B42C84-51CA-5773-8E4C-295473835D66,SYN-MZ-CHK02,A92E98DA-E476-5795-8F0C-D596AF9E41F3,539F2A98-36A1-5B20-A5FC-59A9E18EFB44,1008,1,CHECK,FALSE,SYNTHETIC — integrated V2 (fixed),TRUE
2627B8C3-D3E9-549E-BDD5-91DCB96D892E,FB34A938-23E3-5BB9-AB25-949BFBD06F9A,SYN-TR-0028,03B42C84-51CA-5773-8E4C-295473835D66,SYN-MZ-CHK02,A92E98DA-E476-5795-8F0C-D596AF9E41F3,539F2A98-36A1-5B20-A5FC-59A9E18EFB44,2001,2,CHECK,FALSE,SYNTHETIC — integrated V2 (fixed),TRUE
ADF110C2-BE42-5859-83A8-ED1E104567AB,FB34A938-23E3-5BB9-AB25-949BFBD06F9A,SYN-TR-0028,CB3BA2FD-86CC-5ED9-964B-70C0E700498A,SYN-MZ-00058,6AA26C1B-37F5-5F60-B727-D2D937C111D1,539F2A98-36A1-5B20-A5FC-59A9E18EFB44,2002,2,TRIAL_ENTRY,FALSE,SYNTHETIC — integrated V2 (fixed),TRUE
5F9AC486-BD8F-5E7E-B0E0-86904805AD6C,FB34A938-23E3-5BB9-AB25-949BFBD06F9A,SYN-TR-0028,895C37E3-3402-5903-BB78-18E139F002E0,SYN-MZ-CHK01,42CE60AF-7FF7-55CE-8F13-7705F3D9EF4B,539F2A98-36A1-5B20-A5FC-59A9E18EFB44,2003,2,CHECK,FALSE,SYNTHETIC — integrated V2 (fixed),TRUE
EDE152A9-F1CE-5C6A-AEAE-CB2AFD2935CD,FB34A938-23E3-5BB9-AB25-949BFBD06F9A,SYN-TR-0028,DD61D49A-852D-59C9-A7F8-0A85B6E85478,SYN-MZ-00057,1F4E989D-007E-5B86-B0B6-EB8E680E237A,539F2A98-36A1-5B20-A5FC-59A9E18EFB44,2004,2,TRIAL_ENTRY,FALSE,SYNTHETIC — integrated V2 (fixed),TRUE
54435DA2-9A49-5E5C-8C29-AFBC94CA76D5,FB34A938-23E3-5BB9-AB25-949BFBD06F9A,SYN-TR-0028,AA1B3880-0BFC-59AA-9F23-5D92CD2AB166,SYN-MZ-00055,B23AB33B-6B7D-5E93-B459-73CD0AFCA649,539F2A98-36A1-5B20-A5FC-59A9E18EFB44,2005,2,TRIAL_ENTRY,TRUE,SYNTHETIC — integrated V2 (fixed),TRUE
AD5BFE55-643A-5736-AD27-C37FA203772E,FB34A938-23E3-5BB9-AB25-949BFBD06F9A,SYN-TR-0028,335D7797-1267-5040-9BF3-15F2B103E058,SYN-MZ-00056,07F09842-75EB-5C85-BBFA-442E199D88C3,539F2A98-36A1-5B20-A5FC-59A9E18EFB44,2006,2,TRIAL_ENTRY,FALSE,SYNTHETIC — integrated V2 (fixed),TRUE
5D75B2AC-FCE5-5DE9-B50C-423A2FAC0D5D,FB34A938-23E3-5BB9-AB25-949BFBD06F9A,SYN-TR-0028,5D11E6ED-86BC-5114-830E-943F22D3FAC8,SYN-MZ-00059,B3FCD913-6089-5656-9E25-6318151161B2,539F2A98-36A1-5B20-A5FC-59A9E18EFB44,2007,2,TRIAL_ENTRY,FALSE,SYNTHETIC — integrated V2 (fixed),TRUE
34227DE9-8978-59C3-AC73-BC0A3A4FF7D9,FB34A938-23E3-5BB9-AB25-949BFBD06F9A,SYN-TR-0028,DD68F5D5-574A-5056-8841-6CB4192055E7,SYN-MZ-00060,9C3A1E5D-E37E-582C-AA7D-2B5A66957CB3,539F2A98-36A1-5B20-A5FC-59A9E18EFB44,2008,2,TRIAL_ENTRY,FALSE,SYNTHETIC — integrated V2 (fixed),TRUE
7AB09EC4-432A-501D-8020-11C9A6B76324,FB34A938-23E3-5BB9-AB25-949BFBD06F9A,SYN-TR-0028,DD61D49A-852D-59C9-A7F8-0A85B6E85478,SYN-MZ-00057,1F4E989D-007E-5B86-B0B6-EB8E680E237A,539F2A98-36A1-5B20-A5FC-59A9E18EFB44,3001,3,TRIAL_ENTRY,FALSE,SYNTHETIC — integrated V2 (fixed),TRUE
7315E439-31C1-579F-BCFB-F78610428C37,FB34A938-23E3-5BB9-AB25-949BFBD06F9A,SYN-TR-0028,335D7797-1267-5040-9BF3-15F2B103E058,SYN-MZ-00056,07F09842-75EB-5C85-BBFA-442E199D88C3,539F2A98-36A1-5B20-A5FC-59A9E18EFB44,3002,3,TRIAL_ENTRY,FALSE,SYNTHETIC — integrated V2 (fixed),TRUE
8EC35E6F-00A8-5834-A8C3-1E06747B02EE,FB34A938-23E3-5BB9-AB25-949BFBD06F9A,SYN-TR-0028,03B42C84-51CA-5773-8E4C-295473835D66,SYN-MZ-CHK02,A92E98DA-E476-5795-8F0C-D596AF9E41F3,539F2A98-36A1-5B20-A5FC-59A9E18EFB44,3003,3,CHECK,FALSE,SYNTHETIC — integrated V2 (fixed),TRUE
FD61EA46-A6FE-58CF-84A6-7800A1E604DE,FB34A938-23E3-5BB9-AB25-949BFBD06F9A,SYN-TR-0028,AA1B3880-0BFC-59AA-9F23-5D92CD2AB166,SYN-MZ-00055,B23AB33B-6B7D-5E93-B459-73CD0AFCA649,539F2A98-36A1-5B20-A5FC-59A9E18EFB44,3004,3,TRIAL_ENTRY,TRUE,SYNTHETIC — integrated V2 (fixed),TRUE
F4DD6F76-99BB-5AF0-830B-3E6D88B2AB60,FB34A938-23E3-5BB9-AB25-949BFBD06F9A,SYN-TR-0028,CB3BA2FD-86CC-5ED9-964B-70C0E700498A,SYN-MZ-00058,6AA26C1B-37F5-5F60-B727-D2D937C111D1,539F2A98-36A1-5B20-A5FC-59A9E18EFB44,3005,3,TRIAL_ENTRY,FALSE,SYNTHETIC — integrated V2 (fixed),TRUE
5443107D-D67A-5D9D-A501-E082033920C9,FB34A938-23E3-5BB9-AB25-949BFBD06F9A,SYN-TR-0028,DD68F5D5-574A-5056-8841-6CB4192055E7,SYN-MZ-00060,9C3A1E5D-E37E-582C-AA7D-2B5A66957CB3,539F2A98-36A1-5B20-A5FC-59A9E18EFB44,3006,3,TRIAL_ENTRY,FALSE,SYNTHETIC — integrated V2 (fixed),TRUE
227C40F2-6B47-5BF2-8F78-067B2DF2FE52,FB34A938-23E3-5BB9-AB25-949BFBD06F9A,SYN-TR-0028,5D11E6ED-86BC-5114-830E-943F22D3FAC8,SYN-MZ-00059,B3FCD913-6089-5656-9E25-6318151161B2,539F2A98-36A1-5B20-A5FC-59A9E18EFB44,3007,3,TRIAL_ENTRY,FALSE,SYNTHETIC — integrated V2 (fixed),TRUE
C0FA4A5F-8239-5162-804F-9DF059F9894C,FB34A938-23E3-5BB9-AB25-949BFBD06F9A,SYN-TR-0028,895C37E3-3402-5903-BB78-18E139F002E0,SYN-MZ-CHK01,42CE60AF-7FF7-55CE-8F13-7705F3D9EF4B,539F2A98-36A1-5B20-A5FC-59A9E18EFB44,3008,3,CHECK,FALSE,SYNTHETIC — integrated V2 (fixed),TRUE
156E4AB8-3EBD-591E-894D-47C336AC006A,1014A6B1-E3EB-520D-BCC2-EF3F2F45A21B,SYN-TR-0029,CB3BA2FD-86CC-5ED9-964B-70C0E700498A,SYN-MZ-00058,6AA26C1B-37F5-5F60-B727-D2D937C111D1,475B8513-A92E-5538-9BD5-FA9A71E4664D,1001,1,TRIAL_ENTRY,FALSE,SYNTHETIC — integrated V2 (fixed),TRUE
F5508301-6DCB-5420-80D6-2EAA83443153,1014A6B1-E3EB-520D-BCC2-EF3F2F45A21B,SYN-TR-0029,03B42C84-51CA-5773-8E4C-295473835D66,SYN-MZ-CHK02,A92E98DA-E476-5795-8F0C-D596AF9E41F3,475B8513-A92E-5538-9BD5-FA9A71E4664D,1002,1,CHECK,FALSE,SYNTHETIC — integrated V2 (fixed),TRUE
D294D251-4C50-513D-ACC5-74078D166130,1014A6B1-E3EB-520D-BCC2-EF3F2F45A21B,SYN-TR-0029,16FFFD30-47D9-5AA6-A381-643CA1A3FEF3,SYN-MZ-00061,ECD00EBB-2D97-51BC-98EC-A9DC98EECF78,475B8513-A92E-5538-9BD5-FA9A71E4664D,1003,1,TRIAL_ENTRY,FALSE,SYNTHETIC — integrated V2 (fixed),TRUE
FA44F244-8B1F-51DA-8BAE-6E033F1DF6F4,1014A6B1-E3EB-520D-BCC2-EF3F2F45A21B,SYN-TR-0029,895C37E3-3402-5903-BB78-18E139F002E0,SYN-MZ-CHK01,42CE60AF-7FF7-55CE-8F13-7705F3D9EF4B,475B8513-A92E-5538-9BD5-FA9A71E4664D,1004,1,CHECK,FALSE,SYNTHETIC — integrated V2 (fixed),TRUE
17349109-18EB-52CD-8EC1-415463AA7F8A,1014A6B1-E3EB-520D-BCC2-EF3F2F45A21B,SYN-TR-0029,DD68F5D5-574A-5056-8841-6CB4192055E7,SYN-MZ-00060,9C3A1E5D-E37E-582C-AA7D-2B5A66957CB3,475B8513-A92E-5538-9BD5-FA9A71E4664D,1005,1,TRIAL_ENTRY,FALSE,SYNTHETIC — integrated V2 (fixed),TRUE
E680DC43-4D67-53A2-A8CC-3A0847E86F62,1014A6B1-E3EB-520D-BCC2-EF3F2F45A21B,SYN-TR-0029,15913DBE-7013-549B-946D-3D6DA7AE3777,SYN-MZ-00062,16301F92-F9B6-5863-83D7-AD86CA2B8A70,475B8513-A92E-5538-9BD5-FA9A71E4664D,1006,1,TRIAL_ENTRY,FALSE,SYNTHETIC — integrated V2 (fixed),TRUE
3E81578B-32BD-56DB-99F2-EF14493764A0,1014A6B1-E3EB-520D-BCC2-EF3F2F45A21B,SYN-TR-0029,5D11E6ED-86BC-5114-830E-943F22D3FAC8,SYN-MZ-00059,B3FCD913-6089-5656-9E25-6318151161B2,475B8513-A92E-5538-9BD5-FA9A71E4664D,1007,1,TRIAL_ENTRY,FALSE,SYNTHETIC — integrated V2 (fixed),TRUE
0760187D-76C8-56A9-8E95-EC9F6B9EE53B,1014A6B1-E3EB-520D-BCC2-EF3F2F45A21B,SYN-TR-0029,DD61D49A-852D-59C9-A7F8-0A85B6E85478,SYN-MZ-00057,1F4E989D-007E-5B86-B0B6-EB8E680E237A,475B8513-A92E-5538-9BD5-FA9A71E4664D,1008,1,TRIAL_ENTRY,TRUE,SYNTHETIC — integrated V2 (fixed),TRUE
4E992DE9-1706-5CDA-AB42-1E4F190E88BD,1014A6B1-E3EB-520D-BCC2-EF3F2F45A21B,SYN-TR-0029,03B42C84-51CA-5773-8E4C-295473835D66,SYN-MZ-CHK02,A92E98DA-E476-5795-8F0C-D596AF9E41F3,475B8513-A92E-5538-9BD5-FA9A71E4664D,2001,2,CHECK,FALSE,SYNTHETIC — integrated V2 (fixed),TRUE
2E95F224-CED6-527F-97D1-B18C74E2EE10,1014A6B1-E3EB-520D-BCC2-EF3F2F45A21B,SYN-TR-0029,5D11E6ED-86BC-5114-830E-943F22D3FAC8,SYN-MZ-00059,B3FCD913-6089-5656-9E25-6318151161B2,475B8513-A92E-5538-9BD5-FA9A71E4664D,2002,2,TRIAL_ENTRY,FALSE,SYNTHETIC — integrated V2 (fixed),TRUE
3B748D69-5326-570C-89BA-F41F28B6CE3B,1014A6B1-E3EB-520D-BCC2-EF3F2F45A21B,SYN-TR-0029,DD68F5D5-574A-5056-8841-6CB4192055E7,SYN-MZ-00060,9C3A1E5D-E37E-582C-AA7D-2B5A66957CB3,475B8513-A92E-5538-9BD5-FA9A71E4664D,2003,2,TRIAL_ENTRY,FALSE,SYNTHETIC — integrated V2 (fixed),TRUE
00CFA048-A731-5269-8485-8F292A4543EA,1014A6B1-E3EB-520D-BCC2-EF3F2F45A21B,SYN-TR-0029,CB3BA2FD-86CC-5ED9-964B-70C0E700498A,SYN-MZ-00058,6AA26C1B-37F5-5F60-B727-D2D937C111D1,475B8513-A92E-5538-9BD5-FA9A71E4664D,2004,2,TRIAL_ENTRY,FALSE,SYNTHETIC — integrated V2 (fixed),TRUE
1E537E11-F4EF-5973-9A8E-AD263FB2FAA6,1014A6B1-E3EB-520D-BCC2-EF3F2F45A21B,SYN-TR-0029,DD61D49A-852D-59C9-A7F8-0A85B6E85478,SYN-MZ-00057,1F4E989D-007E-5B86-B0B6-EB8E680E237A,475B8513-A92E-5538-9BD5-FA9A71E4664D,2005,2,TRIAL_ENTRY,TRUE,SYNTHETIC — integrated V2 (fixed),TRUE
75DF541A-1814-5C88-9721-2DDBA02EBB25,1014A6B1-E3EB-520D-BCC2-EF3F2F45A21B,SYN-TR-0029,16FFFD30-47D9-5AA6-A381-643CA1A3FEF3,SYN-MZ-00061,ECD00EBB-2D97-51BC-98EC-A9DC98EECF78,475B8513-A92E-5538-9BD5-FA9A71E4664D,2006,2,TRIAL_ENTRY,FALSE,SYNTHETIC — integrated V2 (fixed),TRUE
59F2DD31-40FC-5E5A-A6F6-E176D16769A3,1014A6B1-E3EB-520D-BCC2-EF3F2F45A21B,SYN-TR-0029,15913DBE-7013-549B-946D-3D6DA7AE3777,SYN-MZ-00062,16301F92-F9B6-5863-83D7-AD86CA2B8A70,475B8513-A92E-5538-9BD5-FA9A71E4664D,2007,2,TRIAL_ENTRY,FALSE,SYNTHETIC — integrated V2 (fixed),TRUE
30FB1094-00BE-5416-B816-8E36CC7877B9,1014A6B1-E3EB-520D-BCC2-EF3F2F45A21B,SYN-TR-0029,895C37E3-3402-5903-BB78-18E139F002E0,SYN-MZ-CHK01,42CE60AF-7FF7-55CE-8F13-7705F3D9EF4B,475B8513-A92E-5538-9BD5-FA9A71E4664D,2008,2,CHECK,FALSE,SYNTHETIC — integrated V2 (fixed),TRUE
12C78CF7-1041-581A-861F-E06857064E05,1014A6B1-E3EB-520D-BCC2-EF3F2F45A21B,SYN-TR-0029,DD61D49A-852D-59C9-A7F8-0A85B6E85478,SYN-MZ-00057,1F4E989D-007E-5B86-B0B6-EB8E680E237A,475B8513-A92E-5538-9BD5-FA9A71E4664D,3001,3,TRIAL_ENTRY,TRUE,SYNTHETIC — integrated V2 (fixed),TRUE
1B7C45A6-4868-5D53-A5C6-D8BB9F10E289,1014A6B1-E3EB-520D-BCC2-EF3F2F45A21B,SYN-TR-0029,15913DBE-7013-549B-946D-3D6DA7AE3777,SYN-MZ-00062,16301F92-F9B6-5863-83D7-AD86CA2B8A70,475B8513-A92E-5538-9BD5-FA9A71E4664D,3002,3,TRIAL_ENTRY,FALSE,SYNTHETIC — integrated V2 (fixed),TRUE
44BFD51B-4B18-5E49-B5A4-598AD4A680EB,1014A6B1-E3EB-520D-BCC2-EF3F2F45A21B,SYN-TR-0029,CB3BA2FD-86CC-5ED9-964B-70C0E700498A,SYN-MZ-00058,6AA26C1B-37F5-5F60-B727-D2D937C111D1,475B8513-A92E-5538-9BD5-FA9A71E4664D,3003,3,TRIAL_ENTRY,FALSE,SYNTHETIC — integrated V2 (fixed),TRUE
E4EE94C7-BAA2-5BAE-9B96-0D47CF47411B,1014A6B1-E3EB-520D-BCC2-EF3F2F45A21B,SYN-TR-0029,03B42C84-51CA-5773-8E4C-295473835D66,SYN-MZ-CHK02,A92E98DA-E476-5795-8F0C-D596AF9E41F3,475B8513-A92E-5538-9BD5-FA9A71E4664D,3004,3,CHECK,FALSE,SYNTHETIC — integrated V2 (fixed),TRUE
425B7523-AC14-5320-9A4F-167DE954D1C1,1014A6B1-E3EB-520D-BCC2-EF3F2F45A21B,SYN-TR-0029,16FFFD30-47D9-5AA6-A381-643CA1A3FEF3,SYN-MZ-00061,ECD00EBB-2D97-51BC-98EC-A9DC98EECF78,475B8513-A92E-5538-9BD5-FA9A71E4664D,3005,3,TRIAL_ENTRY,FALSE,SYNTHETIC — integrated V2 (fixed),TRUE
FBC45AAC-7E0F-5DCB-86AB-04533DAF5EF3,1014A6B1-E3EB-520D-BCC2-EF3F2F45A21B,SYN-TR-0029,DD68F5D5-574A-5056-8841-6CB4192055E7,SYN-MZ-00060,9C3A1E5D-E37E-582C-AA7D-2B5A66957CB3,475B8513-A92E-5538-9BD5-FA9A71E4664D,3006,3,TRIAL_ENTRY,FALSE,SYNTHETIC — integrated V2 (fixed),TRUE
A486000F-2752-5907-B5D9-5969D894E2C2,1014A6B1-E3EB-520D-BCC2-EF3F2F45A21B,SYN-TR-0029,895C37E3-3402-5903-BB78-18E139F002E0,SYN-MZ-CHK01,42CE60AF-7FF7-55CE-8F13-7705F3D9EF4B,475B8513-A92E-5538-9BD5-FA9A71E4664D,3007,3,CHECK,FALSE,SYNTHETIC — integrated V2 (fixed),TRUE
7374F51C-727F-5EE1-84D7-FA6BA7EE3CD0,1014A6B1-E3EB-520D-BCC2-EF3F2F45A21B,SYN-TR-0029,5D11E6ED-86BC-5114-830E-943F22D3FAC8,SYN-MZ-00059,B3FCD913-6089-5656-9E25-6318151161B2,475B8513-A92E-5538-9BD5-FA9A71E4664D,3008,3,TRIAL_ENTRY,FALSE,SYNTHETIC — integrated V2 (fixed),TRUE
1A473310-80A4-57AD-B73C-F1E11CD2F892,086CE1DC-E112-5846-B43B-B8592BF8C1B3,SYN-TR-0030,16FFFD30-47D9-5AA6-A381-643CA1A3FEF3,SYN-MZ-00061,ECD00EBB-2D97-51BC-98EC-A9DC98EECF78,602002CA-9CC3-5B4B-A454-3D864498B5D2,1001,1,TRIAL_ENTRY,FALSE,SYNTHETIC — integrated V2 (fixed),TRUE
7824B544-E968-5B9F-A1CC-285A9A3D4DA2,086CE1DC-E112-5846-B43B-B8592BF8C1B3,SYN-TR-0030,ECEDBC9C-312B-51DC-942B-9D9E32887D58,SYN-MZ-00064,661A6861-9EEE-56EA-8109-40E4399FB0DF,602002CA-9CC3-5B4B-A454-3D864498B5D2,1002,1,TRIAL_ENTRY,FALSE,SYNTHETIC — integrated V2 (fixed),TRUE
78573A10-CCEE-5D62-99BB-17B23C27FCA4,086CE1DC-E112-5846-B43B-B8592BF8C1B3,SYN-TR-0030,5EC7789B-6A39-584A-B525-208F59B83E86,SYN-MZ-00063,1B5E6014-05DA-516C-9B9E-0D0A6F86BB54,602002CA-9CC3-5B4B-A454-3D864498B5D2,1003,1,TRIAL_ENTRY,FALSE,SYNTHETIC — integrated V2 (fixed),TRUE
FB640D42-EBE5-5371-A4DA-2846FDA31D01,086CE1DC-E112-5846-B43B-B8592BF8C1B3,SYN-TR-0030,DD68F5D5-574A-5056-8841-6CB4192055E7,SYN-MZ-00060,9C3A1E5D-E37E-582C-AA7D-2B5A66957CB3,602002CA-9CC3-5B4B-A454-3D864498B5D2,1004,1,TRIAL_ENTRY,FALSE,SYNTHETIC — integrated V2 (fixed),TRUE
F97A9776-F096-5CCB-B5B5-02E036B049C8,086CE1DC-E112-5846-B43B-B8592BF8C1B3,SYN-TR-0030,895C37E3-3402-5903-BB78-18E139F002E0,SYN-MZ-CHK01,42CE60AF-7FF7-55CE-8F13-7705F3D9EF4B,602002CA-9CC3-5B4B-A454-3D864498B5D2,1005,1,CHECK,FALSE,SYNTHETIC — integrated V2 (fixed),TRUE
FEBE5F4A-0614-5546-9B89-416A38EB249E,086CE1DC-E112-5846-B43B-B8592BF8C1B3,SYN-TR-0030,15913DBE-7013-549B-946D-3D6DA7AE3777,SYN-MZ-00062,16301F92-F9B6-5863-83D7-AD86CA2B8A70,602002CA-9CC3-5B4B-A454-3D864498B5D2,1006,1,TRIAL_ENTRY,FALSE,SYNTHETIC — integrated V2 (fixed),TRUE
5F7E2E32-502D-5CEC-B385-63AC7EEBC5BE,086CE1DC-E112-5846-B43B-B8592BF8C1B3,SYN-TR-0030,03B42C84-51CA-5773-8E4C-295473835D66,SYN-MZ-CHK02,A92E98DA-E476-5795-8F0C-D596AF9E41F3,602002CA-9CC3-5B4B-A454-3D864498B5D2,1007,1,CHECK,FALSE,SYNTHETIC — integrated V2 (fixed),TRUE
8DBB053A-F79E-5A3D-B6D9-0B7F1E888239,086CE1DC-E112-5846-B43B-B8592BF8C1B3,SYN-TR-0030,5D11E6ED-86BC-5114-830E-943F22D3FAC8,SYN-MZ-00059,B3FCD913-6089-5656-9E25-6318151161B2,602002CA-9CC3-5B4B-A454-3D864498B5D2,1008,1,TRIAL_ENTRY,TRUE,SYNTHETIC — integrated V2 (fixed),TRUE
CBEE6819-992E-57BB-8473-6CB5E903067A,086CE1DC-E112-5846-B43B-B8592BF8C1B3,SYN-TR-0030,03B42C84-51CA-5773-8E4C-295473835D66,SYN-MZ-CHK02,A92E98DA-E476-5795-8F0C-D596AF9E41F3,602002CA-9CC3-5B4B-A454-3D864498B5D2,2001,2,CHECK,FALSE,SYNTHETIC — integrated V2 (fixed),TRUE
2D22D2D5-B9C0-5FBB-9D59-C69DAFE3438F,086CE1DC-E112-5846-B43B-B8592BF8C1B3,SYN-TR-0030,ECEDBC9C-312B-51DC-942B-9D9E32887D58,SYN-MZ-00064,661A6861-9EEE-56EA-8109-40E4399FB0DF,602002CA-9CC3-5B4B-A454-3D864498B5D2,2002,2,TRIAL_ENTRY,FALSE,SYNTHETIC — integrated V2 (fixed),TRUE
E72AAF53-2E70-5734-919E-6AC87CFC5990,086CE1DC-E112-5846-B43B-B8592BF8C1B3,SYN-TR-0030,5EC7789B-6A39-584A-B525-208F59B83E86,SYN-MZ-00063,1B5E6014-05DA-516C-9B9E-0D0A6F86BB54,602002CA-9CC3-5B4B-A454-3D864498B5D2,2003,2,TRIAL_ENTRY,FALSE,SYNTHETIC — integrated V2 (fixed),TRUE
C5788C40-3028-5689-B84F-48F49EE53155,086CE1DC-E112-5846-B43B-B8592BF8C1B3,SYN-TR-0030,895C37E3-3402-5903-BB78-18E139F002E0,SYN-MZ-CHK01,42CE60AF-7FF7-55CE-8F13-7705F3D9EF4B,602002CA-9CC3-5B4B-A454-3D864498B5D2,2004,2,CHECK,FALSE,SYNTHETIC — integrated V2 (fixed),TRUE
D8AD85CC-E2AD-5D56-A9D5-CC77B8981DF9,086CE1DC-E112-5846-B43B-B8592BF8C1B3,SYN-TR-0030,16FFFD30-47D9-5AA6-A381-643CA1A3FEF3,SYN-MZ-00061,ECD00EBB-2D97-51BC-98EC-A9DC98EECF78,602002CA-9CC3-5B4B-A454-3D864498B5D2,2005,2,TRIAL_ENTRY,FALSE,SYNTHETIC — integrated V2 (fixed),TRUE
59B7903E-C736-5217-AE17-0B5478934CC8,086CE1DC-E112-5846-B43B-B8592BF8C1B3,SYN-TR-0030,5D11E6ED-86BC-5114-830E-943F22D3FAC8,SYN-MZ-00059,B3FCD913-6089-5656-9E25-6318151161B2,602002CA-9CC3-5B4B-A454-3D864498B5D2,2006,2,TRIAL_ENTRY,TRUE,SYNTHETIC — integrated V2 (fixed),TRUE
32ED0A66-682F-5E9F-9836-759167D395F2,086CE1DC-E112-5846-B43B-B8592BF8C1B3,SYN-TR-0030,DD68F5D5-574A-5056-8841-6CB4192055E7,SYN-MZ-00060,9C3A1E5D-E37E-582C-AA7D-2B5A66957CB3,602002CA-9CC3-5B4B-A454-3D864498B5D2,2007,2,TRIAL_ENTRY,FALSE,SYNTHETIC — integrated V2 (fixed),TRUE
9982C3BF-1ACD-57D8-AA2E-502A3E8E1501,086CE1DC-E112-5846-B43B-B8592BF8C1B3,SYN-TR-0030,15913DBE-7013-549B-946D-3D6DA7AE3777,SYN-MZ-00062,16301F92-F9B6-5863-83D7-AD86CA2B8A70,602002CA-9CC3-5B4B-A454-3D864498B5D2,2008,2,TRIAL_ENTRY,FALSE,SYNTHETIC — integrated V2 (fixed),TRUE
DC4381C5-2A9B-5A16-B5DC-1DDD350044AE,086CE1DC-E112-5846-B43B-B8592BF8C1B3,SYN-TR-0030,16FFFD30-47D9-5AA6-A381-643CA1A3FEF3,SYN-MZ-00061,ECD00EBB-2D97-51BC-98EC-A9DC98EECF78,602002CA-9CC3-5B4B-A454-3D864498B5D2,3001,3,TRIAL_ENTRY,FALSE,SYNTHETIC — integrated V2 (fixed),TRUE
87257B3D-63F0-5070-9F60-1D3F84CD095B,086CE1DC-E112-5846-B43B-B8592BF8C1B3,SYN-TR-0030,895C37E3-3402-5903-BB78-18E139F002E0,SYN-MZ-CHK01,42CE60AF-7FF7-55CE-8F13-7705F3D9EF4B,602002CA-9CC3-5B4B-A454-3D864498B5D2,3002,3,CHECK,FALSE,SYNTHETIC — integrated V2 (fixed),TRUE
FBBDCBDC-DAE9-5A6A-B0DB-9F61DAE8EF70,086CE1DC-E112-5846-B43B-B8592BF8C1B3,SYN-TR-0030,5EC7789B-6A39-584A-B525-208F59B83E86,SYN-MZ-00063,1B5E6014-05DA-516C-9B9E-0D0A6F86BB54,602002CA-9CC3-5B4B-A454-3D864498B5D2,3003,3,TRIAL_ENTRY,FALSE,SYNTHETIC — integrated V2 (fixed),TRUE
E4BB375C-11E6-5F50-BF95-0E456C64EDEC,086CE1DC-E112-5846-B43B-B8592BF8C1B3,SYN-TR-0030,03B42C84-51CA-5773-8E4C-295473835D66,SYN-MZ-CHK02,A92E98DA-E476-5795-8F0C-D596AF9E41F3,602002CA-9CC3-5B4B-A454-3D864498B5D2,3004,3,CHECK,FALSE,SYNTHETIC — integrated V2 (fixed),TRUE
96B95E64-6794-5E34-9053-4E23295D225E,086CE1DC-E112-5846-B43B-B8592BF8C1B3,SYN-TR-0030,5D11E6ED-86BC-5114-830E-943F22D3FAC8,SYN-MZ-00059,B3FCD913-6089-5656-9E25-6318151161B2,602002CA-9CC3-5B4B-A454-3D864498B5D2,3005,3,TRIAL_ENTRY,TRUE,SYNTHETIC — integrated V2 (fixed),TRUE
819012AB-0C85-53B8-895B-E848C767A83D,086CE1DC-E112-5846-B43B-B8592BF8C1B3,SYN-TR-0030,ECEDBC9C-312B-51DC-942B-9D9E32887D58,SYN-MZ-00064,661A6861-9EEE-56EA-8109-40E4399FB0DF,602002CA-9CC3-5B4B-A454-3D864498B5D2,3006,3,TRIAL_ENTRY,FALSE,SYNTHETIC — integrated V2 (fixed),TRUE
C777C430-10F6-58EF-BDF7-2670B73FC377,086CE1DC-E112-5846-B43B-B8592BF8C1B3,SYN-TR-0030,DD68F5D5-574A-5056-8841-6CB4192055E7,SYN-MZ-00060,9C3A1E5D-E37E-582C-AA7D-2B5A66957CB3,602002CA-9CC3-5B4B-A454-3D864498B5D2,3007,3,TRIAL_ENTRY,FALSE,SYNTHETIC — integrated V2 (fixed),TRUE
8E0E5201-7C65-5C67-8387-DBAE7844C829,086CE1DC-E112-5846-B43B-B8592BF8C1B3,SYN-TR-0030,15913DBE-7013-549B-946D-3D6DA7AE3777,SYN-MZ-00062,16301F92-F9B6-5863-83D7-AD86CA2B8A70,602002CA-9CC3-5B4B-A454-3D864498B5D2,3008,3,TRIAL_ENTRY,FALSE,SYNTHETIC — integrated V2 (fixed),TRUE
03EDFDFB-F9F4-5A82-8D04-2FFD3F8DD880,D8DA9362-270D-5419-84BE-053B1FA79E43,SYN-TR-0031,15913DBE-7013-549B-946D-3D6DA7AE3777,SYN-MZ-00062,16301F92-F9B6-5863-83D7-AD86CA2B8A70,5D280FEA-B5D3-5CE0-8428-5E05F6891D48,1001,1,TRIAL_ENTRY,FALSE,SYNTHETIC — integrated V2 (fixed),TRUE
25FFFCD7-0CD4-591C-9DA1-8217383CBB28,D8DA9362-270D-5419-84BE-053B1FA79E43,SYN-TR-0031,AF23A561-1794-5CA1-B10C-3628EECCF466,SYN-MZ-00065,F53007FA-04AD-5C1C-82C2-E2E7CE657501,5D280FEA-B5D3-5CE0-8428-5E05F6891D48,1002,1,TRIAL_ENTRY,FALSE,SYNTHETIC — integrated V2 (fixed),TRUE
FAD3A81D-272C-5C9C-AC98-A58004DD989D,D8DA9362-270D-5419-84BE-053B1FA79E43,SYN-TR-0031,16FFFD30-47D9-5AA6-A381-643CA1A3FEF3,SYN-MZ-00061,ECD00EBB-2D97-51BC-98EC-A9DC98EECF78,5D280FEA-B5D3-5CE0-8428-5E05F6891D48,1003,1,TRIAL_ENTRY,TRUE,SYNTHETIC — integrated V2 (fixed),TRUE
7532CCE8-8433-5243-ADC1-0349BDC35C03,D8DA9362-270D-5419-84BE-053B1FA79E43,SYN-TR-0031,03B42C84-51CA-5773-8E4C-295473835D66,SYN-MZ-CHK02,A92E98DA-E476-5795-8F0C-D596AF9E41F3,5D280FEA-B5D3-5CE0-8428-5E05F6891D48,1004,1,CHECK,FALSE,SYNTHETIC — integrated V2 (fixed),TRUE
DEE8FE12-AE3E-5C4C-9C2E-63BF9F8E1DA3,D8DA9362-270D-5419-84BE-053B1FA79E43,SYN-TR-0031,895C37E3-3402-5903-BB78-18E139F002E0,SYN-MZ-CHK01,42CE60AF-7FF7-55CE-8F13-7705F3D9EF4B,5D280FEA-B5D3-5CE0-8428-5E05F6891D48,1005,1,CHECK,FALSE,SYNTHETIC — integrated V2 (fixed),TRUE
AA7C782B-4634-57A6-92BC-220E9EBC90EF,D8DA9362-270D-5419-84BE-053B1FA79E43,SYN-TR-0031,07784854-7BC7-5ECA-BDD4-CACF4FB75117,SYN-MZ-00066,E0509DDE-469C-5D18-A48D-683A135CDBD3,5D280FEA-B5D3-5CE0-8428-5E05F6891D48,1006,1,TRIAL_ENTRY,FALSE,SYNTHETIC — integrated V2 (fixed),TRUE
1BBB2DEB-2EE6-5D20-B71E-92875B506CDC,D8DA9362-270D-5419-84BE-053B1FA79E43,SYN-TR-0031,ECEDBC9C-312B-51DC-942B-9D9E32887D58,SYN-MZ-00064,661A6861-9EEE-56EA-8109-40E4399FB0DF,5D280FEA-B5D3-5CE0-8428-5E05F6891D48,1007,1,TRIAL_ENTRY,FALSE,SYNTHETIC — integrated V2 (fixed),TRUE
4C267847-1766-5ECA-8B43-3C7A4BF42D6C,D8DA9362-270D-5419-84BE-053B1FA79E43,SYN-TR-0031,5EC7789B-6A39-584A-B525-208F59B83E86,SYN-MZ-00063,1B5E6014-05DA-516C-9B9E-0D0A6F86BB54,5D280FEA-B5D3-5CE0-8428-5E05F6891D48,1008,1,TRIAL_ENTRY,FALSE,SYNTHETIC — integrated V2 (fixed),TRUE
E01E25AD-A367-5155-8A01-EE26C9AE58A3,D8DA9362-270D-5419-84BE-053B1FA79E43,SYN-TR-0031,15913DBE-7013-549B-946D-3D6DA7AE3777,SYN-MZ-00062,16301F92-F9B6-5863-83D7-AD86CA2B8A70,5D280FEA-B5D3-5CE0-8428-5E05F6891D48,2001,2,TRIAL_ENTRY,FALSE,SYNTHETIC — integrated V2 (fixed),TRUE
1593169C-11C4-562C-A43B-BFA6D1A2F0B3,D8DA9362-270D-5419-84BE-053B1FA79E43,SYN-TR-0031,5EC7789B-6A39-584A-B525-208F59B83E86,SYN-MZ-00063,1B5E6014-05DA-516C-9B9E-0D0A6F86BB54,5D280FEA-B5D3-5CE0-8428-5E05F6891D48,2002,2,TRIAL_ENTRY,FALSE,SYNTHETIC — integrated V2 (fixed),TRUE
441DCDBA-C9FD-5AA4-A8E9-890DB69E57E8,D8DA9362-270D-5419-84BE-053B1FA79E43,SYN-TR-0031,03B42C84-51CA-5773-8E4C-295473835D66,SYN-MZ-CHK02,A92E98DA-E476-5795-8F0C-D596AF9E41F3,5D280FEA-B5D3-5CE0-8428-5E05F6891D48,2003,2,CHECK,FALSE,SYNTHETIC — integrated V2 (fixed),TRUE
D59452A7-4029-5C64-8074-DB4D016A6060,D8DA9362-270D-5419-84BE-053B1FA79E43,SYN-TR-0031,16FFFD30-47D9-5AA6-A381-643CA1A3FEF3,SYN-MZ-00061,ECD00EBB-2D97-51BC-98EC-A9DC98EECF78,5D280FEA-B5D3-5CE0-8428-5E05F6891D48,2004,2,TRIAL_ENTRY,TRUE,SYNTHETIC — integrated V2 (fixed),TRUE
83FD92F1-F379-5D50-AE1C-FA1B2CE453D1,D8DA9362-270D-5419-84BE-053B1FA79E43,SYN-TR-0031,AF23A561-1794-5CA1-B10C-3628EECCF466,SYN-MZ-00065,F53007FA-04AD-5C1C-82C2-E2E7CE657501,5D280FEA-B5D3-5CE0-8428-5E05F6891D48,2005,2,TRIAL_ENTRY,FALSE,SYNTHETIC — integrated V2 (fixed),TRUE
8C2F3342-F424-5584-ACAF-58B98B360F1C,D8DA9362-270D-5419-84BE-053B1FA79E43,SYN-TR-0031,895C37E3-3402-5903-BB78-18E139F002E0,SYN-MZ-CHK01,42CE60AF-7FF7-55CE-8F13-7705F3D9EF4B,5D280FEA-B5D3-5CE0-8428-5E05F6891D48,2006,2,CHECK,FALSE,SYNTHETIC — integrated V2 (fixed),TRUE
D20DF056-FAF7-5CD4-AD76-87B2250567AB,D8DA9362-270D-5419-84BE-053B1FA79E43,SYN-TR-0031,ECEDBC9C-312B-51DC-942B-9D9E32887D58,SYN-MZ-00064,661A6861-9EEE-56EA-8109-40E4399FB0DF,5D280FEA-B5D3-5CE0-8428-5E05F6891D48,2007,2,TRIAL_ENTRY,FALSE,SYNTHETIC — integrated V2 (fixed),TRUE
E931AEC0-EB46-5485-8DF2-1C7CC36BD2B2,D8DA9362-270D-5419-84BE-053B1FA79E43,SYN-TR-0031,07784854-7BC7-5ECA-BDD4-CACF4FB75117,SYN-MZ-00066,E0509DDE-469C-5D18-A48D-683A135CDBD3,5D280FEA-B5D3-5CE0-8428-5E05F6891D48,2008,2,TRIAL_ENTRY,FALSE,SYNTHETIC — integrated V2 (fixed),TRUE
E59A3C3C-DCD4-5473-89B1-5AAA3AFA79C5,D8DA9362-270D-5419-84BE-053B1FA79E43,SYN-TR-0031,03B42C84-51CA-5773-8E4C-295473835D66,SYN-MZ-CHK02,A92E98DA-E476-5795-8F0C-D596AF9E41F3,5D280FEA-B5D3-5CE0-8428-5E05F6891D48,3001,3,CHECK,FALSE,SYNTHETIC — integrated V2 (fixed),TRUE
7FE241B4-62F7-5E06-AECD-B38F67020C23,D8DA9362-270D-5419-84BE-053B1FA79E43,SYN-TR-0031,ECEDBC9C-312B-51DC-942B-9D9E32887D58,SYN-MZ-00064,661A6861-9EEE-56EA-8109-40E4399FB0DF,5D280FEA-B5D3-5CE0-8428-5E05F6891D48,3002,3,TRIAL_ENTRY,FALSE,SYNTHETIC — integrated V2 (fixed),TRUE
201C189D-83F9-5126-9DC1-3A2ED58A6B85,D8DA9362-270D-5419-84BE-053B1FA79E43,SYN-TR-0031,895C37E3-3402-5903-BB78-18E139F002E0,SYN-MZ-CHK01,42CE60AF-7FF7-55CE-8F13-7705F3D9EF4B,5D280FEA-B5D3-5CE0-8428-5E05F6891D48,3003,3,CHECK,FALSE,SYNTHETIC — integrated V2 (fixed),TRUE
700E3E7D-DDD1-505F-96F8-D1C74D2AA9F7,D8DA9362-270D-5419-84BE-053B1FA79E43,SYN-TR-0031,AF23A561-1794-5CA1-B10C-3628EECCF466,SYN-MZ-00065,F53007FA-04AD-5C1C-82C2-E2E7CE657501,5D280FEA-B5D3-5CE0-8428-5E05F6891D48,3004,3,TRIAL_ENTRY,FALSE,SYNTHETIC — integrated V2 (fixed),TRUE
A2A5C8BE-4760-5E32-8546-E1DDFB8CA534,D8DA9362-270D-5419-84BE-053B1FA79E43,SYN-TR-0031,16FFFD30-47D9-5AA6-A381-643CA1A3FEF3,SYN-MZ-00061,ECD00EBB-2D97-51BC-98EC-A9DC98EECF78,5D280FEA-B5D3-5CE0-8428-5E05F6891D48,3005,3,TRIAL_ENTRY,TRUE,SYNTHETIC — integrated V2 (fixed),TRUE
72D7EDE7-94A0-5E2C-B673-F49FFD41F048,D8DA9362-270D-5419-84BE-053B1FA79E43,SYN-TR-0031,07784854-7BC7-5ECA-BDD4-CACF4FB75117,SYN-MZ-00066,E0509DDE-469C-5D18-A48D-683A135CDBD3,5D280FEA-B5D3-5CE0-8428-5E05F6891D48,3006,3,TRIAL_ENTRY,FALSE,SYNTHETIC — integrated V2 (fixed),TRUE
6AD4131D-4933-50BB-992B-9A4376539C0D,D8DA9362-270D-5419-84BE-053B1FA79E43,SYN-TR-0031,15913DBE-7013-549B-946D-3D6DA7AE3777,SYN-MZ-00062,16301F92-F9B6-5863-83D7-AD86CA2B8A70,5D280FEA-B5D3-5CE0-8428-5E05F6891D48,3007,3,TRIAL_ENTRY,FALSE,SYNTHETIC — integrated V2 (fixed),TRUE
6D65CD37-5863-5E01-8E19-98F84A8346E9,D8DA9362-270D-5419-84BE-053B1FA79E43,SYN-TR-0031,5EC7789B-6A39-584A-B525-208F59B83E86,SYN-MZ-00063,1B5E6014-05DA-516C-9B9E-0D0A6F86BB54,5D280FEA-B5D3-5CE0-8428-5E05F6891D48,3008,3,TRIAL_ENTRY,FALSE,SYNTHETIC — integrated V2 (fixed),TRUE
A2560242-70EA-549C-98E6-21F8AF29BB41,20D8396F-4A32-5E71-9389-E4D12F303624,SYN-TR-0032,13F23BCD-52EF-574F-ACC6-7AB94AFF9049,SYN-MZ-00067,DF32EF4E-077E-50C6-81DB-A494BFEE277F,04169B56-C7BF-5C64-B4CA-AC7C65CB4EAE,1001,1,TRIAL_ENTRY,FALSE,SYNTHETIC — integrated V2 (fixed),TRUE
538633D4-6466-533D-A9CD-933F7775AECE,20D8396F-4A32-5E71-9389-E4D12F303624,SYN-TR-0032,AF23A561-1794-5CA1-B10C-3628EECCF466,SYN-MZ-00065,F53007FA-04AD-5C1C-82C2-E2E7CE657501,04169B56-C7BF-5C64-B4CA-AC7C65CB4EAE,1002,1,TRIAL_ENTRY,FALSE,SYNTHETIC — integrated V2 (fixed),TRUE
52384E19-603A-51AF-ABE5-0ADE16544966,20D8396F-4A32-5E71-9389-E4D12F303624,SYN-TR-0032,895C37E3-3402-5903-BB78-18E139F002E0,SYN-MZ-CHK01,42CE60AF-7FF7-55CE-8F13-7705F3D9EF4B,04169B56-C7BF-5C64-B4CA-AC7C65CB4EAE,1003,1,CHECK,FALSE,SYNTHETIC — integrated V2 (fixed),TRUE
F968A37E-0813-554F-8A5D-E091D15939C6,20D8396F-4A32-5E71-9389-E4D12F303624,SYN-TR-0032,ECEDBC9C-312B-51DC-942B-9D9E32887D58,SYN-MZ-00064,661A6861-9EEE-56EA-8109-40E4399FB0DF,04169B56-C7BF-5C64-B4CA-AC7C65CB4EAE,1004,1,TRIAL_ENTRY,FALSE,SYNTHETIC — integrated V2 (fixed),TRUE
45C0B445-1CBA-5822-8645-3BB831C16951,20D8396F-4A32-5E71-9389-E4D12F303624,SYN-TR-0032,97E544B0-E0F2-5A44-8A8C-DF6E49262D21,SYN-MZ-00068,C8C76241-B000-5D85-8014-0A422DEA771F,04169B56-C7BF-5C64-B4CA-AC7C65CB4EAE,1005,1,TRIAL_ENTRY,FALSE,SYNTHETIC — integrated V2 (fixed),TRUE
8376D343-FEEF-581B-AD27-9F7DCC7EC710,20D8396F-4A32-5E71-9389-E4D12F303624,SYN-TR-0032,03B42C84-51CA-5773-8E4C-295473835D66,SYN-MZ-CHK02,A92E98DA-E476-5795-8F0C-D596AF9E41F3,04169B56-C7BF-5C64-B4CA-AC7C65CB4EAE,1006,1,CHECK,FALSE,SYNTHETIC — integrated V2 (fixed),TRUE
F9DBBB29-D25F-5CDD-AEEB-12F7E159BE13,20D8396F-4A32-5E71-9389-E4D12F303624,SYN-TR-0032,07784854-7BC7-5ECA-BDD4-CACF4FB75117,SYN-MZ-00066,E0509DDE-469C-5D18-A48D-683A135CDBD3,04169B56-C7BF-5C64-B4CA-AC7C65CB4EAE,1007,1,TRIAL_ENTRY,FALSE,SYNTHETIC — integrated V2 (fixed),TRUE
06B6EE3E-228E-54AB-BAC0-11820BF47660,20D8396F-4A32-5E71-9389-E4D12F303624,SYN-TR-0032,5EC7789B-6A39-584A-B525-208F59B83E86,SYN-MZ-00063,1B5E6014-05DA-516C-9B9E-0D0A6F86BB54,04169B56-C7BF-5C64-B4CA-AC7C65CB4EAE,1008,1,TRIAL_ENTRY,TRUE,SYNTHETIC — integrated V2 (fixed),TRUE
386C396C-4FE7-5E50-9B49-7CE4C599E073,20D8396F-4A32-5E71-9389-E4D12F303624,SYN-TR-0032,895C37E3-3402-5903-BB78-18E139F002E0,SYN-MZ-CHK01,42CE60AF-7FF7-55CE-8F13-7705F3D9EF4B,04169B56-C7BF-5C64-B4CA-AC7C65CB4EAE,2001,2,CHECK,FALSE,SYNTHETIC — integrated V2 (fixed),TRUE
40A2FF2E-3ACA-5872-972A-2DA15755CEDC,20D8396F-4A32-5E71-9389-E4D12F303624,SYN-TR-0032,ECEDBC9C-312B-51DC-942B-9D9E32887D58,SYN-MZ-00064,661A6861-9EEE-56EA-8109-40E4399FB0DF,04169B56-C7BF-5C64-B4CA-AC7C65CB4EAE,2002,2,TRIAL_ENTRY,FALSE,SYNTHETIC — integrated V2 (fixed),TRUE
1437DE48-556D-5F97-AF6E-A86AC774D789,20D8396F-4A32-5E71-9389-E4D12F303624,SYN-TR-0032,03B42C84-51CA-5773-8E4C-295473835D66,SYN-MZ-CHK02,A92E98DA-E476-5795-8F0C-D596AF9E41F3,04169B56-C7BF-5C64-B4CA-AC7C65CB4EAE,2003,2,CHECK,FALSE,SYNTHETIC — integrated V2 (fixed),TRUE
765E07BC-7F12-56C8-AD72-38FAE0C15936,20D8396F-4A32-5E71-9389-E4D12F303624,SYN-TR-0032,AF23A561-1794-5CA1-B10C-3628EECCF466,SYN-MZ-00065,F53007FA-04AD-5C1C-82C2-E2E7CE657501,04169B56-C7BF-5C64-B4CA-AC7C65CB4EAE,2004,2,TRIAL_ENTRY,FALSE,SYNTHETIC — integrated V2 (fixed),TRUE
118A50CE-6108-5EB7-9078-3D113041ED62,20D8396F-4A32-5E71-9389-E4D12F303624,SYN-TR-0032,13F23BCD-52EF-574F-ACC6-7AB94AFF9049,SYN-MZ-00067,DF32EF4E-077E-50C6-81DB-A494BFEE277F,04169B56-C7BF-5C64-B4CA-AC7C65CB4EAE,2005,2,TRIAL_ENTRY,FALSE,SYNTHETIC — integrated V2 (fixed),TRUE
9343830C-971B-5EAC-8AFF-00B3A1E45A1B,20D8396F-4A32-5E71-9389-E4D12F303624,SYN-TR-0032,5EC7789B-6A39-584A-B525-208F59B83E86,SYN-MZ-00063,1B5E6014-05DA-516C-9B9E-0D0A6F86BB54,04169B56-C7BF-5C64-B4CA-AC7C65CB4EAE,2006,2,TRIAL_ENTRY,TRUE,SYNTHETIC — integrated V2 (fixed),TRUE
4B49E355-D310-5681-9E30-6E99E177C19A,20D8396F-4A32-5E71-9389-E4D12F303624,SYN-TR-0032,97E544B0-E0F2-5A44-8A8C-DF6E49262D21,SYN-MZ-00068,C8C76241-B000-5D85-8014-0A422DEA771F,04169B56-C7BF-5C64-B4CA-AC7C65CB4EAE,2007,2,TRIAL_ENTRY,FALSE,SYNTHETIC — integrated V2 (fixed),TRUE
6F9488E5-6E09-521F-982A-CC7989935C41,20D8396F-4A32-5E71-9389-E4D12F303624,SYN-TR-0032,07784854-7BC7-5ECA-BDD4-CACF4FB75117,SYN-MZ-00066,E0509DDE-469C-5D18-A48D-683A135CDBD3,04169B56-C7BF-5C64-B4CA-AC7C65CB4EAE,2008,2,TRIAL_ENTRY,FALSE,SYNTHETIC — integrated V2 (fixed),TRUE
5DA6D5AB-0ED2-5E0F-B5F6-0B409524E289,20D8396F-4A32-5E71-9389-E4D12F303624,SYN-TR-0032,ECEDBC9C-312B-51DC-942B-9D9E32887D58,SYN-MZ-00064,661A6861-9EEE-56EA-8109-40E4399FB0DF,04169B56-C7BF-5C64-B4CA-AC7C65CB4EAE,3001,3,TRIAL_ENTRY,FALSE,SYNTHETIC — integrated V2 (fixed),TRUE
EDFA5C86-AE9E-57C4-9457-3B278D574CCC,20D8396F-4A32-5E71-9389-E4D12F303624,SYN-TR-0032,07784854-7BC7-5ECA-BDD4-CACF4FB75117,SYN-MZ-00066,E0509DDE-469C-5D18-A48D-683A135CDBD3,04169B56-C7BF-5C64-B4CA-AC7C65CB4EAE,3002,3,TRIAL_ENTRY,FALSE,SYNTHETIC — integrated V2 (fixed),TRUE
BA4D5354-743F-5A43-8511-2EA4DF3C207A,20D8396F-4A32-5E71-9389-E4D12F303624,SYN-TR-0032,13F23BCD-52EF-574F-ACC6-7AB94AFF9049,SYN-MZ-00067,DF32EF4E-077E-50C6-81DB-A494BFEE277F,04169B56-C7BF-5C64-B4CA-AC7C65CB4EAE,3003,3,TRIAL_ENTRY,FALSE,SYNTHETIC — integrated V2 (fixed),TRUE
C22BD35A-C70A-5A09-A31D-7C6D3FC730A1,20D8396F-4A32-5E71-9389-E4D12F303624,SYN-TR-0032,97E544B0-E0F2-5A44-8A8C-DF6E49262D21,SYN-MZ-00068,C8C76241-B000-5D85-8014-0A422DEA771F,04169B56-C7BF-5C64-B4CA-AC7C65CB4EAE,3004,3,TRIAL_ENTRY,FALSE,SYNTHETIC — integrated V2 (fixed),TRUE
A16E1D0F-F99B-5286-921B-DA67CA7BAD95,20D8396F-4A32-5E71-9389-E4D12F303624,SYN-TR-0032,03B42C84-51CA-5773-8E4C-295473835D66,SYN-MZ-CHK02,A92E98DA-E476-5795-8F0C-D596AF9E41F3,04169B56-C7BF-5C64-B4CA-AC7C65CB4EAE,3005,3,CHECK,FALSE,SYNTHETIC — integrated V2 (fixed),TRUE
A3E39D62-03EF-5068-8A2B-60F59C6C4C34,20D8396F-4A32-5E71-9389-E4D12F303624,SYN-TR-0032,895C37E3-3402-5903-BB78-18E139F002E0,SYN-MZ-CHK01,42CE60AF-7FF7-55CE-8F13-7705F3D9EF4B,04169B56-C7BF-5C64-B4CA-AC7C65CB4EAE,3006,3,CHECK,FALSE,SYNTHETIC — integrated V2 (fixed),TRUE
41CAE49D-12FE-55A1-9AD8-39A7B5CCDB97,20D8396F-4A32-5E71-9389-E4D12F303624,SYN-TR-0032,5EC7789B-6A39-584A-B525-208F59B83E86,SYN-MZ-00063,1B5E6014-05DA-516C-9B9E-0D0A6F86BB54,04169B56-C7BF-5C64-B4CA-AC7C65CB4EAE,3007,3,TRIAL_ENTRY,TRUE,SYNTHETIC — integrated V2 (fixed),TRUE
2130180F-E6AA-5DE1-A619-EAFCA43BEBCA,20D8396F-4A32-5E71-9389-E4D12F303624,SYN-TR-0032,AF23A561-1794-5CA1-B10C-3628EECCF466,SYN-MZ-00065,F53007FA-04AD-5C1C-82C2-E2E7CE657501,04169B56-C7BF-5C64-B4CA-AC7C65CB4EAE,3008,3,TRIAL_ENTRY,FALSE,SYNTHETIC — integrated V2 (fixed),TRUE
15B8AA04-BEBB-5A91-A421-8BC2DFD3720E,4B8275DF-28A3-5A0F-9D23-DE7417ED241C,SYN-TR-0033,13F23BCD-52EF-574F-ACC6-7AB94AFF9049,SYN-MZ-00067,DF32EF4E-077E-50C6-81DB-A494BFEE277F,40E1EA96-FF0E-53D5-9533-EE6A1FE78262,1001,1,TRIAL_ENTRY,FALSE,SYNTHETIC — integrated V2 (fixed),TRUE
1EFC257B-2041-5E14-9CFA-6679BA5636A9,4B8275DF-28A3-5A0F-9D23-DE7417ED241C,SYN-TR-0033,97E544B0-E0F2-5A44-8A8C-DF6E49262D21,SYN-MZ-00068,C8C76241-B000-5D85-8014-0A422DEA771F,40E1EA96-FF0E-53D5-9533-EE6A1FE78262,1002,1,TRIAL_ENTRY,FALSE,SYNTHETIC — integrated V2 (fixed),TRUE
DBFDB682-F79A-5783-977E-410965D2AC49,4B8275DF-28A3-5A0F-9D23-DE7417ED241C,SYN-TR-0033,1BC27665-96A3-5886-8EDB-570805D8AC2B,SYN-MZ-00070,416FB2A5-0D9E-53FD-9082-32DA0AEC8C47,40E1EA96-FF0E-53D5-9533-EE6A1FE78262,1003,1,TRIAL_ENTRY,FALSE,SYNTHETIC — integrated V2 (fixed),TRUE
5F8CA6C3-AC6F-5CE9-9439-25DBDF58E1D5,4B8275DF-28A3-5A0F-9D23-DE7417ED241C,SYN-TR-0033,895C37E3-3402-5903-BB78-18E139F002E0,SYN-MZ-CHK01,42CE60AF-7FF7-55CE-8F13-7705F3D9EF4B,40E1EA96-FF0E-53D5-9533-EE6A1FE78262,1004,1,CHECK,FALSE,SYNTHETIC — integrated V2 (fixed),TRUE
1E4B807D-29D0-547D-A8BD-B58BE195B50E,4B8275DF-28A3-5A0F-9D23-DE7417ED241C,SYN-TR-0033,30AE404E-D939-5FBD-8E73-82C169F926FA,SYN-MZ-00069,04D7EAA4-9730-555F-B3B8-E7CE3AFF2CD1,40E1EA96-FF0E-53D5-9533-EE6A1FE78262,1005,1,TRIAL_ENTRY,FALSE,SYNTHETIC — integrated V2 (fixed),TRUE
BA90C5FD-1C2F-51BA-9458-7A27DED8632B,4B8275DF-28A3-5A0F-9D23-DE7417ED241C,SYN-TR-0033,07784854-7BC7-5ECA-BDD4-CACF4FB75117,SYN-MZ-00066,E0509DDE-469C-5D18-A48D-683A135CDBD3,40E1EA96-FF0E-53D5-9533-EE6A1FE78262,1006,1,TRIAL_ENTRY,FALSE,SYNTHETIC — integrated V2 (fixed),TRUE
ABDA5542-1BB7-5D08-A52A-030393490696,4B8275DF-28A3-5A0F-9D23-DE7417ED241C,SYN-TR-0033,03B42C84-51CA-5773-8E4C-295473835D66,SYN-MZ-CHK02,A92E98DA-E476-5795-8F0C-D596AF9E41F3,40E1EA96-FF0E-53D5-9533-EE6A1FE78262,1007,1,CHECK,FALSE,SYNTHETIC — integrated V2 (fixed),TRUE
0B1EA2E0-BFDB-5FE7-A2BE-869BFF27821B,4B8275DF-28A3-5A0F-9D23-DE7417ED241C,SYN-TR-0033,AF23A561-1794-5CA1-B10C-3628EECCF466,SYN-MZ-00065,F53007FA-04AD-5C1C-82C2-E2E7CE657501,40E1EA96-FF0E-53D5-9533-EE6A1FE78262,1008,1,TRIAL_ENTRY,TRUE,SYNTHETIC — integrated V2 (fixed),TRUE
0AA31B6C-1C1D-5E9E-BECE-A1E765AF3652,4B8275DF-28A3-5A0F-9D23-DE7417ED241C,SYN-TR-0033,13F23BCD-52EF-574F-ACC6-7AB94AFF9049,SYN-MZ-00067,DF32EF4E-077E-50C6-81DB-A494BFEE277F,40E1EA96-FF0E-53D5-9533-EE6A1FE78262,2001,2,TRIAL_ENTRY,FALSE,SYNTHETIC — integrated V2 (fixed),TRUE
B4D8AB2B-7393-5BD8-B32A-9A5C2AD0075D,4B8275DF-28A3-5A0F-9D23-DE7417ED241C,SYN-TR-0033,03B42C84-51CA-5773-8E4C-295473835D66,SYN-MZ-CHK02,A92E98DA-E476-5795-8F0C-D596AF9E41F3,40E1EA96-FF0E-53D5-9533-EE6A1FE78262,2002,2,CHECK,FALSE,SYNTHETIC — integrated V2 (fixed),TRUE
0A09396C-A0B7-5E5C-91BE-839586A41EB6,4B8275DF-28A3-5A0F-9D23-DE7417ED241C,SYN-TR-0033,1BC27665-96A3-5886-8EDB-570805D8AC2B,SYN-MZ-00070,416FB2A5-0D9E-53FD-9082-32DA0AEC8C47,40E1EA96-FF0E-53D5-9533-EE6A1FE78262,2003,2,TRIAL_ENTRY,FALSE,SYNTHETIC — integrated V2 (fixed),TRUE
5EBDAEE3-9D17-529A-A850-39B548EFEDE3,4B8275DF-28A3-5A0F-9D23-DE7417ED241C,SYN-TR-0033,30AE404E-D939-5FBD-8E73-82C169F926FA,SYN-MZ-00069,04D7EAA4-9730-555F-B3B8-E7CE3AFF2CD1,40E1EA96-FF0E-53D5-9533-EE6A1FE78262,2004,2,TRIAL_ENTRY,FALSE,SYNTHETIC — integrated V2 (fixed),TRUE
330FCE96-9FDA-5F02-B078-ADC3EAFA1B5A,4B8275DF-28A3-5A0F-9D23-DE7417ED241C,SYN-TR-0033,895C37E3-3402-5903-BB78-18E139F002E0,SYN-MZ-CHK01,42CE60AF-7FF7-55CE-8F13-7705F3D9EF4B,40E1EA96-FF0E-53D5-9533-EE6A1FE78262,2005,2,CHECK,FALSE,SYNTHETIC — integrated V2 (fixed),TRUE
611A4E08-0E48-5BA6-92EC-C0BAFF8D2895,4B8275DF-28A3-5A0F-9D23-DE7417ED241C,SYN-TR-0033,97E544B0-E0F2-5A44-8A8C-DF6E49262D21,SYN-MZ-00068,C8C76241-B000-5D85-8014-0A422DEA771F,40E1EA96-FF0E-53D5-9533-EE6A1FE78262,2006,2,TRIAL_ENTRY,FALSE,SYNTHETIC — integrated V2 (fixed),TRUE
93850D51-C31B-58B0-9579-EC40BD8511C9,4B8275DF-28A3-5A0F-9D23-DE7417ED241C,SYN-TR-0033,AF23A561-1794-5CA1-B10C-3628EECCF466,SYN-MZ-00065,F53007FA-04AD-5C1C-82C2-E2E7CE657501,40E1EA96-FF0E-53D5-9533-EE6A1FE78262,2007,2,TRIAL_ENTRY,TRUE,SYNTHETIC — integrated V2 (fixed),TRUE
133CE5C3-F305-5E43-BD4B-077A1BD5975B,4B8275DF-28A3-5A0F-9D23-DE7417ED241C,SYN-TR-0033,07784854-7BC7-5ECA-BDD4-CACF4FB75117,SYN-MZ-00066,E0509DDE-469C-5D18-A48D-683A135CDBD3,40E1EA96-FF0E-53D5-9533-EE6A1FE78262,2008,2,TRIAL_ENTRY,FALSE,SYNTHETIC — integrated V2 (fixed),TRUE
D582EF9A-46D2-5C00-A23B-4029BA01B5E6,4B8275DF-28A3-5A0F-9D23-DE7417ED241C,SYN-TR-0033,AF23A561-1794-5CA1-B10C-3628EECCF466,SYN-MZ-00065,F53007FA-04AD-5C1C-82C2-E2E7CE657501,40E1EA96-FF0E-53D5-9533-EE6A1FE78262,3001,3,TRIAL_ENTRY,TRUE,SYNTHETIC — integrated V2 (fixed),TRUE
025B2117-8EBF-54D2-8CEA-14F0F917F059,4B8275DF-28A3-5A0F-9D23-DE7417ED241C,SYN-TR-0033,30AE404E-D939-5FBD-8E73-82C169F926FA,SYN-MZ-00069,04D7EAA4-9730-555F-B3B8-E7CE3AFF2CD1,40E1EA96-FF0E-53D5-9533-EE6A1FE78262,3002,3,TRIAL_ENTRY,FALSE,SYNTHETIC — integrated V2 (fixed),TRUE
47688C86-27F6-55F9-AF29-9F6D14E13611,4B8275DF-28A3-5A0F-9D23-DE7417ED241C,SYN-TR-0033,13F23BCD-52EF-574F-ACC6-7AB94AFF9049,SYN-MZ-00067,DF32EF4E-077E-50C6-81DB-A494BFEE277F,40E1EA96-FF0E-53D5-9533-EE6A1FE78262,3003,3,TRIAL_ENTRY,FALSE,SYNTHETIC — integrated V2 (fixed),TRUE
3B88FE5A-2E54-54CF-A2BC-412926BE0A0A,4B8275DF-28A3-5A0F-9D23-DE7417ED241C,SYN-TR-0033,07784854-7BC7-5ECA-BDD4-CACF4FB75117,SYN-MZ-00066,E0509DDE-469C-5D18-A48D-683A135CDBD3,40E1EA96-FF0E-53D5-9533-EE6A1FE78262,3004,3,TRIAL_ENTRY,FALSE,SYNTHETIC — integrated V2 (fixed),TRUE
52E2CB0A-C49A-581C-B87B-A01632D5C6E6,4B8275DF-28A3-5A0F-9D23-DE7417ED241C,SYN-TR-0033,1BC27665-96A3-5886-8EDB-570805D8AC2B,SYN-MZ-00070,416FB2A5-0D9E-53FD-9082-32DA0AEC8C47,40E1EA96-FF0E-53D5-9533-EE6A1FE78262,3005,3,TRIAL_ENTRY,FALSE,SYNTHETIC — integrated V2 (fixed),TRUE
2FC55566-C0D8-578C-9087-AC3CA09245F7,4B8275DF-28A3-5A0F-9D23-DE7417ED241C,SYN-TR-0033,03B42C84-51CA-5773-8E4C-295473835D66,SYN-MZ-CHK02,A92E98DA-E476-5795-8F0C-D596AF9E41F3,40E1EA96-FF0E-53D5-9533-EE6A1FE78262,3006,3,CHECK,FALSE,SYNTHETIC — integrated V2 (fixed),TRUE
249D4FBE-BDF5-55E6-AD92-E37CE946C495,4B8275DF-28A3-5A0F-9D23-DE7417ED241C,SYN-TR-0033,895C37E3-3402-5903-BB78-18E139F002E0,SYN-MZ-CHK01,42CE60AF-7FF7-55CE-8F13-7705F3D9EF4B,40E1EA96-FF0E-53D5-9533-EE6A1FE78262,3007,3,CHECK,FALSE,SYNTHETIC — integrated V2 (fixed),TRUE
6653ED7B-DBE8-5FCB-9D79-B2BFAD6A3C44,4B8275DF-28A3-5A0F-9D23-DE7417ED241C,SYN-TR-0033,97E544B0-E0F2-5A44-8A8C-DF6E49262D21,SYN-MZ-00068,C8C76241-B000-5D85-8014-0A422DEA771F,40E1EA96-FF0E-53D5-9533-EE6A1FE78262,3008,3,TRIAL_ENTRY,FALSE,SYNTHETIC — integrated V2 (fixed),TRUE
18D7B70F-780B-51F7-9E94-B2C195FF3617,8D645D5F-9474-5298-83AB-D6BF2B0C4E10,SYN-TR-0034,1BC27665-96A3-5886-8EDB-570805D8AC2B,SYN-MZ-00070,416FB2A5-0D9E-53FD-9082-32DA0AEC8C47,D34BFEFA-B41D-5E70-8875-DF17A770002A,1001,1,TRIAL_ENTRY,FALSE,SYNTHETIC — integrated V2 (fixed),TRUE
2315DC1F-4B0F-5345-BCE1-26A450673A88,8D645D5F-9474-5298-83AB-D6BF2B0C4E10,SYN-TR-0034,F2879B3F-447F-597F-B8D9-0CBF58C47571,SYN-MZ-00072,C324CEE2-BEE6-5EDB-A3EC-9695A8BA506A,D34BFEFA-B41D-5E70-8875-DF17A770002A,1002,1,TRIAL_ENTRY,FALSE,SYNTHETIC — integrated V2 (fixed),TRUE
13F4A9DD-132F-54B9-B8B0-EBD32B97B007,8D645D5F-9474-5298-83AB-D6BF2B0C4E10,SYN-TR-0034,97E544B0-E0F2-5A44-8A8C-DF6E49262D21,SYN-MZ-00068,C8C76241-B000-5D85-8014-0A422DEA771F,D34BFEFA-B41D-5E70-8875-DF17A770002A,1003,1,TRIAL_ENTRY,FALSE,SYNTHETIC — integrated V2 (fixed),TRUE
800D3122-9DD0-5BCC-9EC4-6D92DFFC679C,8D645D5F-9474-5298-83AB-D6BF2B0C4E10,SYN-TR-0034,30AE404E-D939-5FBD-8E73-82C169F926FA,SYN-MZ-00069,04D7EAA4-9730-555F-B3B8-E7CE3AFF2CD1,D34BFEFA-B41D-5E70-8875-DF17A770002A,1004,1,TRIAL_ENTRY,FALSE,SYNTHETIC — integrated V2 (fixed),TRUE
E1A5E9C9-473C-5C41-BA7D-831B872E2AA5,8D645D5F-9474-5298-83AB-D6BF2B0C4E10,SYN-TR-0034,03B42C84-51CA-5773-8E4C-295473835D66,SYN-MZ-CHK02,A92E98DA-E476-5795-8F0C-D596AF9E41F3,D34BFEFA-B41D-5E70-8875-DF17A770002A,1005,1,CHECK,FALSE,SYNTHETIC — integrated V2 (fixed),TRUE
B00201EA-9F62-5D7B-A08B-C18BD7D78388,8D645D5F-9474-5298-83AB-D6BF2B0C4E10,SYN-TR-0034,13F23BCD-52EF-574F-ACC6-7AB94AFF9049,SYN-MZ-00067,DF32EF4E-077E-50C6-81DB-A494BFEE277F,D34BFEFA-B41D-5E70-8875-DF17A770002A,1006,1,TRIAL_ENTRY,TRUE,SYNTHETIC — integrated V2 (fixed),TRUE
E5CB8F5A-84DA-5EE5-BDA5-251007254343,8D645D5F-9474-5298-83AB-D6BF2B0C4E10,SYN-TR-0034,03DE83EF-F14A-5D54-A2FD-1A335C2D63BE,SYN-MZ-00071,6B2F0819-BE19-5240-837F-87B4A7380EC4,D34BFEFA-B41D-5E70-8875-DF17A770002A,1007,1,TRIAL_ENTRY,FALSE,SYNTHETIC — integrated V2 (fixed),TRUE
83178171-B533-570D-9970-283A6655D780,8D645D5F-9474-5298-83AB-D6BF2B0C4E10,SYN-TR-0034,895C37E3-3402-5903-BB78-18E139F002E0,SYN-MZ-CHK01,42CE60AF-7FF7-55CE-8F13-7705F3D9EF4B,D34BFEFA-B41D-5E70-8875-DF17A770002A,1008,1,CHECK,FALSE,SYNTHETIC — integrated V2 (fixed),TRUE
BCAD65FA-487A-5AFD-A9B0-3F23EB6BABA7,8D645D5F-9474-5298-83AB-D6BF2B0C4E10,SYN-TR-0034,03DE83EF-F14A-5D54-A2FD-1A335C2D63BE,SYN-MZ-00071,6B2F0819-BE19-5240-837F-87B4A7380EC4,D34BFEFA-B41D-5E70-8875-DF17A770002A,2001,2,TRIAL_ENTRY,FALSE,SYNTHETIC — integrated V2 (fixed),TRUE
7EC31DA4-AD8E-5A70-9966-F58EC0D69143,8D645D5F-9474-5298-83AB-D6BF2B0C4E10,SYN-TR-0034,1BC27665-96A3-5886-8EDB-570805D8AC2B,SYN-MZ-00070,416FB2A5-0D9E-53FD-9082-32DA0AEC8C47,D34BFEFA-B41D-5E70-8875-DF17A770002A,2002,2,TRIAL_ENTRY,FALSE,SYNTHETIC — integrated V2 (fixed),TRUE
8EC873E7-897F-5E6F-8E0D-E28FA85ED663,8D645D5F-9474-5298-83AB-D6BF2B0C4E10,SYN-TR-0034,03B42C84-51CA-5773-8E4C-295473835D66,SYN-MZ-CHK02,A92E98DA-E476-5795-8F0C-D596AF9E41F3,D34BFEFA-B41D-5E70-8875-DF17A770002A,2003,2,CHECK,FALSE,SYNTHETIC — integrated V2 (fixed),TRUE
74FFAEFA-1109-5396-BA71-83699187B774,8D645D5F-9474-5298-83AB-D6BF2B0C4E10,SYN-TR-0034,97E544B0-E0F2-5A44-8A8C-DF6E49262D21,SYN-MZ-00068,C8C76241-B000-5D85-8014-0A422DEA771F,D34BFEFA-B41D-5E70-8875-DF17A770002A,2004,2,TRIAL_ENTRY,FALSE,SYNTHETIC — integrated V2 (fixed),TRUE
C783E210-32FB-517E-BCE8-7D0B82D9FF37,8D645D5F-9474-5298-83AB-D6BF2B0C4E10,SYN-TR-0034,30AE404E-D939-5FBD-8E73-82C169F926FA,SYN-MZ-00069,04D7EAA4-9730-555F-B3B8-E7CE3AFF2CD1,D34BFEFA-B41D-5E70-8875-DF17A770002A,2005,2,TRIAL_ENTRY,FALSE,SYNTHETIC — integrated V2 (fixed),TRUE
39567EF0-768C-5B80-A113-54E14A0C96F0,8D645D5F-9474-5298-83AB-D6BF2B0C4E10,SYN-TR-0034,13F23BCD-52EF-574F-ACC6-7AB94AFF9049,SYN-MZ-00067,DF32EF4E-077E-50C6-81DB-A494BFEE277F,D34BFEFA-B41D-5E70-8875-DF17A770002A,2006,2,TRIAL_ENTRY,TRUE,SYNTHETIC — integrated V2 (fixed),TRUE
9835C4C8-20FD-5E5E-8E0F-BAF7B87EA0CD,8D645D5F-9474-5298-83AB-D6BF2B0C4E10,SYN-TR-0034,F2879B3F-447F-597F-B8D9-0CBF58C47571,SYN-MZ-00072,C324CEE2-BEE6-5EDB-A3EC-9695A8BA506A,D34BFEFA-B41D-5E70-8875-DF17A770002A,2007,2,TRIAL_ENTRY,FALSE,SYNTHETIC — integrated V2 (fixed),TRUE
F9CFE415-8555-5FF5-988E-A1E472C7727F,8D645D5F-9474-5298-83AB-D6BF2B0C4E10,SYN-TR-0034,895C37E3-3402-5903-BB78-18E139F002E0,SYN-MZ-CHK01,42CE60AF-7FF7-55CE-8F13-7705F3D9EF4B,D34BFEFA-B41D-5E70-8875-DF17A770002A,2008,2,CHECK,FALSE,SYNTHETIC — integrated V2 (fixed),TRUE
5A804136-F357-5D49-B136-9316173D31C5,8D645D5F-9474-5298-83AB-D6BF2B0C4E10,SYN-TR-0034,03B42C84-51CA-5773-8E4C-295473835D66,SYN-MZ-CHK02,A92E98DA-E476-5795-8F0C-D596AF9E41F3,D34BFEFA-B41D-5E70-8875-DF17A770002A,3001,3,CHECK,FALSE,SYNTHETIC — integrated V2 (fixed),TRUE
0EAAF665-E98E-570C-9112-ADB37C4BE763,8D645D5F-9474-5298-83AB-D6BF2B0C4E10,SYN-TR-0034,F2879B3F-447F-597F-B8D9-0CBF58C47571,SYN-MZ-00072,C324CEE2-BEE6-5EDB-A3EC-9695A8BA506A,D34BFEFA-B41D-5E70-8875-DF17A770002A,3002,3,TRIAL_ENTRY,FALSE,SYNTHETIC — integrated V2 (fixed),TRUE
A1844309-67AA-5BD6-9940-82B9615F8D8B,8D645D5F-9474-5298-83AB-D6BF2B0C4E10,SYN-TR-0034,13F23BCD-52EF-574F-ACC6-7AB94AFF9049,SYN-MZ-00067,DF32EF4E-077E-50C6-81DB-A494BFEE277F,D34BFEFA-B41D-5E70-8875-DF17A770002A,3003,3,TRIAL_ENTRY,TRUE,SYNTHETIC — integrated V2 (fixed),TRUE
06CEAC1B-DE13-59CB-9477-553681FACAAC,8D645D5F-9474-5298-83AB-D6BF2B0C4E10,SYN-TR-0034,03DE83EF-F14A-5D54-A2FD-1A335C2D63BE,SYN-MZ-00071,6B2F0819-BE19-5240-837F-87B4A7380EC4,D34BFEFA-B41D-5E70-8875-DF17A770002A,3004,3,TRIAL_ENTRY,FALSE,SYNTHETIC — integrated V2 (fixed),TRUE
1BC9A2FF-2144-59B1-B67F-A428223E7565,8D645D5F-9474-5298-83AB-D6BF2B0C4E10,SYN-TR-0034,30AE404E-D939-5FBD-8E73-82C169F926FA,SYN-MZ-00069,04D7EAA4-9730-555F-B3B8-E7CE3AFF2CD1,D34BFEFA-B41D-5E70-8875-DF17A770002A,3005,3,TRIAL_ENTRY,FALSE,SYNTHETIC — integrated V2 (fixed),TRUE
0E3B67F1-0CCA-5959-97A0-1CA5573ECBB6,8D645D5F-9474-5298-83AB-D6BF2B0C4E10,SYN-TR-0034,1BC27665-96A3-5886-8EDB-570805D8AC2B,SYN-MZ-00070,416FB2A5-0D9E-53FD-9082-32DA0AEC8C47,D34BFEFA-B41D-5E70-8875-DF17A770002A,3006,3,TRIAL_ENTRY,FALSE,SYNTHETIC — integrated V2 (fixed),TRUE
7AFDCAD6-D2D6-5F4D-A8D7-6D32AD0F97BD,8D645D5F-9474-5298-83AB-D6BF2B0C4E10,SYN-TR-0034,895C37E3-3402-5903-BB78-18E139F002E0,SYN-MZ-CHK01,42CE60AF-7FF7-55CE-8F13-7705F3D9EF4B,D34BFEFA-B41D-5E70-8875-DF17A770002A,3007,3,CHECK,FALSE,SYNTHETIC — integrated V2 (fixed),TRUE
5F3B387D-B3D9-58B0-BAF5-FB78E45D3E3D,8D645D5F-9474-5298-83AB-D6BF2B0C4E10,SYN-TR-0034,97E544B0-E0F2-5A44-8A8C-DF6E49262D21,SYN-MZ-00068,C8C76241-B000-5D85-8014-0A422DEA771F,D34BFEFA-B41D-5E70-8875-DF17A770002A,3008,3,TRIAL_ENTRY,FALSE,SYNTHETIC — integrated V2 (fixed),TRUE
ED0C0A8C-53C8-5884-BA00-BCD1C7DBFFDB,88711B7C-17DF-589F-913B-A9D637125702,SYN-TR-0035,B518C2FF-B887-551B-A7F9-1C0EE751CFCF,SYN-MZ-00074,87D00621-20AE-530C-BECE-986F63B3D191,FC97C32B-9241-5C1F-BE21-541F96337B2B,1001,1,TRIAL_ENTRY,FALSE,SYNTHETIC — integrated V2 (fixed),TRUE
3F44B5DA-EA22-5C8D-AAAD-396AC872D38C,88711B7C-17DF-589F-913B-A9D637125702,SYN-TR-0035,30AE404E-D939-5FBD-8E73-82C169F926FA,SYN-MZ-00069,04D7EAA4-9730-555F-B3B8-E7CE3AFF2CD1,FC97C32B-9241-5C1F-BE21-541F96337B2B,1002,1,TRIAL_ENTRY,TRUE,SYNTHETIC — integrated V2 (fixed),TRUE
1DC80ECF-1583-5C89-91E2-4C9FDBDC6EDD,88711B7C-17DF-589F-913B-A9D637125702,SYN-TR-0035,03B42C84-51CA-5773-8E4C-295473835D66,SYN-MZ-CHK02,A92E98DA-E476-5795-8F0C-D596AF9E41F3,FC97C32B-9241-5C1F-BE21-541F96337B2B,1003,1,CHECK,FALSE,SYNTHETIC — integrated V2 (fixed),TRUE
F4439994-A0A7-5920-AB1B-C4A820ABFC60,88711B7C-17DF-589F-913B-A9D637125702,SYN-TR-0035,03DE83EF-F14A-5D54-A2FD-1A335C2D63BE,SYN-MZ-00071,6B2F0819-BE19-5240-837F-87B4A7380EC4,FC97C32B-9241-5C1F-BE21-541F96337B2B,1004,1,TRIAL_ENTRY,FALSE,SYNTHETIC — integrated V2 (fixed),TRUE
A5E78649-77FB-536E-B7E8-49487DE00150,88711B7C-17DF-589F-913B-A9D637125702,SYN-TR-0035,1BC27665-96A3-5886-8EDB-570805D8AC2B,SYN-MZ-00070,416FB2A5-0D9E-53FD-9082-32DA0AEC8C47,FC97C32B-9241-5C1F-BE21-541F96337B2B,1005,1,TRIAL_ENTRY,FALSE,SYNTHETIC — integrated V2 (fixed),TRUE
035670D6-9BD1-5A3D-BAF7-409207735DFA,88711B7C-17DF-589F-913B-A9D637125702,SYN-TR-0035,82E89912-889D-5A64-81E0-285A66F4F551,SYN-MZ-00073,F4DB6ECC-70A8-55DD-8D2A-E8CDBCD75DF1,FC97C32B-9241-5C1F-BE21-541F96337B2B,1006,1,TRIAL_ENTRY,FALSE,SYNTHETIC — integrated V2 (fixed),TRUE
A86B835D-6D5D-57B4-8D1F-00793FC1AD91,88711B7C-17DF-589F-913B-A9D637125702,SYN-TR-0035,F2879B3F-447F-597F-B8D9-0CBF58C47571,SYN-MZ-00072,C324CEE2-BEE6-5EDB-A3EC-9695A8BA506A,FC97C32B-9241-5C1F-BE21-541F96337B2B,1007,1,TRIAL_ENTRY,FALSE,SYNTHETIC — integrated V2 (fixed),TRUE
9E8FD05E-4DA3-52D2-BC75-62417CBA3EF1,88711B7C-17DF-589F-913B-A9D637125702,SYN-TR-0035,895C37E3-3402-5903-BB78-18E139F002E0,SYN-MZ-CHK01,42CE60AF-7FF7-55CE-8F13-7705F3D9EF4B,FC97C32B-9241-5C1F-BE21-541F96337B2B,1008,1,CHECK,FALSE,SYNTHETIC — integrated V2 (fixed),TRUE
5EB98004-D704-574E-ABCE-A0AB1D0D0B8E,88711B7C-17DF-589F-913B-A9D637125702,SYN-TR-0035,82E89912-889D-5A64-81E0-285A66F4F551,SYN-MZ-00073,F4DB6ECC-70A8-55DD-8D2A-E8CDBCD75DF1,FC97C32B-9241-5C1F-BE21-541F96337B2B,2001,2,TRIAL_ENTRY,FALSE,SYNTHETIC — integrated V2 (fixed),TRUE
33235605-ECC2-5986-AE10-5C16019FDA3D,88711B7C-17DF-589F-913B-A9D637125702,SYN-TR-0035,03B42C84-51CA-5773-8E4C-295473835D66,SYN-MZ-CHK02,A92E98DA-E476-5795-8F0C-D596AF9E41F3,FC97C32B-9241-5C1F-BE21-541F96337B2B,2002,2,CHECK,FALSE,SYNTHETIC — integrated V2 (fixed),TRUE
4893E3C4-0BAB-5F43-9D2F-5FB657A55AC2,88711B7C-17DF-589F-913B-A9D637125702,SYN-TR-0035,30AE404E-D939-5FBD-8E73-82C169F926FA,SYN-MZ-00069,04D7EAA4-9730-555F-B3B8-E7CE3AFF2CD1,FC97C32B-9241-5C1F-BE21-541F96337B2B,2003,2,TRIAL_ENTRY,TRUE,SYNTHETIC — integrated V2 (fixed),TRUE
34705C6F-D6C2-5B3C-B65B-BDEC535758FE,88711B7C-17DF-589F-913B-A9D637125702,SYN-TR-0035,03DE83EF-F14A-5D54-A2FD-1A335C2D63BE,SYN-MZ-00071,6B2F0819-BE19-5240-837F-87B4A7380EC4,FC97C32B-9241-5C1F-BE21-541F96337B2B,2004,2,TRIAL_ENTRY,FALSE,SYNTHETIC — integrated V2 (fixed),TRUE
F6518F37-C016-53BA-93B0-009C8E1B2D7E,88711B7C-17DF-589F-913B-A9D637125702,SYN-TR-0035,F2879B3F-447F-597F-B8D9-0CBF58C47571,SYN-MZ-00072,C324CEE2-BEE6-5EDB-A3EC-9695A8BA506A,FC97C32B-9241-5C1F-BE21-541F96337B2B,2005,2,TRIAL_ENTRY,FALSE,SYNTHETIC — integrated V2 (fixed),TRUE
44C85CF7-3702-50B6-8D79-898CE6F52DD7,88711B7C-17DF-589F-913B-A9D637125702,SYN-TR-0035,1BC27665-96A3-5886-8EDB-570805D8AC2B,SYN-MZ-00070,416FB2A5-0D9E-53FD-9082-32DA0AEC8C47,FC97C32B-9241-5C1F-BE21-541F96337B2B,2006,2,TRIAL_ENTRY,FALSE,SYNTHETIC — integrated V2 (fixed),TRUE
4D12871E-4AE4-5C18-A8A2-0407A0DCA523,88711B7C-17DF-589F-913B-A9D637125702,SYN-TR-0035,895C37E3-3402-5903-BB78-18E139F002E0,SYN-MZ-CHK01,42CE60AF-7FF7-55CE-8F13-7705F3D9EF4B,FC97C32B-9241-5C1F-BE21-541F96337B2B,2007,2,CHECK,FALSE,SYNTHETIC — integrated V2 (fixed),TRUE
EF9353DD-A6FB-5DAB-9197-8D9EB95ADE9F,88711B7C-17DF-589F-913B-A9D637125702,SYN-TR-0035,B518C2FF-B887-551B-A7F9-1C0EE751CFCF,SYN-MZ-00074,87D00621-20AE-530C-BECE-986F63B3D191,FC97C32B-9241-5C1F-BE21-541F96337B2B,2008,2,TRIAL_ENTRY,FALSE,SYNTHETIC — integrated V2 (fixed),TRUE
112D968C-6123-517B-8360-89C6615735ED,88711B7C-17DF-589F-913B-A9D637125702,SYN-TR-0035,03DE83EF-F14A-5D54-A2FD-1A335C2D63BE,SYN-MZ-00071,6B2F0819-BE19-5240-837F-87B4A7380EC4,FC97C32B-9241-5C1F-BE21-541F96337B2B,3001,3,TRIAL_ENTRY,FALSE,SYNTHETIC — integrated V2 (fixed),TRUE
9219B8BD-5F96-514B-B407-CC64D40CD691,88711B7C-17DF-589F-913B-A9D637125702,SYN-TR-0035,82E89912-889D-5A64-81E0-285A66F4F551,SYN-MZ-00073,F4DB6ECC-70A8-55DD-8D2A-E8CDBCD75DF1,FC97C32B-9241-5C1F-BE21-541F96337B2B,3002,3,TRIAL_ENTRY,FALSE,SYNTHETIC — integrated V2 (fixed),TRUE
C60A3479-2012-53EF-A54B-1FDB884F345E,88711B7C-17DF-589F-913B-A9D637125702,SYN-TR-0035,F2879B3F-447F-597F-B8D9-0CBF58C47571,SYN-MZ-00072,C324CEE2-BEE6-5EDB-A3EC-9695A8BA506A,FC97C32B-9241-5C1F-BE21-541F96337B2B,3003,3,TRIAL_ENTRY,FALSE,SYNTHETIC — integrated V2 (fixed),TRUE
81691249-E179-56C0-869B-48D71645EB7F,88711B7C-17DF-589F-913B-A9D637125702,SYN-TR-0035,30AE404E-D939-5FBD-8E73-82C169F926FA,SYN-MZ-00069,04D7EAA4-9730-555F-B3B8-E7CE3AFF2CD1,FC97C32B-9241-5C1F-BE21-541F96337B2B,3004,3,TRIAL_ENTRY,TRUE,SYNTHETIC — integrated V2 (fixed),TRUE
5A8B9E2F-ED16-5DEA-BEEC-FCD78CC7BA0D,88711B7C-17DF-589F-913B-A9D637125702,SYN-TR-0035,895C37E3-3402-5903-BB78-18E139F002E0,SYN-MZ-CHK01,42CE60AF-7FF7-55CE-8F13-7705F3D9EF4B,FC97C32B-9241-5C1F-BE21-541F96337B2B,3005,3,CHECK,FALSE,SYNTHETIC — integrated V2 (fixed),TRUE
7CBA78B0-1373-5482-87E6-C63B7860EE1C,88711B7C-17DF-589F-913B-A9D637125702,SYN-TR-0035,B518C2FF-B887-551B-A7F9-1C0EE751CFCF,SYN-MZ-00074,87D00621-20AE-530C-BECE-986F63B3D191,FC97C32B-9241-5C1F-BE21-541F96337B2B,3006,3,TRIAL_ENTRY,FALSE,SYNTHETIC — integrated V2 (fixed),TRUE
7B5B9F17-A4D6-55CE-96FB-936860673DE4,88711B7C-17DF-589F-913B-A9D637125702,SYN-TR-0035,03B42C84-51CA-5773-8E4C-295473835D66,SYN-MZ-CHK02,A92E98DA-E476-5795-8F0C-D596AF9E41F3,FC97C32B-9241-5C1F-BE21-541F96337B2B,3007,3,CHECK,FALSE,SYNTHETIC — integrated V2 (fixed),TRUE
96C84F53-01D7-5353-AF90-E3F6D7C8FF9B,88711B7C-17DF-589F-913B-A9D637125702,SYN-TR-0035,1BC27665-96A3-5886-8EDB-570805D8AC2B,SYN-MZ-00070,416FB2A5-0D9E-53FD-9082-32DA0AEC8C47,FC97C32B-9241-5C1F-BE21-541F96337B2B,3008,3,TRIAL_ENTRY,FALSE,SYNTHETIC — integrated V2 (fixed),TRUE
C3C74113-0CDF-522F-9671-25D26992E361,22C11841-EA05-506F-A2F7-CD659EC078A5,SYN-TR-0036,03DE83EF-F14A-5D54-A2FD-1A335C2D63BE,SYN-MZ-00071,6B2F0819-BE19-5240-837F-87B4A7380EC4,7AA8AA25-176E-51B7-90FA-7DE47AA1CAA8,1001,1,TRIAL_ENTRY,TRUE,SYNTHETIC — integrated V2 (fixed),TRUE
B27969DD-B705-55FE-BFA9-D63E6B56FEC4,22C11841-EA05-506F-A2F7-CD659EC078A5,SYN-TR-0036,3B5928D4-F434-5749-A27B-AB4C1BAB75E5,SYN-MZ-00075,95ABDB3D-AF6C-5014-8A2A-0137FF6C4314,7AA8AA25-176E-51B7-90FA-7DE47AA1CAA8,1002,1,TRIAL_ENTRY,FALSE,SYNTHETIC — integrated V2 (fixed),TRUE
5F00C6E1-3CC6-57CC-BB35-38CB36F28746,22C11841-EA05-506F-A2F7-CD659EC078A5,SYN-TR-0036,F2879B3F-447F-597F-B8D9-0CBF58C47571,SYN-MZ-00072,C324CEE2-BEE6-5EDB-A3EC-9695A8BA506A,7AA8AA25-176E-51B7-90FA-7DE47AA1CAA8,1003,1,TRIAL_ENTRY,FALSE,SYNTHETIC — integrated V2 (fixed),TRUE
24BE4E83-A962-559D-9BD9-B744FAFC861E,22C11841-EA05-506F-A2F7-CD659EC078A5,SYN-TR-0036,B518C2FF-B887-551B-A7F9-1C0EE751CFCF,SYN-MZ-00074,87D00621-20AE-530C-BECE-986F63B3D191,7AA8AA25-176E-51B7-90FA-7DE47AA1CAA8,1004,1,TRIAL_ENTRY,FALSE,SYNTHETIC — integrated V2 (fixed),TRUE
DA0562BC-11AC-596C-B736-A75AADCDD115,22C11841-EA05-506F-A2F7-CD659EC078A5,SYN-TR-0036,937A167C-CBC9-54DF-9EB1-DFD136CAD1D1,SYN-MZ-00076,3356B829-BE65-5F1B-B1F2-68953CB686B5,7AA8AA25-176E-51B7-90FA-7DE47AA1CAA8,1005,1,TRIAL_ENTRY,FALSE,SYNTHETIC — integrated V2 (fixed),TRUE
F4E282D7-364D-554A-A78B-31FEB7CF28DF,22C11841-EA05-506F-A2F7-CD659EC078A5,SYN-TR-0036,82E89912-889D-5A64-81E0-285A66F4F551,SYN-MZ-00073,F4DB6ECC-70A8-55DD-8D2A-E8CDBCD75DF1,7AA8AA25-176E-51B7-90FA-7DE47AA1CAA8,1006,1,TRIAL_ENTRY,FALSE,SYNTHETIC — integrated V2 (fixed),TRUE
F125C4C3-C3B7-509F-A124-B3540CD04E86,22C11841-EA05-506F-A2F7-CD659EC078A5,SYN-TR-0036,895C37E3-3402-5903-BB78-18E139F002E0,SYN-MZ-CHK01,42CE60AF-7FF7-55CE-8F13-7705F3D9EF4B,7AA8AA25-176E-51B7-90FA-7DE47AA1CAA8,1007,1,CHECK,FALSE,SYNTHETIC — integrated V2 (fixed),TRUE
902E6A08-0075-52CB-B73D-ED80DD6F9FBB,22C11841-EA05-506F-A2F7-CD659EC078A5,SYN-TR-0036,03B42C84-51CA-5773-8E4C-295473835D66,SYN-MZ-CHK02,A92E98DA-E476-5795-8F0C-D596AF9E41F3,7AA8AA25-176E-51B7-90FA-7DE47AA1CAA8,1008,1,CHECK,FALSE,SYNTHETIC — integrated V2 (fixed),TRUE
733B5C33-06E9-5ECD-AB75-39C2887E9937,22C11841-EA05-506F-A2F7-CD659EC078A5,SYN-TR-0036,B518C2FF-B887-551B-A7F9-1C0EE751CFCF,SYN-MZ-00074,87D00621-20AE-530C-BECE-986F63B3D191,7AA8AA25-176E-51B7-90FA-7DE47AA1CAA8,2001,2,TRIAL_ENTRY,FALSE,SYNTHETIC — integrated V2 (fixed),TRUE
37162D66-92E8-5D1E-8480-2639182DDB47,22C11841-EA05-506F-A2F7-CD659EC078A5,SYN-TR-0036,937A167C-CBC9-54DF-9EB1-DFD136CAD1D1,SYN-MZ-00076,3356B829-BE65-5F1B-B1F2-68953CB686B5,7AA8AA25-176E-51B7-90FA-7DE47AA1CAA8,2002,2,TRIAL_ENTRY,FALSE,SYNTHETIC — integrated V2 (fixed),TRUE
A5B2A5EC-C146-5A41-A242-126B479D5EF8,22C11841-EA05-506F-A2F7-CD659EC078A5,SYN-TR-0036,03DE83EF-F14A-5D54-A2FD-1A335C2D63BE,SYN-MZ-00071,6B2F0819-BE19-5240-837F-87B4A7380EC4,7AA8AA25-176E-51B7-90FA-7DE47AA1CAA8,2003,2,TRIAL_ENTRY,TRUE,SYNTHETIC — integrated V2 (fixed),TRUE
BC012CFE-CFCE-5C1A-81EA-7A2FF49574C9,22C11841-EA05-506F-A2F7-CD659EC078A5,SYN-TR-0036,82E89912-889D-5A64-81E0-285A66F4F551,SYN-MZ-00073,F4DB6ECC-70A8-55DD-8D2A-E8CDBCD75DF1,7AA8AA25-176E-51B7-90FA-7DE47AA1CAA8,2004,2,TRIAL_ENTRY,FALSE,SYNTHETIC — integrated V2 (fixed),TRUE
B2E02078-EF75-5C18-AA30-BB92544EECA9,22C11841-EA05-506F-A2F7-CD659EC078A5,SYN-TR-0036,3B5928D4-F434-5749-A27B-AB4C1BAB75E5,SYN-MZ-00075,95ABDB3D-AF6C-5014-8A2A-0137FF6C4314,7AA8AA25-176E-51B7-90FA-7DE47AA1CAA8,2005,2,TRIAL_ENTRY,FALSE,SYNTHETIC — integrated V2 (fixed),TRUE
963A5CFB-74F2-5218-966A-DDCAF12DD76F,22C11841-EA05-506F-A2F7-CD659EC078A5,SYN-TR-0036,03B42C84-51CA-5773-8E4C-295473835D66,SYN-MZ-CHK02,A92E98DA-E476-5795-8F0C-D596AF9E41F3,7AA8AA25-176E-51B7-90FA-7DE47AA1CAA8,2006,2,CHECK,FALSE,SYNTHETIC — integrated V2 (fixed),TRUE
07A06287-8224-5A5E-B34D-ECFDBC1688CB,22C11841-EA05-506F-A2F7-CD659EC078A5,SYN-TR-0036,895C37E3-3402-5903-BB78-18E139F002E0,SYN-MZ-CHK01,42CE60AF-7FF7-55CE-8F13-7705F3D9EF4B,7AA8AA25-176E-51B7-90FA-7DE47AA1CAA8,2007,2,CHECK,FALSE,SYNTHETIC — integrated V2 (fixed),TRUE
3497CB41-BD0C-51BF-B0FF-E4AD6E01E512,22C11841-EA05-506F-A2F7-CD659EC078A5,SYN-TR-0036,F2879B3F-447F-597F-B8D9-0CBF58C47571,SYN-MZ-00072,C324CEE2-BEE6-5EDB-A3EC-9695A8BA506A,7AA8AA25-176E-51B7-90FA-7DE47AA1CAA8,2008,2,TRIAL_ENTRY,FALSE,SYNTHETIC — integrated V2 (fixed),TRUE
C192AA8E-8BA0-58F0-AD51-6D21AADDF459,22C11841-EA05-506F-A2F7-CD659EC078A5,SYN-TR-0036,82E89912-889D-5A64-81E0-285A66F4F551,SYN-MZ-00073,F4DB6ECC-70A8-55DD-8D2A-E8CDBCD75DF1,7AA8AA25-176E-51B7-90FA-7DE47AA1CAA8,3001,3,TRIAL_ENTRY,FALSE,SYNTHETIC — integrated V2 (fixed),TRUE
F2785664-39C2-5383-BA00-BC4A73FBB57B,22C11841-EA05-506F-A2F7-CD659EC078A5,SYN-TR-0036,03DE83EF-F14A-5D54-A2FD-1A335C2D63BE,SYN-MZ-00071,6B2F0819-BE19-5240-837F-87B4A7380EC4,7AA8AA25-176E-51B7-90FA-7DE47AA1CAA8,3002,3,TRIAL_ENTRY,TRUE,SYNTHETIC — integrated V2 (fixed),TRUE
F385BD7C-A55C-560E-9A2B-F1F41C9A5E20,22C11841-EA05-506F-A2F7-CD659EC078A5,SYN-TR-0036,F2879B3F-447F-597F-B8D9-0CBF58C47571,SYN-MZ-00072,C324CEE2-BEE6-5EDB-A3EC-9695A8BA506A,7AA8AA25-176E-51B7-90FA-7DE47AA1CAA8,3003,3,TRIAL_ENTRY,FALSE,SYNTHETIC — integrated V2 (fixed),TRUE
D99E5F29-DE2A-5338-8B16-F6B90874A8C7,22C11841-EA05-506F-A2F7-CD659EC078A5,SYN-TR-0036,895C37E3-3402-5903-BB78-18E139F002E0,SYN-MZ-CHK01,42CE60AF-7FF7-55CE-8F13-7705F3D9EF4B,7AA8AA25-176E-51B7-90FA-7DE47AA1CAA8,3004,3,CHECK,FALSE,SYNTHETIC — integrated V2 (fixed),TRUE
15C526D9-7B86-5C46-891E-3C0C3F739D66,22C11841-EA05-506F-A2F7-CD659EC078A5,SYN-TR-0036,B518C2FF-B887-551B-A7F9-1C0EE751CFCF,SYN-MZ-00074,87D00621-20AE-530C-BECE-986F63B3D191,7AA8AA25-176E-51B7-90FA-7DE47AA1CAA8,3005,3,TRIAL_ENTRY,FALSE,SYNTHETIC — integrated V2 (fixed),TRUE
C8F2B365-630B-54EF-B849-000B4C598C23,22C11841-EA05-506F-A2F7-CD659EC078A5,SYN-TR-0036,3B5928D4-F434-5749-A27B-AB4C1BAB75E5,SYN-MZ-00075,95ABDB3D-AF6C-5014-8A2A-0137FF6C4314,7AA8AA25-176E-51B7-90FA-7DE47AA1CAA8,3006,3,TRIAL_ENTRY,FALSE,SYNTHETIC — integrated V2 (fixed),TRUE
2AB88A26-A4D4-5283-9319-AF3AD0B1390E,22C11841-EA05-506F-A2F7-CD659EC078A5,SYN-TR-0036,937A167C-CBC9-54DF-9EB1-DFD136CAD1D1,SYN-MZ-00076,3356B829-BE65-5F1B-B1F2-68953CB686B5,7AA8AA25-176E-51B7-90FA-7DE47AA1CAA8,3007,3,TRIAL_ENTRY,FALSE,SYNTHETIC — integrated V2 (fixed),TRUE
F2E4BCD4-6EB2-5EF8-BF79-0D45D55A31CB,22C11841-EA05-506F-A2F7-CD659EC078A5,SYN-TR-0036,03B42C84-51CA-5773-8E4C-295473835D66,SYN-MZ-CHK02,A92E98DA-E476-5795-8F0C-D596AF9E41F3,7AA8AA25-176E-51B7-90FA-7DE47AA1CAA8,3008,3,CHECK,FALSE,SYNTHETIC — integrated V2 (fixed),TRUE
D6D72785-6F4C-5D65-9634-948EF3C6ECE5,DB6011EF-CAA6-5E9B-864F-FCF5DCEF053C,SYN-TR-0037,762C94BB-F99F-58F7-AA2E-115A876D1499,SYN-MZ-00077,B7747F1D-25DA-5ED6-86BA-F4D6E76FA35C,2836129F-A5FA-5728-84C6-D06A4E94CC10,1001,1,TRIAL_ENTRY,FALSE,SYNTHETIC — integrated V2 (fixed),TRUE
5C4A341D-451E-56C8-B5E2-98192F674891,DB6011EF-CAA6-5E9B-864F-FCF5DCEF053C,SYN-TR-0037,937A167C-CBC9-54DF-9EB1-DFD136CAD1D1,SYN-MZ-00076,3356B829-BE65-5F1B-B1F2-68953CB686B5,2836129F-A5FA-5728-84C6-D06A4E94CC10,1002,1,TRIAL_ENTRY,FALSE,SYNTHETIC — integrated V2 (fixed),TRUE
0D56CACA-8576-560E-B19C-48E39A0E77B4,DB6011EF-CAA6-5E9B-864F-FCF5DCEF053C,SYN-TR-0037,82E89912-889D-5A64-81E0-285A66F4F551,SYN-MZ-00073,F4DB6ECC-70A8-55DD-8D2A-E8CDBCD75DF1,2836129F-A5FA-5728-84C6-D06A4E94CC10,1003,1,TRIAL_ENTRY,TRUE,SYNTHETIC — integrated V2 (fixed),TRUE
36523E56-2C16-532F-B000-C87C7C20FADB,DB6011EF-CAA6-5E9B-864F-FCF5DCEF053C,SYN-TR-0037,895C37E3-3402-5903-BB78-18E139F002E0,SYN-MZ-CHK01,42CE60AF-7FF7-55CE-8F13-7705F3D9EF4B,2836129F-A5FA-5728-84C6-D06A4E94CC10,1004,1,CHECK,FALSE,SYNTHETIC — integrated V2 (fixed),TRUE
48C0BDB5-0E18-58FD-B439-10B714B29C7F,DB6011EF-CAA6-5E9B-864F-FCF5DCEF053C,SYN-TR-0037,03B42C84-51CA-5773-8E4C-295473835D66,SYN-MZ-CHK02,A92E98DA-E476-5795-8F0C-D596AF9E41F3,2836129F-A5FA-5728-84C6-D06A4E94CC10,1005,1,CHECK,FALSE,SYNTHETIC — integrated V2 (fixed),TRUE
34C117F0-7221-578C-BDFE-82F59C378804,DB6011EF-CAA6-5E9B-864F-FCF5DCEF053C,SYN-TR-0037,3B5928D4-F434-5749-A27B-AB4C1BAB75E5,SYN-MZ-00075,95ABDB3D-AF6C-5014-8A2A-0137FF6C4314,2836129F-A5FA-5728-84C6-D06A4E94CC10,1006,1,TRIAL_ENTRY,FALSE,SYNTHETIC — integrated V2 (fixed),TRUE
34A5CEEB-2BF3-591C-A58B-2B7789FB6D6C,DB6011EF-CAA6-5E9B-864F-FCF5DCEF053C,SYN-TR-0037,E222D60A-6B36-51B3-8397-D5CF6C5572CF,SYN-MZ-00078,C333724C-C448-5EBC-B0B8-00A6ACA024FE,2836129F-A5FA-5728-84C6-D06A4E94CC10,1007,1,TRIAL_ENTRY,FALSE,SYNTHETIC — integrated V2 (fixed),TRUE
6632F5F1-E241-5080-9DA5-872E8EA4CCDE,DB6011EF-CAA6-5E9B-864F-FCF5DCEF053C,SYN-TR-0037,B518C2FF-B887-551B-A7F9-1C0EE751CFCF,SYN-MZ-00074,87D00621-20AE-530C-BECE-986F63B3D191,2836129F-A5FA-5728-84C6-D06A4E94CC10,1008,1,TRIAL_ENTRY,FALSE,SYNTHETIC — integrated V2 (fixed),TRUE
89DB980F-EF0B-5A97-8A64-DF03942F532C,DB6011EF-CAA6-5E9B-864F-FCF5DCEF053C,SYN-TR-0037,895C37E3-3402-5903-BB78-18E139F002E0,SYN-MZ-CHK01,42CE60AF-7FF7-55CE-8F13-7705F3D9EF4B,2836129F-A5FA-5728-84C6-D06A4E94CC10,2001,2,CHECK,FALSE,SYNTHETIC — integrated V2 (fixed),TRUE
7DA4E35D-7EB8-56C3-B5F6-CE202738C75C,DB6011EF-CAA6-5E9B-864F-FCF5DCEF053C,SYN-TR-0037,82E89912-889D-5A64-81E0-285A66F4F551,SYN-MZ-00073,F4DB6ECC-70A8-55DD-8D2A-E8CDBCD75DF1,2836129F-A5FA-5728-84C6-D06A4E94CC10,2002,2,TRIAL_ENTRY,TRUE,SYNTHETIC — integrated V2 (fixed),TRUE
7E97C42A-E648-5AC7-A5FC-ED233E65548E,DB6011EF-CAA6-5E9B-864F-FCF5DCEF053C,SYN-TR-0037,E222D60A-6B36-51B3-8397-D5CF6C5572CF,SYN-MZ-00078,C333724C-C448-5EBC-B0B8-00A6ACA024FE,2836129F-A5FA-5728-84C6-D06A4E94CC10,2003,2,TRIAL_ENTRY,FALSE,SYNTHETIC — integrated V2 (fixed),TRUE
F9343A9E-E374-5503-859A-2C5248BEEBC3,DB6011EF-CAA6-5E9B-864F-FCF5DCEF053C,SYN-TR-0037,762C94BB-F99F-58F7-AA2E-115A876D1499,SYN-MZ-00077,B7747F1D-25DA-5ED6-86BA-F4D6E76FA35C,2836129F-A5FA-5728-84C6-D06A4E94CC10,2004,2,TRIAL_ENTRY,FALSE,SYNTHETIC — integrated V2 (fixed),TRUE
89D9EDA4-BA13-5702-AD96-5248F4FE3499,DB6011EF-CAA6-5E9B-864F-FCF5DCEF053C,SYN-TR-0037,03B42C84-51CA-5773-8E4C-295473835D66,SYN-MZ-CHK02,A92E98DA-E476-5795-8F0C-D596AF9E41F3,2836129F-A5FA-5728-84C6-D06A4E94CC10,2005,2,CHECK,FALSE,SYNTHETIC — integrated V2 (fixed),TRUE
08806570-0F54-5B4D-AFCD-1FE11AF051E0,DB6011EF-CAA6-5E9B-864F-FCF5DCEF053C,SYN-TR-0037,3B5928D4-F434-5749-A27B-AB4C1BAB75E5,SYN-MZ-00075,95ABDB3D-AF6C-5014-8A2A-0137FF6C4314,2836129F-A5FA-5728-84C6-D06A4E94CC10,2006,2,TRIAL_ENTRY,FALSE,SYNTHETIC — integrated V2 (fixed),TRUE
0D263887-D4A1-5270-8274-BFAE1270581F,DB6011EF-CAA6-5E9B-864F-FCF5DCEF053C,SYN-TR-0037,B518C2FF-B887-551B-A7F9-1C0EE751CFCF,SYN-MZ-00074,87D00621-20AE-530C-BECE-986F63B3D191,2836129F-A5FA-5728-84C6-D06A4E94CC10,2007,2,TRIAL_ENTRY,FALSE,SYNTHETIC — integrated V2 (fixed),TRUE
BF32401B-F467-528A-8A5B-F99393375E7D,DB6011EF-CAA6-5E9B-864F-FCF5DCEF053C,SYN-TR-0037,937A167C-CBC9-54DF-9EB1-DFD136CAD1D1,SYN-MZ-00076,3356B829-BE65-5F1B-B1F2-68953CB686B5,2836129F-A5FA-5728-84C6-D06A4E94CC10,2008,2,TRIAL_ENTRY,FALSE,SYNTHETIC — integrated V2 (fixed),TRUE
41004850-27D2-5C85-94BE-113EC2738468,DB6011EF-CAA6-5E9B-864F-FCF5DCEF053C,SYN-TR-0037,82E89912-889D-5A64-81E0-285A66F4F551,SYN-MZ-00073,F4DB6ECC-70A8-55DD-8D2A-E8CDBCD75DF1,2836129F-A5FA-5728-84C6-D06A4E94CC10,3001,3,TRIAL_ENTRY,TRUE,SYNTHETIC — integrated V2 (fixed),TRUE
1834D31C-B833-55B0-AE66-2C0104668093,DB6011EF-CAA6-5E9B-864F-FCF5DCEF053C,SYN-TR-0037,937A167C-CBC9-54DF-9EB1-DFD136CAD1D1,SYN-MZ-00076,3356B829-BE65-5F1B-B1F2-68953CB686B5,2836129F-A5FA-5728-84C6-D06A4E94CC10,3002,3,TRIAL_ENTRY,FALSE,SYNTHETIC — integrated V2 (fixed),TRUE
F582D6EB-169F-53BB-90D2-24548FC22C09,DB6011EF-CAA6-5E9B-864F-FCF5DCEF053C,SYN-TR-0037,B518C2FF-B887-551B-A7F9-1C0EE751CFCF,SYN-MZ-00074,87D00621-20AE-530C-BECE-986F63B3D191,2836129F-A5FA-5728-84C6-D06A4E94CC10,3003,3,TRIAL_ENTRY,FALSE,SYNTHETIC — integrated V2 (fixed),TRUE
9A73E74E-2775-5F8D-AA29-DE99C82CA5CA,DB6011EF-CAA6-5E9B-864F-FCF5DCEF053C,SYN-TR-0037,03B42C84-51CA-5773-8E4C-295473835D66,SYN-MZ-CHK02,A92E98DA-E476-5795-8F0C-D596AF9E41F3,2836129F-A5FA-5728-84C6-D06A4E94CC10,3004,3,CHECK,FALSE,SYNTHETIC — integrated V2 (fixed),TRUE
6AFA3796-A926-5ABA-ACCF-7406A964A581,DB6011EF-CAA6-5E9B-864F-FCF5DCEF053C,SYN-TR-0037,762C94BB-F99F-58F7-AA2E-115A876D1499,SYN-MZ-00077,B7747F1D-25DA-5ED6-86BA-F4D6E76FA35C,2836129F-A5FA-5728-84C6-D06A4E94CC10,3005,3,TRIAL_ENTRY,FALSE,SYNTHETIC — integrated V2 (fixed),TRUE
8386D299-CC31-5D7B-B5BD-95B417782EB8,DB6011EF-CAA6-5E9B-864F-FCF5DCEF053C,SYN-TR-0037,3B5928D4-F434-5749-A27B-AB4C1BAB75E5,SYN-MZ-00075,95ABDB3D-AF6C-5014-8A2A-0137FF6C4314,2836129F-A5FA-5728-84C6-D06A4E94CC10,3006,3,TRIAL_ENTRY,FALSE,SYNTHETIC — integrated V2 (fixed),TRUE
FB1D0EB3-9901-5FB4-862E-0306D6C978DB,DB6011EF-CAA6-5E9B-864F-FCF5DCEF053C,SYN-TR-0037,895C37E3-3402-5903-BB78-18E139F002E0,SYN-MZ-CHK01,42CE60AF-7FF7-55CE-8F13-7705F3D9EF4B,2836129F-A5FA-5728-84C6-D06A4E94CC10,3007,3,CHECK,FALSE,SYNTHETIC — integrated V2 (fixed),TRUE
A97D38E4-731B-5601-A9D1-9C3246FE113A,DB6011EF-CAA6-5E9B-864F-FCF5DCEF053C,SYN-TR-0037,E222D60A-6B36-51B3-8397-D5CF6C5572CF,SYN-MZ-00078,C333724C-C448-5EBC-B0B8-00A6ACA024FE,2836129F-A5FA-5728-84C6-D06A4E94CC10,3008,3,TRIAL_ENTRY,FALSE,SYNTHETIC — integrated V2 (fixed),TRUE
6648854F-3F33-5934-8FAA-6344226DC9CB,1FEA884C-9C6C-54DF-82BE-ED9622A18007,SYN-TR-0038,647685C4-BD16-5B05-BF48-224E90967B1C,SYN-MZ-00079,EE8CB849-9B79-54AC-A0B0-E646719A68A2,AAFF39A2-4B13-5540-9C7C-80A1F2EBE1DA,1001,1,TRIAL_ENTRY,FALSE,SYNTHETIC — integrated V2 (fixed),TRUE
9F7BF683-2D19-5AFC-9A6B-734C3F9CF279,1FEA884C-9C6C-54DF-82BE-ED9622A18007,SYN-TR-0038,3B5928D4-F434-5749-A27B-AB4C1BAB75E5,SYN-MZ-00075,95ABDB3D-AF6C-5014-8A2A-0137FF6C4314,AAFF39A2-4B13-5540-9C7C-80A1F2EBE1DA,1002,1,TRIAL_ENTRY,TRUE,SYNTHETIC — integrated V2 (fixed),TRUE
84A9288B-C819-57A0-8BAB-1CBD88A1F743,1FEA884C-9C6C-54DF-82BE-ED9622A18007,SYN-TR-0038,03B42C84-51CA-5773-8E4C-295473835D66,SYN-MZ-CHK02,A92E98DA-E476-5795-8F0C-D596AF9E41F3,AAFF39A2-4B13-5540-9C7C-80A1F2EBE1DA,1003,1,CHECK,FALSE,SYNTHETIC — integrated V2 (fixed),TRUE
BE440D2C-C92C-599D-B595-892F82EA84DD,1FEA884C-9C6C-54DF-82BE-ED9622A18007,SYN-TR-0038,762C94BB-F99F-58F7-AA2E-115A876D1499,SYN-MZ-00077,B7747F1D-25DA-5ED6-86BA-F4D6E76FA35C,AAFF39A2-4B13-5540-9C7C-80A1F2EBE1DA,1004,1,TRIAL_ENTRY,FALSE,SYNTHETIC — integrated V2 (fixed),TRUE
27F2E145-FC3C-5773-B9E4-FC27A91C905A,1FEA884C-9C6C-54DF-82BE-ED9622A18007,SYN-TR-0038,E222D60A-6B36-51B3-8397-D5CF6C5572CF,SYN-MZ-00078,C333724C-C448-5EBC-B0B8-00A6ACA024FE,AAFF39A2-4B13-5540-9C7C-80A1F2EBE1DA,1005,1,TRIAL_ENTRY,FALSE,SYNTHETIC — integrated V2 (fixed),TRUE
ED606415-7F1B-56D4-A8B4-0DA02CE5C6D1,1FEA884C-9C6C-54DF-82BE-ED9622A18007,SYN-TR-0038,895C37E3-3402-5903-BB78-18E139F002E0,SYN-MZ-CHK01,42CE60AF-7FF7-55CE-8F13-7705F3D9EF4B,AAFF39A2-4B13-5540-9C7C-80A1F2EBE1DA,1006,1,CHECK,FALSE,SYNTHETIC — integrated V2 (fixed),TRUE
CBEAB654-2DB0-557C-AA09-6B7E3C20405E,1FEA884C-9C6C-54DF-82BE-ED9622A18007,SYN-TR-0038,937A167C-CBC9-54DF-9EB1-DFD136CAD1D1,SYN-MZ-00076,3356B829-BE65-5F1B-B1F2-68953CB686B5,AAFF39A2-4B13-5540-9C7C-80A1F2EBE1DA,1007,1,TRIAL_ENTRY,FALSE,SYNTHETIC — integrated V2 (fixed),TRUE
E6D69F0B-1650-5295-891A-AE619B10F3E6,1FEA884C-9C6C-54DF-82BE-ED9622A18007,SYN-TR-0038,AC374E79-DCC5-5449-BA1A-E2E8A323C8B3,SYN-MZ-00080,DA9FA8E5-0419-5AEB-9DAD-FB0FEFDB626A,AAFF39A2-4B13-5540-9C7C-80A1F2EBE1DA,1008,1,TRIAL_ENTRY,FALSE,SYNTHETIC — integrated V2 (fixed),TRUE
44C96E37-813B-5F13-96A5-969ABC13D86F,1FEA884C-9C6C-54DF-82BE-ED9622A18007,SYN-TR-0038,937A167C-CBC9-54DF-9EB1-DFD136CAD1D1,SYN-MZ-00076,3356B829-BE65-5F1B-B1F2-68953CB686B5,AAFF39A2-4B13-5540-9C7C-80A1F2EBE1DA,2001,2,TRIAL_ENTRY,FALSE,SYNTHETIC — integrated V2 (fixed),TRUE
C498B1DB-8922-50FD-A2E6-6232C215D7F8,1FEA884C-9C6C-54DF-82BE-ED9622A18007,SYN-TR-0038,03B42C84-51CA-5773-8E4C-295473835D66,SYN-MZ-CHK02,A92E98DA-E476-5795-8F0C-D596AF9E41F3,AAFF39A2-4B13-5540-9C7C-80A1F2EBE1DA,2002,2,CHECK,FALSE,SYNTHETIC — integrated V2 (fixed),TRUE
28E9A720-2338-5829-832D-A4E1AEF819B4,1FEA884C-9C6C-54DF-82BE-ED9622A18007,SYN-TR-0038,762C94BB-F99F-58F7-AA2E-115A876D1499,SYN-MZ-00077,B7747F1D-25DA-5ED6-86BA-F4D6E76FA35C,AAFF39A2-4B13-5540-9C7C-80A1F2EBE1DA,2003,2,TRIAL_ENTRY,FALSE,SYNTHETIC — integrated V2 (fixed),TRUE
7CBC71A9-B7E5-50F8-8502-804B830B9E57,1FEA884C-9C6C-54DF-82BE-ED9622A18007,SYN-TR-0038,647685C4-BD16-5B05-BF48-224E90967B1C,SYN-MZ-00079,EE8CB849-9B79-54AC-A0B0-E646719A68A2,AAFF39A2-4B13-5540-9C7C-80A1F2EBE1DA,2004,2,TRIAL_ENTRY,FALSE,SYNTHETIC — integrated V2 (fixed),TRUE
7F794328-D777-5201-A2C3-2F8AC732E90A,1FEA884C-9C6C-54DF-82BE-ED9622A18007,SYN-TR-0038,E222D60A-6B36-51B3-8397-D5CF6C5572CF,SYN-MZ-00078,C333724C-C448-5EBC-B0B8-00A6ACA024FE,AAFF39A2-4B13-5540-9C7C-80A1F2EBE1DA,2005,2,TRIAL_ENTRY,FALSE,SYNTHETIC — integrated V2 (fixed),TRUE
28ABF3CA-FAE4-5B7A-84BE-092272AFDD94,1FEA884C-9C6C-54DF-82BE-ED9622A18007,SYN-TR-0038,895C37E3-3402-5903-BB78-18E139F002E0,SYN-MZ-CHK01,42CE60AF-7FF7-55CE-8F13-7705F3D9EF4B,AAFF39A2-4B13-5540-9C7C-80A1F2EBE1DA,2006,2,CHECK,FALSE,SYNTHETIC — integrated V2 (fixed),TRUE
82C50203-6740-5F02-84A2-746C0C955EB4,1FEA884C-9C6C-54DF-82BE-ED9622A18007,SYN-TR-0038,3B5928D4-F434-5749-A27B-AB4C1BAB75E5,SYN-MZ-00075,95ABDB3D-AF6C-5014-8A2A-0137FF6C4314,AAFF39A2-4B13-5540-9C7C-80A1F2EBE1DA,2007,2,TRIAL_ENTRY,TRUE,SYNTHETIC — integrated V2 (fixed),TRUE
38E91939-5DB4-5C61-8DD5-B2C53470F242,1FEA884C-9C6C-54DF-82BE-ED9622A18007,SYN-TR-0038,AC374E79-DCC5-5449-BA1A-E2E8A323C8B3,SYN-MZ-00080,DA9FA8E5-0419-5AEB-9DAD-FB0FEFDB626A,AAFF39A2-4B13-5540-9C7C-80A1F2EBE1DA,2008,2,TRIAL_ENTRY,FALSE,SYNTHETIC — integrated V2 (fixed),TRUE
1A326CAB-1C04-5F5C-93EF-D31983251D88,1FEA884C-9C6C-54DF-82BE-ED9622A18007,SYN-TR-0038,03B42C84-51CA-5773-8E4C-295473835D66,SYN-MZ-CHK02,A92E98DA-E476-5795-8F0C-D596AF9E41F3,AAFF39A2-4B13-5540-9C7C-80A1F2EBE1DA,3001,3,CHECK,FALSE,SYNTHETIC — integrated V2 (fixed),TRUE
C2E230EA-659D-50E8-9619-D39DB89A0DF3,1FEA884C-9C6C-54DF-82BE-ED9622A18007,SYN-TR-0038,AC374E79-DCC5-5449-BA1A-E2E8A323C8B3,SYN-MZ-00080,DA9FA8E5-0419-5AEB-9DAD-FB0FEFDB626A,AAFF39A2-4B13-5540-9C7C-80A1F2EBE1DA,3002,3,TRIAL_ENTRY,FALSE,SYNTHETIC — integrated V2 (fixed),TRUE
82D5755E-D3B9-52DB-87C6-6AB4AA36FBB4,1FEA884C-9C6C-54DF-82BE-ED9622A18007,SYN-TR-0038,895C37E3-3402-5903-BB78-18E139F002E0,SYN-MZ-CHK01,42CE60AF-7FF7-55CE-8F13-7705F3D9EF4B,AAFF39A2-4B13-5540-9C7C-80A1F2EBE1DA,3003,3,CHECK,FALSE,SYNTHETIC — integrated V2 (fixed),TRUE
4B497E72-6475-5B63-944E-24A9D1FAA7B5,1FEA884C-9C6C-54DF-82BE-ED9622A18007,SYN-TR-0038,3B5928D4-F434-5749-A27B-AB4C1BAB75E5,SYN-MZ-00075,95ABDB3D-AF6C-5014-8A2A-0137FF6C4314,AAFF39A2-4B13-5540-9C7C-80A1F2EBE1DA,3004,3,TRIAL_ENTRY,TRUE,SYNTHETIC — integrated V2 (fixed),TRUE
33C46C63-850F-5C4B-9612-E72513165FAD,1FEA884C-9C6C-54DF-82BE-ED9622A18007,SYN-TR-0038,E222D60A-6B36-51B3-8397-D5CF6C5572CF,SYN-MZ-00078,C333724C-C448-5EBC-B0B8-00A6ACA024FE,AAFF39A2-4B13-5540-9C7C-80A1F2EBE1DA,3005,3,TRIAL_ENTRY,FALSE,SYNTHETIC — integrated V2 (fixed),TRUE
4A47B2ED-511E-53CE-BA3E-6F1BAD392363,1FEA884C-9C6C-54DF-82BE-ED9622A18007,SYN-TR-0038,762C94BB-F99F-58F7-AA2E-115A876D1499,SYN-MZ-00077,B7747F1D-25DA-5ED6-86BA-F4D6E76FA35C,AAFF39A2-4B13-5540-9C7C-80A1F2EBE1DA,3006,3,TRIAL_ENTRY,FALSE,SYNTHETIC — integrated V2 (fixed),TRUE
7D5773A2-3F1F-5C0F-8204-D1FB962E0648,1FEA884C-9C6C-54DF-82BE-ED9622A18007,SYN-TR-0038,647685C4-BD16-5B05-BF48-224E90967B1C,SYN-MZ-00079,EE8CB849-9B79-54AC-A0B0-E646719A68A2,AAFF39A2-4B13-5540-9C7C-80A1F2EBE1DA,3007,3,TRIAL_ENTRY,FALSE,SYNTHETIC — integrated V2 (fixed),TRUE
99EECA8F-8B31-5C33-887E-49E101B11D08,1FEA884C-9C6C-54DF-82BE-ED9622A18007,SYN-TR-0038,937A167C-CBC9-54DF-9EB1-DFD136CAD1D1,SYN-MZ-00076,3356B829-BE65-5F1B-B1F2-68953CB686B5,AAFF39A2-4B13-5540-9C7C-80A1F2EBE1DA,3008,3,TRIAL_ENTRY,FALSE,SYNTHETIC — integrated V2 (fixed),TRUE
C02C8555-AFDC-5E44-9D45-95CB835036AD,F23CA8F9-DC2C-581B-9A0C-7B0097768C45,SYN-TR-0039,B13508E2-8CB0-595E-803A-083438893C79,SYN-MZ-00081,E94146E7-2D82-5636-853D-B0646138E827,76075B50-19AE-5C64-911C-C18CF7526E6A,1001,1,TRIAL_ENTRY,FALSE,SYNTHETIC — integrated V2 (fixed),TRUE
43503ADF-8B11-55B2-8C74-308BBF26F99A,F23CA8F9-DC2C-581B-9A0C-7B0097768C45,SYN-TR-0039,895C37E3-3402-5903-BB78-18E139F002E0,SYN-MZ-CHK01,42CE60AF-7FF7-55CE-8F13-7705F3D9EF4B,76075B50-19AE-5C64-911C-C18CF7526E6A,1002,1,CHECK,FALSE,SYNTHETIC — integrated V2 (fixed),TRUE
BA1A2F5B-5B9E-5536-BB7B-90E91BF47013,F23CA8F9-DC2C-581B-9A0C-7B0097768C45,SYN-TR-0039,647685C4-BD16-5B05-BF48-224E90967B1C,SYN-MZ-00079,EE8CB849-9B79-54AC-A0B0-E646719A68A2,76075B50-19AE-5C64-911C-C18CF7526E6A,1003,1,TRIAL_ENTRY,FALSE,SYNTHETIC — integrated V2 (fixed),TRUE
1664B560-8C84-5A1E-86AA-B967DE9CB359,F23CA8F9-DC2C-581B-9A0C-7B0097768C45,SYN-TR-0039,03B42C84-51CA-5773-8E4C-295473835D66,SYN-MZ-CHK02,A92E98DA-E476-5795-8F0C-D596AF9E41F3,76075B50-19AE-5C64-911C-C18CF7526E6A,1004,1,CHECK,FALSE,SYNTHETIC — integrated V2 (fixed),TRUE
E20D9724-4D10-53DD-9F1B-5DBE72B294D6,F23CA8F9-DC2C-581B-9A0C-7B0097768C45,SYN-TR-0039,762C94BB-F99F-58F7-AA2E-115A876D1499,SYN-MZ-00077,B7747F1D-25DA-5ED6-86BA-F4D6E76FA35C,76075B50-19AE-5C64-911C-C18CF7526E6A,1005,1,TRIAL_ENTRY,TRUE,SYNTHETIC — integrated V2 (fixed),TRUE
9A60F3E3-8A95-576E-B324-D057A11A7936,F23CA8F9-DC2C-581B-9A0C-7B0097768C45,SYN-TR-0039,AC374E79-DCC5-5449-BA1A-E2E8A323C8B3,SYN-MZ-00080,DA9FA8E5-0419-5AEB-9DAD-FB0FEFDB626A,76075B50-19AE-5C64-911C-C18CF7526E6A,1006,1,TRIAL_ENTRY,FALSE,SYNTHETIC — integrated V2 (fixed),TRUE
5D448118-7D9D-57EF-BEA4-C6B04DB9B6AA,F23CA8F9-DC2C-581B-9A0C-7B0097768C45,SYN-TR-0039,E222D60A-6B36-51B3-8397-D5CF6C5572CF,SYN-MZ-00078,C333724C-C448-5EBC-B0B8-00A6ACA024FE,76075B50-19AE-5C64-911C-C18CF7526E6A,1007,1,TRIAL_ENTRY,FALSE,SYNTHETIC — integrated V2 (fixed),TRUE
DC628AB8-478D-51D9-8492-E19F81C6CA4A,F23CA8F9-DC2C-581B-9A0C-7B0097768C45,SYN-TR-0039,53D0944B-7E8C-523D-AD45-43CF3C0E1ECC,SYN-MZ-00082,9AE07DE9-439F-5447-900A-60038B27E690,76075B50-19AE-5C64-911C-C18CF7526E6A,1008,1,TRIAL_ENTRY,FALSE,SYNTHETIC — integrated V2 (fixed),TRUE
49FF7947-4CD7-58A1-A199-5C595E8843C9,F23CA8F9-DC2C-581B-9A0C-7B0097768C45,SYN-TR-0039,53D0944B-7E8C-523D-AD45-43CF3C0E1ECC,SYN-MZ-00082,9AE07DE9-439F-5447-900A-60038B27E690,76075B50-19AE-5C64-911C-C18CF7526E6A,2001,2,TRIAL_ENTRY,FALSE,SYNTHETIC — integrated V2 (fixed),TRUE
DD6153A6-CAC9-5E3C-8CDE-132B6FDCEE8A,F23CA8F9-DC2C-581B-9A0C-7B0097768C45,SYN-TR-0039,647685C4-BD16-5B05-BF48-224E90967B1C,SYN-MZ-00079,EE8CB849-9B79-54AC-A0B0-E646719A68A2,76075B50-19AE-5C64-911C-C18CF7526E6A,2002,2,TRIAL_ENTRY,FALSE,SYNTHETIC — integrated V2 (fixed),TRUE
1A1CD41F-93EF-55F2-96B0-37E6A461EE42,F23CA8F9-DC2C-581B-9A0C-7B0097768C45,SYN-TR-0039,AC374E79-DCC5-5449-BA1A-E2E8A323C8B3,SYN-MZ-00080,DA9FA8E5-0419-5AEB-9DAD-FB0FEFDB626A,76075B50-19AE-5C64-911C-C18CF7526E6A,2003,2,TRIAL_ENTRY,FALSE,SYNTHETIC — integrated V2 (fixed),TRUE
A062EE7E-C17B-5E00-AA08-CE64A545B1C2,F23CA8F9-DC2C-581B-9A0C-7B0097768C45,SYN-TR-0039,895C37E3-3402-5903-BB78-18E139F002E0,SYN-MZ-CHK01,42CE60AF-7FF7-55CE-8F13-7705F3D9EF4B,76075B50-19AE-5C64-911C-C18CF7526E6A,2004,2,CHECK,FALSE,SYNTHETIC — integrated V2 (fixed),TRUE
A38C2FE4-B232-5D73-A5C0-990A217D9639,F23CA8F9-DC2C-581B-9A0C-7B0097768C45,SYN-TR-0039,03B42C84-51CA-5773-8E4C-295473835D66,SYN-MZ-CHK02,A92E98DA-E476-5795-8F0C-D596AF9E41F3,76075B50-19AE-5C64-911C-C18CF7526E6A,2005,2,CHECK,FALSE,SYNTHETIC — integrated V2 (fixed),TRUE
82B10471-D1D5-5E4C-843D-21836F47E9EE,F23CA8F9-DC2C-581B-9A0C-7B0097768C45,SYN-TR-0039,762C94BB-F99F-58F7-AA2E-115A876D1499,SYN-MZ-00077,B7747F1D-25DA-5ED6-86BA-F4D6E76FA35C,76075B50-19AE-5C64-911C-C18CF7526E6A,2006,2,TRIAL_ENTRY,TRUE,SYNTHETIC — integrated V2 (fixed),TRUE
6F8BF608-66DE-584C-A17B-075B2A010253,F23CA8F9-DC2C-581B-9A0C-7B0097768C45,SYN-TR-0039,B13508E2-8CB0-595E-803A-083438893C79,SYN-MZ-00081,E94146E7-2D82-5636-853D-B0646138E827,76075B50-19AE-5C64-911C-C18CF7526E6A,2007,2,TRIAL_ENTRY,FALSE,SYNTHETIC — integrated V2 (fixed),TRUE
7B0D2DF2-D7F3-5F79-BA1A-D6FFA17F8841,F23CA8F9-DC2C-581B-9A0C-7B0097768C45,SYN-TR-0039,E222D60A-6B36-51B3-8397-D5CF6C5572CF,SYN-MZ-00078,C333724C-C448-5EBC-B0B8-00A6ACA024FE,76075B50-19AE-5C64-911C-C18CF7526E6A,2008,2,TRIAL_ENTRY,FALSE,SYNTHETIC — integrated V2 (fixed),TRUE
DD8321AE-27D4-57B4-8B83-098092A2CA74,F23CA8F9-DC2C-581B-9A0C-7B0097768C45,SYN-TR-0039,895C37E3-3402-5903-BB78-18E139F002E0,SYN-MZ-CHK01,42CE60AF-7FF7-55CE-8F13-7705F3D9EF4B,76075B50-19AE-5C64-911C-C18CF7526E6A,3001,3,CHECK,FALSE,SYNTHETIC — integrated V2 (fixed),TRUE
B2E86B36-9A23-51BA-9649-3066C72C5420,F23CA8F9-DC2C-581B-9A0C-7B0097768C45,SYN-TR-0039,B13508E2-8CB0-595E-803A-083438893C79,SYN-MZ-00081,E94146E7-2D82-5636-853D-B0646138E827,76075B50-19AE-5C64-911C-C18CF7526E6A,3002,3,TRIAL_ENTRY,FALSE,SYNTHETIC — integrated V2 (fixed),TRUE
033FF03D-A60A-54C0-9108-67BF0C69D10A,F23CA8F9-DC2C-581B-9A0C-7B0097768C45,SYN-TR-0039,762C94BB-F99F-58F7-AA2E-115A876D1499,SYN-MZ-00077,B7747F1D-25DA-5ED6-86BA-F4D6E76FA35C,76075B50-19AE-5C64-911C-C18CF7526E6A,3003,3,TRIAL_ENTRY,TRUE,SYNTHETIC — integrated V2 (fixed),TRUE
C56A6E80-9647-5BA3-8A7F-C193B4A2257D,F23CA8F9-DC2C-581B-9A0C-7B0097768C45,SYN-TR-0039,03B42C84-51CA-5773-8E4C-295473835D66,SYN-MZ-CHK02,A92E98DA-E476-5795-8F0C-D596AF9E41F3,76075B50-19AE-5C64-911C-C18CF7526E6A,3004,3,CHECK,FALSE,SYNTHETIC — integrated V2 (fixed),TRUE
9612A79B-09A3-5ABE-B1DD-045A98330041,F23CA8F9-DC2C-581B-9A0C-7B0097768C45,SYN-TR-0039,53D0944B-7E8C-523D-AD45-43CF3C0E1ECC,SYN-MZ-00082,9AE07DE9-439F-5447-900A-60038B27E690,76075B50-19AE-5C64-911C-C18CF7526E6A,3005,3,TRIAL_ENTRY,FALSE,SYNTHETIC — integrated V2 (fixed),TRUE
500E2B34-930D-5EC8-A19E-78F52252E0BC,F23CA8F9-DC2C-581B-9A0C-7B0097768C45,SYN-TR-0039,647685C4-BD16-5B05-BF48-224E90967B1C,SYN-MZ-00079,EE8CB849-9B79-54AC-A0B0-E646719A68A2,76075B50-19AE-5C64-911C-C18CF7526E6A,3006,3,TRIAL_ENTRY,FALSE,SYNTHETIC — integrated V2 (fixed),TRUE
BA566662-2ADB-5ED7-BF86-15564E73594F,F23CA8F9-DC2C-581B-9A0C-7B0097768C45,SYN-TR-0039,AC374E79-DCC5-5449-BA1A-E2E8A323C8B3,SYN-MZ-00080,DA9FA8E5-0419-5AEB-9DAD-FB0FEFDB626A,76075B50-19AE-5C64-911C-C18CF7526E6A,3007,3,TRIAL_ENTRY,FALSE,SYNTHETIC — integrated V2 (fixed),TRUE
061A6E46-C145-5E77-95E2-F4A54BED0C55,F23CA8F9-DC2C-581B-9A0C-7B0097768C45,SYN-TR-0039,E222D60A-6B36-51B3-8397-D5CF6C5572CF,SYN-MZ-00078,C333724C-C448-5EBC-B0B8-00A6ACA024FE,76075B50-19AE-5C64-911C-C18CF7526E6A,3008,3,TRIAL_ENTRY,FALSE,SYNTHETIC — integrated V2 (fixed),TRUE
60EAB0CF-7145-59E1-AFB3-895D9ED92FFA,20F30666-2A45-5B0E-B965-269C0160FC61,SYN-TR-0040,53D0944B-7E8C-523D-AD45-43CF3C0E1ECC,SYN-MZ-00082,9AE07DE9-439F-5447-900A-60038B27E690,B167C366-3F98-545F-BDEB-4EDCEEBB7702,1001,1,TRIAL_ENTRY,FALSE,SYNTHETIC — integrated V2 (fixed),TRUE
4B791BF8-4F5E-5AC9-946A-3ED307FA60B1,20F30666-2A45-5B0E-B965-269C0160FC61,SYN-TR-0040,1776443C-40AD-5505-8CE0-36F14142D18C,SYN-MZ-00083,8996BC47-4653-585E-A87B-B05CB730E3C1,B167C366-3F98-545F-BDEB-4EDCEEBB7702,1002,1,TRIAL_ENTRY,FALSE,SYNTHETIC — integrated V2 (fixed),TRUE
1273C08A-AEDC-5F34-A038-BC8C838B95E5,20F30666-2A45-5B0E-B965-269C0160FC61,SYN-TR-0040,AC374E79-DCC5-5449-BA1A-E2E8A323C8B3,SYN-MZ-00080,DA9FA8E5-0419-5AEB-9DAD-FB0FEFDB626A,B167C366-3F98-545F-BDEB-4EDCEEBB7702,1003,1,TRIAL_ENTRY,FALSE,SYNTHETIC — integrated V2 (fixed),TRUE
9E7C0BEE-D8F9-5841-8309-9E700B4E3F06,20F30666-2A45-5B0E-B965-269C0160FC61,SYN-TR-0040,03B42C84-51CA-5773-8E4C-295473835D66,SYN-MZ-CHK02,A92E98DA-E476-5795-8F0C-D596AF9E41F3,B167C366-3F98-545F-BDEB-4EDCEEBB7702,1004,1,CHECK,FALSE,SYNTHETIC — integrated V2 (fixed),TRUE
3289E67A-BD59-5CB0-AAC5-17878724DCEF,20F30666-2A45-5B0E-B965-269C0160FC61,SYN-TR-0040,B13508E2-8CB0-595E-803A-083438893C79,SYN-MZ-00081,E94146E7-2D82-5636-853D-B0646138E827,B167C366-3F98-545F-BDEB-4EDCEEBB7702,1005,1,TRIAL_ENTRY,FALSE,SYNTHETIC — integrated V2 (fixed),TRUE
7E232E09-890C-5D82-A882-075056E7222A,20F30666-2A45-5B0E-B965-269C0160FC61,SYN-TR-0040,8940668C-190D-5BCB-95FD-A9FCAD3A0A50,SYN-MZ-00084,1827587C-080D-5A26-9633-E4723F4B0CEA,B167C366-3F98-545F-BDEB-4EDCEEBB7702,1006,1,TRIAL_ENTRY,FALSE,SYNTHETIC — integrated V2 (fixed),TRUE
13B85D3D-AF2B-5903-97FD-5AC8B0E66A73,20F30666-2A45-5B0E-B965-269C0160FC61,SYN-TR-0040,895C37E3-3402-5903-BB78-18E139F002E0,SYN-MZ-CHK01,42CE60AF-7FF7-55CE-8F13-7705F3D9EF4B,B167C366-3F98-545F-BDEB-4EDCEEBB7702,1007,1,CHECK,FALSE,SYNTHETIC — integrated V2 (fixed),TRUE
716E0A8F-E304-5973-A3EA-942DEA411192,20F30666-2A45-5B0E-B965-269C0160FC61,SYN-TR-0040,647685C4-BD16-5B05-BF48-224E90967B1C,SYN-MZ-00079,EE8CB849-9B79-54AC-A0B0-E646719A68A2,B167C366-3F98-545F-BDEB-4EDCEEBB7702,1008,1,TRIAL_ENTRY,TRUE,SYNTHETIC — integrated V2 (fixed),TRUE
6741C0E0-AD57-5C21-A960-B4294D5910FE,20F30666-2A45-5B0E-B965-269C0160FC61,SYN-TR-0040,647685C4-BD16-5B05-BF48-224E90967B1C,SYN-MZ-00079,EE8CB849-9B79-54AC-A0B0-E646719A68A2,B167C366-3F98-545F-BDEB-4EDCEEBB7702,2001,2,TRIAL_ENTRY,TRUE,SYNTHETIC — integrated V2 (fixed),TRUE
3B22FA37-CC19-52FF-BD66-3488C3AD22E4,20F30666-2A45-5B0E-B965-269C0160FC61,SYN-TR-0040,B13508E2-8CB0-595E-803A-083438893C79,SYN-MZ-00081,E94146E7-2D82-5636-853D-B0646138E827,B167C366-3F98-545F-BDEB-4EDCEEBB7702,2002,2,TRIAL_ENTRY,FALSE,SYNTHETIC — integrated V2 (fixed),TRUE
3583C443-8D39-5F08-BC4B-DCB6B3FBB015,20F30666-2A45-5B0E-B965-269C0160FC61,SYN-TR-0040,8940668C-190D-5BCB-95FD-A9FCAD3A0A50,SYN-MZ-00084,1827587C-080D-5A26-9633-E4723F4B0CEA,B167C366-3F98-545F-BDEB-4EDCEEBB7702,2003,2,TRIAL_ENTRY,FALSE,SYNTHETIC — integrated V2 (fixed),TRUE
E0BF193E-A08C-5F47-8CD2-62F400EE651E,20F30666-2A45-5B0E-B965-269C0160FC61,SYN-TR-0040,53D0944B-7E8C-523D-AD45-43CF3C0E1ECC,SYN-MZ-00082,9AE07DE9-439F-5447-900A-60038B27E690,B167C366-3F98-545F-BDEB-4EDCEEBB7702,2004,2,TRIAL_ENTRY,FALSE,SYNTHETIC — integrated V2 (fixed),TRUE
6DCAF130-F89E-5B06-8648-B0D47421CA5A,20F30666-2A45-5B0E-B965-269C0160FC61,SYN-TR-0040,895C37E3-3402-5903-BB78-18E139F002E0,SYN-MZ-CHK01,42CE60AF-7FF7-55CE-8F13-7705F3D9EF4B,B167C366-3F98-545F-BDEB-4EDCEEBB7702,2005,2,CHECK,FALSE,SYNTHETIC — integrated V2 (fixed),TRUE
14B0D01E-3064-5C00-A50F-8130EE366FE7,20F30666-2A45-5B0E-B965-269C0160FC61,SYN-TR-0040,1776443C-40AD-5505-8CE0-36F14142D18C,SYN-MZ-00083,8996BC47-4653-585E-A87B-B05CB730E3C1,B167C366-3F98-545F-BDEB-4EDCEEBB7702,2006,2,TRIAL_ENTRY,FALSE,SYNTHETIC — integrated V2 (fixed),TRUE
D483A1B6-24F0-5001-8A0A-59CA66DF35AE,20F30666-2A45-5B0E-B965-269C0160FC61,SYN-TR-0040,AC374E79-DCC5-5449-BA1A-E2E8A323C8B3,SYN-MZ-00080,DA9FA8E5-0419-5AEB-9DAD-FB0FEFDB626A,B167C366-3F98-545F-BDEB-4EDCEEBB7702,2007,2,TRIAL_ENTRY,FALSE,SYNTHETIC — integrated V2 (fixed),TRUE
C65D2AEB-77E4-5D66-80C4-FC3C86D21C28,20F30666-2A45-5B0E-B965-269C0160FC61,SYN-TR-0040,03B42C84-51CA-5773-8E4C-295473835D66,SYN-MZ-CHK02,A92E98DA-E476-5795-8F0C-D596AF9E41F3,B167C366-3F98-545F-BDEB-4EDCEEBB7702,2008,2,CHECK,FALSE,SYNTHETIC — integrated V2 (fixed),TRUE
79ECE869-DBBD-56DB-AF23-2B5639001708,20F30666-2A45-5B0E-B965-269C0160FC61,SYN-TR-0040,895C37E3-3402-5903-BB78-18E139F002E0,SYN-MZ-CHK01,42CE60AF-7FF7-55CE-8F13-7705F3D9EF4B,B167C366-3F98-545F-BDEB-4EDCEEBB7702,3001,3,CHECK,FALSE,SYNTHETIC — integrated V2 (fixed),TRUE
65BE4CE0-B458-533B-9DD3-0F1B60AB50FB,20F30666-2A45-5B0E-B965-269C0160FC61,SYN-TR-0040,53D0944B-7E8C-523D-AD45-43CF3C0E1ECC,SYN-MZ-00082,9AE07DE9-439F-5447-900A-60038B27E690,B167C366-3F98-545F-BDEB-4EDCEEBB7702,3002,3,TRIAL_ENTRY,FALSE,SYNTHETIC — integrated V2 (fixed),TRUE
560F4012-7FA7-5D7F-8314-9AA0E41B6449,20F30666-2A45-5B0E-B965-269C0160FC61,SYN-TR-0040,8940668C-190D-5BCB-95FD-A9FCAD3A0A50,SYN-MZ-00084,1827587C-080D-5A26-9633-E4723F4B0CEA,B167C366-3F98-545F-BDEB-4EDCEEBB7702,3003,3,TRIAL_ENTRY,FALSE,SYNTHETIC — integrated V2 (fixed),TRUE
6CEE9437-1B46-53A6-A683-22690D21EEAA,20F30666-2A45-5B0E-B965-269C0160FC61,SYN-TR-0040,AC374E79-DCC5-5449-BA1A-E2E8A323C8B3,SYN-MZ-00080,DA9FA8E5-0419-5AEB-9DAD-FB0FEFDB626A,B167C366-3F98-545F-BDEB-4EDCEEBB7702,3004,3,TRIAL_ENTRY,FALSE,SYNTHETIC — integrated V2 (fixed),TRUE
B5484A28-844F-5FF6-9E0E-4ECBD13B3374,20F30666-2A45-5B0E-B965-269C0160FC61,SYN-TR-0040,03B42C84-51CA-5773-8E4C-295473835D66,SYN-MZ-CHK02,A92E98DA-E476-5795-8F0C-D596AF9E41F3,B167C366-3F98-545F-BDEB-4EDCEEBB7702,3005,3,CHECK,FALSE,SYNTHETIC — integrated V2 (fixed),TRUE
F568865F-5A48-5469-AFB9-EA87AC234403,20F30666-2A45-5B0E-B965-269C0160FC61,SYN-TR-0040,647685C4-BD16-5B05-BF48-224E90967B1C,SYN-MZ-00079,EE8CB849-9B79-54AC-A0B0-E646719A68A2,B167C366-3F98-545F-BDEB-4EDCEEBB7702,3006,3,TRIAL_ENTRY,TRUE,SYNTHETIC — integrated V2 (fixed),TRUE
44702475-CFCE-5377-85FA-C55D2D3A9056,20F30666-2A45-5B0E-B965-269C0160FC61,SYN-TR-0040,1776443C-40AD-5505-8CE0-36F14142D18C,SYN-MZ-00083,8996BC47-4653-585E-A87B-B05CB730E3C1,B167C366-3F98-545F-BDEB-4EDCEEBB7702,3007,3,TRIAL_ENTRY,FALSE,SYNTHETIC — integrated V2 (fixed),TRUE
3BD31FCC-AB39-536C-B124-4A1AE51B9068,20F30666-2A45-5B0E-B965-269C0160FC61,SYN-TR-0040,B13508E2-8CB0-595E-803A-083438893C79,SYN-MZ-00081,E94146E7-2D82-5636-853D-B0646138E827,B167C366-3F98-545F-BDEB-4EDCEEBB7702,3008,3,TRIAL_ENTRY,FALSE,SYNTHETIC — integrated V2 (fixed),TRUE
1A817A7B-64EC-5108-99A3-D9FF0F627CB2,9F2352FD-C5E2-599E-AB87-008C83FA07A9,SYN-TR-0041,895C37E3-3402-5903-BB78-18E139F002E0,SYN-MZ-CHK01,42CE60AF-7FF7-55CE-8F13-7705F3D9EF4B,DF566C3D-9326-5887-A566-3CC4EC577554,1001,1,CHECK,FALSE,SYNTHETIC — integrated V2 (fixed),TRUE
0BD30B3A-D81F-529C-8860-095D0473FE7F,9F2352FD-C5E2-599E-AB87-008C83FA07A9,SYN-TR-0041,8940668C-190D-5BCB-95FD-A9FCAD3A0A50,SYN-MZ-00084,1827587C-080D-5A26-9633-E4723F4B0CEA,DF566C3D-9326-5887-A566-3CC4EC577554,1002,1,TRIAL_ENTRY,FALSE,SYNTHETIC — integrated V2 (fixed),TRUE
A7F05681-C991-5849-BABC-EAE62F2D73AD,9F2352FD-C5E2-599E-AB87-008C83FA07A9,SYN-TR-0041,B13508E2-8CB0-595E-803A-083438893C79,SYN-MZ-00081,E94146E7-2D82-5636-853D-B0646138E827,DF566C3D-9326-5887-A566-3CC4EC577554,1003,1,TRIAL_ENTRY,TRUE,SYNTHETIC — integrated V2 (fixed),TRUE
F1E8F0E7-9435-5756-9927-6F1A3ECFC74C,9F2352FD-C5E2-599E-AB87-008C83FA07A9,SYN-TR-0041,53D0944B-7E8C-523D-AD45-43CF3C0E1ECC,SYN-MZ-00082,9AE07DE9-439F-5447-900A-60038B27E690,DF566C3D-9326-5887-A566-3CC4EC577554,1004,1,TRIAL_ENTRY,FALSE,SYNTHETIC — integrated V2 (fixed),TRUE
5563E0FD-219C-5A4C-AF54-F4196A0DF1DF,9F2352FD-C5E2-599E-AB87-008C83FA07A9,SYN-TR-0041,03B42C84-51CA-5773-8E4C-295473835D66,SYN-MZ-CHK02,A92E98DA-E476-5795-8F0C-D596AF9E41F3,DF566C3D-9326-5887-A566-3CC4EC577554,1005,1,CHECK,FALSE,SYNTHETIC — integrated V2 (fixed),TRUE
83C63192-9974-5711-8823-9D97BF7CC52E,9F2352FD-C5E2-599E-AB87-008C83FA07A9,SYN-TR-0041,7E96F35C-0C2F-54B8-98B1-52354D151D67,SYN-MZ-00086,015C76D4-4129-5D75-883E-08D3489FAACD,DF566C3D-9326-5887-A566-3CC4EC577554,1006,1,TRIAL_ENTRY,FALSE,SYNTHETIC — integrated V2 (fixed),TRUE
5935FF34-FD35-5D38-B974-DA6CC92D6AC4,9F2352FD-C5E2-599E-AB87-008C83FA07A9,SYN-TR-0041,1776443C-40AD-5505-8CE0-36F14142D18C,SYN-MZ-00083,8996BC47-4653-585E-A87B-B05CB730E3C1,DF566C3D-9326-5887-A566-3CC4EC577554,1007,1,TRIAL_ENTRY,FALSE,SYNTHETIC — integrated V2 (fixed),TRUE
D73B339B-B77B-5363-86FA-D6B7662BB5F2,9F2352FD-C5E2-599E-AB87-008C83FA07A9,SYN-TR-0041,1DF480F4-4F01-5A4A-A0FE-B2851472B411,SYN-MZ-00085,FE7627BB-EB3A-5A37-8E12-58C7812941B6,DF566C3D-9326-5887-A566-3CC4EC577554,1008,1,TRIAL_ENTRY,FALSE,SYNTHETIC — integrated V2 (fixed),TRUE
8183113F-53AE-5913-A632-F5F9AA5D3067,9F2352FD-C5E2-599E-AB87-008C83FA07A9,SYN-TR-0041,53D0944B-7E8C-523D-AD45-43CF3C0E1ECC,SYN-MZ-00082,9AE07DE9-439F-5447-900A-60038B27E690,DF566C3D-9326-5887-A566-3CC4EC577554,2001,2,TRIAL_ENTRY,FALSE,SYNTHETIC — integrated V2 (fixed),TRUE
B7245F3F-BF9D-5E8B-BE69-39747B3F80BC,9F2352FD-C5E2-599E-AB87-008C83FA07A9,SYN-TR-0041,1DF480F4-4F01-5A4A-A0FE-B2851472B411,SYN-MZ-00085,FE7627BB-EB3A-5A37-8E12-58C7812941B6,DF566C3D-9326-5887-A566-3CC4EC577554,2002,2,TRIAL_ENTRY,FALSE,SYNTHETIC — integrated V2 (fixed),TRUE
825EA3C5-E82D-589C-860D-208E908F338F,9F2352FD-C5E2-599E-AB87-008C83FA07A9,SYN-TR-0041,8940668C-190D-5BCB-95FD-A9FCAD3A0A50,SYN-MZ-00084,1827587C-080D-5A26-9633-E4723F4B0CEA,DF566C3D-9326-5887-A566-3CC4EC577554,2003,2,TRIAL_ENTRY,FALSE,SYNTHETIC — integrated V2 (fixed),TRUE
DF672B07-0F02-5A0F-B8F6-44F36EFEDE7F,9F2352FD-C5E2-599E-AB87-008C83FA07A9,SYN-TR-0041,7E96F35C-0C2F-54B8-98B1-52354D151D67,SYN-MZ-00086,015C76D4-4129-5D75-883E-08D3489FAACD,DF566C3D-9326-5887-A566-3CC4EC577554,2004,2,TRIAL_ENTRY,FALSE,SYNTHETIC — integrated V2 (fixed),TRUE
F0CE15AD-4B53-5A22-927E-5D1EB852FE44,9F2352FD-C5E2-599E-AB87-008C83FA07A9,SYN-TR-0041,B13508E2-8CB0-595E-803A-083438893C79,SYN-MZ-00081,E94146E7-2D82-5636-853D-B0646138E827,DF566C3D-9326-5887-A566-3CC4EC577554,2005,2,TRIAL_ENTRY,TRUE,SYNTHETIC — integrated V2 (fixed),TRUE
40D07428-2FF4-55C2-B4CA-53BA5FAA6830,9F2352FD-C5E2-599E-AB87-008C83FA07A9,SYN-TR-0041,1776443C-40AD-5505-8CE0-36F14142D18C,SYN-MZ-00083,8996BC47-4653-585E-A87B-B05CB730E3C1,DF566C3D-9326-5887-A566-3CC4EC577554,2006,2,TRIAL_ENTRY,FALSE,SYNTHETIC — integrated V2 (fixed),TRUE
E30FC4E0-4D2C-5E9E-AA7F-900FDB34F116,9F2352FD-C5E2-599E-AB87-008C83FA07A9,SYN-TR-0041,03B42C84-51CA-5773-8E4C-295473835D66,SYN-MZ-CHK02,A92E98DA-E476-5795-8F0C-D596AF9E41F3,DF566C3D-9326-5887-A566-3CC4EC577554,2007,2,CHECK,FALSE,SYNTHETIC — integrated V2 (fixed),TRUE
33AD78F6-64CF-5295-91D6-91829EC4BB74,9F2352FD-C5E2-599E-AB87-008C83FA07A9,SYN-TR-0041,895C37E3-3402-5903-BB78-18E139F002E0,SYN-MZ-CHK01,42CE60AF-7FF7-55CE-8F13-7705F3D9EF4B,DF566C3D-9326-5887-A566-3CC4EC577554,2008,2,CHECK,FALSE,SYNTHETIC — integrated V2 (fixed),TRUE
52DB359E-83F6-5590-B3FE-DA803D5E333F,9F2352FD-C5E2-599E-AB87-008C83FA07A9,SYN-TR-0041,7E96F35C-0C2F-54B8-98B1-52354D151D67,SYN-MZ-00086,015C76D4-4129-5D75-883E-08D3489FAACD,DF566C3D-9326-5887-A566-3CC4EC577554,3001,3,TRIAL_ENTRY,FALSE,SYNTHETIC — integrated V2 (fixed),TRUE
B5E9435E-E728-5974-BEB9-D8554E5D5EF1,9F2352FD-C5E2-599E-AB87-008C83FA07A9,SYN-TR-0041,03B42C84-51CA-5773-8E4C-295473835D66,SYN-MZ-CHK02,A92E98DA-E476-5795-8F0C-D596AF9E41F3,DF566C3D-9326-5887-A566-3CC4EC577554,3002,3,CHECK,FALSE,SYNTHETIC — integrated V2 (fixed),TRUE
7EECD334-FD53-56E3-8E09-72F8699FD810,9F2352FD-C5E2-599E-AB87-008C83FA07A9,SYN-TR-0041,1DF480F4-4F01-5A4A-A0FE-B2851472B411,SYN-MZ-00085,FE7627BB-EB3A-5A37-8E12-58C7812941B6,DF566C3D-9326-5887-A566-3CC4EC577554,3003,3,TRIAL_ENTRY,FALSE,SYNTHETIC — integrated V2 (fixed),TRUE
34352D4E-C093-517C-965B-170F2A522929,9F2352FD-C5E2-599E-AB87-008C83FA07A9,SYN-TR-0041,895C37E3-3402-5903-BB78-18E139F002E0,SYN-MZ-CHK01,42CE60AF-7FF7-55CE-8F13-7705F3D9EF4B,DF566C3D-9326-5887-A566-3CC4EC577554,3004,3,CHECK,FALSE,SYNTHETIC — integrated V2 (fixed),TRUE
BF532908-B94A-5528-B8A8-D379CE7293D5,9F2352FD-C5E2-599E-AB87-008C83FA07A9,SYN-TR-0041,53D0944B-7E8C-523D-AD45-43CF3C0E1ECC,SYN-MZ-00082,9AE07DE9-439F-5447-900A-60038B27E690,DF566C3D-9326-5887-A566-3CC4EC577554,3005,3,TRIAL_ENTRY,FALSE,SYNTHETIC — integrated V2 (fixed),TRUE
5F287075-7D58-526D-8242-4A92439BF517,9F2352FD-C5E2-599E-AB87-008C83FA07A9,SYN-TR-0041,8940668C-190D-5BCB-95FD-A9FCAD3A0A50,SYN-MZ-00084,1827587C-080D-5A26-9633-E4723F4B0CEA,DF566C3D-9326-5887-A566-3CC4EC577554,3006,3,TRIAL_ENTRY,FALSE,SYNTHETIC — integrated V2 (fixed),TRUE
C1E03647-E004-5533-B4B9-A22770726D40,9F2352FD-C5E2-599E-AB87-008C83FA07A9,SYN-TR-0041,B13508E2-8CB0-595E-803A-083438893C79,SYN-MZ-00081,E94146E7-2D82-5636-853D-B0646138E827,DF566C3D-9326-5887-A566-3CC4EC577554,3007,3,TRIAL_ENTRY,TRUE,SYNTHETIC — integrated V2 (fixed),TRUE
CEC496E0-631B-5050-B512-4790830668C5,9F2352FD-C5E2-599E-AB87-008C83FA07A9,SYN-TR-0041,1776443C-40AD-5505-8CE0-36F14142D18C,SYN-MZ-00083,8996BC47-4653-585E-A87B-B05CB730E3C1,DF566C3D-9326-5887-A566-3CC4EC577554,3008,3,TRIAL_ENTRY,FALSE,SYNTHETIC — integrated V2 (fixed),TRUE
BE0C5963-19B6-581B-A5E4-1EEEFC83E1C5,CA4C1E7C-8AC0-5BB6-B4EC-074C521DED3C,SYN-TR-0042,70C5D805-8AAC-56F1-99F0-208C9D1DBBB6,SYN-MZ-00088,1A4EFB2F-A34E-5168-8E25-BD7ACE398D9C,C0A0B5E1-1B9E-57F9-B45A-ECC671E54ED5,1001,1,TRIAL_ENTRY,FALSE,SYNTHETIC — integrated V2 (fixed),TRUE
C26AABE7-CE47-5628-A34C-FC9F82C48310,CA4C1E7C-8AC0-5BB6-B4EC-074C521DED3C,SYN-TR-0042,1DF480F4-4F01-5A4A-A0FE-B2851472B411,SYN-MZ-00085,FE7627BB-EB3A-5A37-8E12-58C7812941B6,C0A0B5E1-1B9E-57F9-B45A-ECC671E54ED5,1002,1,TRIAL_ENTRY,FALSE,SYNTHETIC — integrated V2 (fixed),TRUE
B107E0D8-FFA4-5C15-BC9C-C540C6336292,CA4C1E7C-8AC0-5BB6-B4EC-074C521DED3C,SYN-TR-0042,03B42C84-51CA-5773-8E4C-295473835D66,SYN-MZ-CHK02,A92E98DA-E476-5795-8F0C-D596AF9E41F3,C0A0B5E1-1B9E-57F9-B45A-ECC671E54ED5,1003,1,CHECK,FALSE,SYNTHETIC — integrated V2 (fixed),TRUE
63947111-B917-521C-81F1-6005E1353F48,CA4C1E7C-8AC0-5BB6-B4EC-074C521DED3C,SYN-TR-0042,8940668C-190D-5BCB-95FD-A9FCAD3A0A50,SYN-MZ-00084,1827587C-080D-5A26-9633-E4723F4B0CEA,C0A0B5E1-1B9E-57F9-B45A-ECC671E54ED5,1004,1,TRIAL_ENTRY,FALSE,SYNTHETIC — integrated V2 (fixed),TRUE
91363F09-573B-5380-9597-7A4F8F9B91C0,CA4C1E7C-8AC0-5BB6-B4EC-074C521DED3C,SYN-TR-0042,7E96F35C-0C2F-54B8-98B1-52354D151D67,SYN-MZ-00086,015C76D4-4129-5D75-883E-08D3489FAACD,C0A0B5E1-1B9E-57F9-B45A-ECC671E54ED5,1005,1,TRIAL_ENTRY,FALSE,SYNTHETIC — integrated V2 (fixed),TRUE
6B5F572A-99C7-553D-99E5-C5C9C271772B,CA4C1E7C-8AC0-5BB6-B4EC-074C521DED3C,SYN-TR-0042,1776443C-40AD-5505-8CE0-36F14142D18C,SYN-MZ-00083,8996BC47-4653-585E-A87B-B05CB730E3C1,C0A0B5E1-1B9E-57F9-B45A-ECC671E54ED5,1006,1,TRIAL_ENTRY,TRUE,SYNTHETIC — integrated V2 (fixed),TRUE
CA09722E-D161-52DF-AE10-78F1E6888CC9,CA4C1E7C-8AC0-5BB6-B4EC-074C521DED3C,SYN-TR-0042,895C37E3-3402-5903-BB78-18E139F002E0,SYN-MZ-CHK01,42CE60AF-7FF7-55CE-8F13-7705F3D9EF4B,C0A0B5E1-1B9E-57F9-B45A-ECC671E54ED5,1007,1,CHECK,FALSE,SYNTHETIC — integrated V2 (fixed),TRUE
CDC20C7C-2AE6-5935-985F-C5C5E21148F3,CA4C1E7C-8AC0-5BB6-B4EC-074C521DED3C,SYN-TR-0042,2866BB0A-D294-5C24-99D2-7179D7D8364C,SYN-MZ-00087,D09AB310-64B2-5FD7-9735-AD26BC3C8FA7,C0A0B5E1-1B9E-57F9-B45A-ECC671E54ED5,1008,1,TRIAL_ENTRY,FALSE,SYNTHETIC — integrated V2 (fixed),TRUE
23279C34-7B0B-52FC-89CE-A0C5643A4335,CA4C1E7C-8AC0-5BB6-B4EC-074C521DED3C,SYN-TR-0042,1DF480F4-4F01-5A4A-A0FE-B2851472B411,SYN-MZ-00085,FE7627BB-EB3A-5A37-8E12-58C7812941B6,C0A0B5E1-1B9E-57F9-B45A-ECC671E54ED5,2001,2,TRIAL_ENTRY,FALSE,SYNTHETIC — integrated V2 (fixed),TRUE
29FCEC97-A7EE-501D-A63F-5B75846D53B2,CA4C1E7C-8AC0-5BB6-B4EC-074C521DED3C,SYN-TR-0042,2866BB0A-D294-5C24-99D2-7179D7D8364C,SYN-MZ-00087,D09AB310-64B2-5FD7-9735-AD26BC3C8FA7,C0A0B5E1-1B9E-57F9-B45A-ECC671E54ED5,2002,2,TRIAL_ENTRY,FALSE,SYNTHETIC — integrated V2 (fixed),TRUE
5DE055EF-9C64-5319-AA4F-4205901069DA,CA4C1E7C-8AC0-5BB6-B4EC-074C521DED3C,SYN-TR-0042,7E96F35C-0C2F-54B8-98B1-52354D151D67,SYN-MZ-00086,015C76D4-4129-5D75-883E-08D3489FAACD,C0A0B5E1-1B9E-57F9-B45A-ECC671E54ED5,2003,2,TRIAL_ENTRY,FALSE,SYNTHETIC — integrated V2 (fixed),TRUE
A3AD2AB2-2B64-5959-AA5B-F3DFAFBEBD7A,CA4C1E7C-8AC0-5BB6-B4EC-074C521DED3C,SYN-TR-0042,895C37E3-3402-5903-BB78-18E139F002E0,SYN-MZ-CHK01,42CE60AF-7FF7-55CE-8F13-7705F3D9EF4B,C0A0B5E1-1B9E-57F9-B45A-ECC671E54ED5,2004,2,CHECK,FALSE,SYNTHETIC — integrated V2 (fixed),TRUE
D282A0D7-E7C1-5540-A68E-589266B86969,CA4C1E7C-8AC0-5BB6-B4EC-074C521DED3C,SYN-TR-0042,03B42C84-51CA-5773-8E4C-295473835D66,SYN-MZ-CHK02,A92E98DA-E476-5795-8F0C-D596AF9E41F3,C0A0B5E1-1B9E-57F9-B45A-ECC671E54ED5,2005,2,CHECK,FALSE,SYNTHETIC — integrated V2 (fixed),TRUE
E82C16F4-87E7-5C50-96AB-D7B14B486E76,CA4C1E7C-8AC0-5BB6-B4EC-074C521DED3C,SYN-TR-0042,8940668C-190D-5BCB-95FD-A9FCAD3A0A50,SYN-MZ-00084,1827587C-080D-5A26-9633-E4723F4B0CEA,C0A0B5E1-1B9E-57F9-B45A-ECC671E54ED5,2006,2,TRIAL_ENTRY,FALSE,SYNTHETIC — integrated V2 (fixed),TRUE
AE000556-6279-5A4B-9FB0-18CF15402B2D,CA4C1E7C-8AC0-5BB6-B4EC-074C521DED3C,SYN-TR-0042,70C5D805-8AAC-56F1-99F0-208C9D1DBBB6,SYN-MZ-00088,1A4EFB2F-A34E-5168-8E25-BD7ACE398D9C,C0A0B5E1-1B9E-57F9-B45A-ECC671E54ED5,2007,2,TRIAL_ENTRY,FALSE,SYNTHETIC — integrated V2 (fixed),TRUE
5643E300-67DD-525D-B974-1E90313DA4C0,CA4C1E7C-8AC0-5BB6-B4EC-074C521DED3C,SYN-TR-0042,1776443C-40AD-5505-8CE0-36F14142D18C,SYN-MZ-00083,8996BC47-4653-585E-A87B-B05CB730E3C1,C0A0B5E1-1B9E-57F9-B45A-ECC671E54ED5,2008,2,TRIAL_ENTRY,TRUE,SYNTHETIC — integrated V2 (fixed),TRUE
E167517B-71F7-500C-B388-A8BCC3277D60,CA4C1E7C-8AC0-5BB6-B4EC-074C521DED3C,SYN-TR-0042,1776443C-40AD-5505-8CE0-36F14142D18C,SYN-MZ-00083,8996BC47-4653-585E-A87B-B05CB730E3C1,C0A0B5E1-1B9E-57F9-B45A-ECC671E54ED5,3001,3,TRIAL_ENTRY,TRUE,SYNTHETIC — integrated V2 (fixed),TRUE
E713FE60-B53A-5FF1-810D-8E743005F347,CA4C1E7C-8AC0-5BB6-B4EC-074C521DED3C,SYN-TR-0042,1DF480F4-4F01-5A4A-A0FE-B2851472B411,SYN-MZ-00085,FE7627BB-EB3A-5A37-8E12-58C7812941B6,C0A0B5E1-1B9E-57F9-B45A-ECC671E54ED5,3002,3,TRIAL_ENTRY,FALSE,SYNTHETIC — integrated V2 (fixed),TRUE
01C4ECAF-1827-5FC9-9EA9-9C0C0ADC0398,CA4C1E7C-8AC0-5BB6-B4EC-074C521DED3C,SYN-TR-0042,70C5D805-8AAC-56F1-99F0-208C9D1DBBB6,SYN-MZ-00088,1A4EFB2F-A34E-5168-8E25-BD7ACE398D9C,C0A0B5E1-1B9E-57F9-B45A-ECC671E54ED5,3003,3,TRIAL_ENTRY,FALSE,SYNTHETIC — integrated V2 (fixed),TRUE
E6E3D267-FFCA-5DAF-8875-F1C30053374B,CA4C1E7C-8AC0-5BB6-B4EC-074C521DED3C,SYN-TR-0042,03B42C84-51CA-5773-8E4C-295473835D66,SYN-MZ-CHK02,A92E98DA-E476-5795-8F0C-D596AF9E41F3,C0A0B5E1-1B9E-57F9-B45A-ECC671E54ED5,3004,3,CHECK,FALSE,SYNTHETIC — integrated V2 (fixed),TRUE
DA3B1313-70DA-5AA5-9472-876AC712F74D,CA4C1E7C-8AC0-5BB6-B4EC-074C521DED3C,SYN-TR-0042,895C37E3-3402-5903-BB78-18E139F002E0,SYN-MZ-CHK01,42CE60AF-7FF7-55CE-8F13-7705F3D9EF4B,C0A0B5E1-1B9E-57F9-B45A-ECC671E54ED5,3005,3,CHECK,FALSE,SYNTHETIC — integrated V2 (fixed),TRUE
7430A282-0330-59CA-A508-D5B4842C7CE0,CA4C1E7C-8AC0-5BB6-B4EC-074C521DED3C,SYN-TR-0042,2866BB0A-D294-5C24-99D2-7179D7D8364C,SYN-MZ-00087,D09AB310-64B2-5FD7-9735-AD26BC3C8FA7,C0A0B5E1-1B9E-57F9-B45A-ECC671E54ED5,3006,3,TRIAL_ENTRY,FALSE,SYNTHETIC — integrated V2 (fixed),TRUE
E79C45BF-2971-5FA9-9AE5-A4C02321AD3A,CA4C1E7C-8AC0-5BB6-B4EC-074C521DED3C,SYN-TR-0042,7E96F35C-0C2F-54B8-98B1-52354D151D67,SYN-MZ-00086,015C76D4-4129-5D75-883E-08D3489FAACD,C0A0B5E1-1B9E-57F9-B45A-ECC671E54ED5,3007,3,TRIAL_ENTRY,FALSE,SYNTHETIC — integrated V2 (fixed),TRUE
BED15215-DB3F-500D-851C-9A6774E1E706,CA4C1E7C-8AC0-5BB6-B4EC-074C521DED3C,SYN-TR-0042,8940668C-190D-5BCB-95FD-A9FCAD3A0A50,SYN-MZ-00084,1827587C-080D-5A26-9633-E4723F4B0CEA,C0A0B5E1-1B9E-57F9-B45A-ECC671E54ED5,3008,3,TRIAL_ENTRY,FALSE,SYNTHETIC — integrated V2 (fixed),TRUE
21F53DB9-AE8A-56B2-829E-3A0D9119216A,A0D44BDB-2608-5450-B575-42E04078C5AE,SYN-TR-0043,1DF480F4-4F01-5A4A-A0FE-B2851472B411,SYN-MZ-00085,FE7627BB-EB3A-5A37-8E12-58C7812941B6,EECA288F-6A70-5156-9EF0-78B4812A0B07,1001,1,TRIAL_ENTRY,TRUE,SYNTHETIC — integrated V2 (fixed),TRUE
C40BFB6C-878B-5B02-A3FD-533C10786F6F,A0D44BDB-2608-5450-B575-42E04078C5AE,SYN-TR-0043,7E96F35C-0C2F-54B8-98B1-52354D151D67,SYN-MZ-00086,015C76D4-4129-5D75-883E-08D3489FAACD,EECA288F-6A70-5156-9EF0-78B4812A0B07,1002,1,TRIAL_ENTRY,FALSE,SYNTHETIC — integrated V2 (fixed),TRUE
FBAF60BA-E86F-5CE8-B709-0CE040BB8FE7,A0D44BDB-2608-5450-B575-42E04078C5AE,SYN-TR-0043,30A919A5-B07D-5B43-8FFC-C5BB2E05CDD2,SYN-MZ-00090,3EAAA953-CE4E-5E52-97CD-8FB57D2175D2,EECA288F-6A70-5156-9EF0-78B4812A0B07,1003,1,TRIAL_ENTRY,FALSE,SYNTHETIC — integrated V2 (fixed),TRUE
F9830032-7370-526A-9D7E-0642181750C0,A0D44BDB-2608-5450-B575-42E04078C5AE,SYN-TR-0043,03B42C84-51CA-5773-8E4C-295473835D66,SYN-MZ-CHK02,A92E98DA-E476-5795-8F0C-D596AF9E41F3,EECA288F-6A70-5156-9EF0-78B4812A0B07,1004,1,CHECK,FALSE,SYNTHETIC — integrated V2 (fixed),TRUE
9E31C0B8-8554-5520-AD59-8C3825CA31DF,A0D44BDB-2608-5450-B575-42E04078C5AE,SYN-TR-0043,895C37E3-3402-5903-BB78-18E139F002E0,SYN-MZ-CHK01,42CE60AF-7FF7-55CE-8F13-7705F3D9EF4B,EECA288F-6A70-5156-9EF0-78B4812A0B07,1005,1,CHECK,FALSE,SYNTHETIC — integrated V2 (fixed),TRUE
44AD5ABA-0DB6-55D1-B72D-EFD96A40D727,A0D44BDB-2608-5450-B575-42E04078C5AE,SYN-TR-0043,70C5D805-8AAC-56F1-99F0-208C9D1DBBB6,SYN-MZ-00088,1A4EFB2F-A34E-5168-8E25-BD7ACE398D9C,EECA288F-6A70-5156-9EF0-78B4812A0B07,1006,1,TRIAL_ENTRY,FALSE,SYNTHETIC — integrated V2 (fixed),TRUE
5F05E6ED-23CA-5B3D-AA8F-42595A3F6CBD,A0D44BDB-2608-5450-B575-42E04078C5AE,SYN-TR-0043,33C68A96-F0D2-56B2-8383-F0E7C98CEDFB,SYN-MZ-00089,31301753-CB84-5FFA-A382-9AE16FBEF283,EECA288F-6A70-5156-9EF0-78B4812A0B07,1007,1,TRIAL_ENTRY,FALSE,SYNTHETIC — integrated V2 (fixed),TRUE
CFF93F82-DB40-5605-9FFF-726206233078,A0D44BDB-2608-5450-B575-42E04078C5AE,SYN-TR-0043,2866BB0A-D294-5C24-99D2-7179D7D8364C,SYN-MZ-00087,D09AB310-64B2-5FD7-9735-AD26BC3C8FA7,EECA288F-6A70-5156-9EF0-78B4812A0B07,1008,1,TRIAL_ENTRY,FALSE,SYNTHETIC — integrated V2 (fixed),TRUE
56D299EE-8D1A-5971-9462-FE0444F8BBBB,A0D44BDB-2608-5450-B575-42E04078C5AE,SYN-TR-0043,895C37E3-3402-5903-BB78-18E139F002E0,SYN-MZ-CHK01,42CE60AF-7FF7-55CE-8F13-7705F3D9EF4B,EECA288F-6A70-5156-9EF0-78B4812A0B07,2001,2,CHECK,FALSE,SYNTHETIC — integrated V2 (fixed),TRUE
7654F764-2C03-5037-8567-77F85706C61F,A0D44BDB-2608-5450-B575-42E04078C5AE,SYN-TR-0043,2866BB0A-D294-5C24-99D2-7179D7D8364C,SYN-MZ-00087,D09AB310-64B2-5FD7-9735-AD26BC3C8FA7,EECA288F-6A70-5156-9EF0-78B4812A0B07,2002,2,TRIAL_ENTRY,FALSE,SYNTHETIC — integrated V2 (fixed),TRUE
41E47E2E-1AF8-5A69-8B6B-8B336DBAE076,A0D44BDB-2608-5450-B575-42E04078C5AE,SYN-TR-0043,30A919A5-B07D-5B43-8FFC-C5BB2E05CDD2,SYN-MZ-00090,3EAAA953-CE4E-5E52-97CD-8FB57D2175D2,EECA288F-6A70-5156-9EF0-78B4812A0B07,2003,2,TRIAL_ENTRY,FALSE,SYNTHETIC — integrated V2 (fixed),TRUE
CFD5432A-C72A-5BAA-8408-F1D2E1581B05,A0D44BDB-2608-5450-B575-42E04078C5AE,SYN-TR-0043,03B42C84-51CA-5773-8E4C-295473835D66,SYN-MZ-CHK02,A92E98DA-E476-5795-8F0C-D596AF9E41F3,EECA288F-6A70-5156-9EF0-78B4812A0B07,2004,2,CHECK,FALSE,SYNTHETIC — integrated V2 (fixed),TRUE
17D9E6E4-173C-5ED5-9541-E634E61546EB,A0D44BDB-2608-5450-B575-42E04078C5AE,SYN-TR-0043,33C68A96-F0D2-56B2-8383-F0E7C98CEDFB,SYN-MZ-00089,31301753-CB84-5FFA-A382-9AE16FBEF283,EECA288F-6A70-5156-9EF0-78B4812A0B07,2005,2,TRIAL_ENTRY,FALSE,SYNTHETIC — integrated V2 (fixed),TRUE
6C7DCFD8-B759-5589-B881-780A241256B5,A0D44BDB-2608-5450-B575-42E04078C5AE,SYN-TR-0043,1DF480F4-4F01-5A4A-A0FE-B2851472B411,SYN-MZ-00085,FE7627BB-EB3A-5A37-8E12-58C7812941B6,EECA288F-6A70-5156-9EF0-78B4812A0B07,2006,2,TRIAL_ENTRY,TRUE,SYNTHETIC — integrated V2 (fixed),TRUE
277535DA-B1E6-5E95-B96F-BB672E4535DD,A0D44BDB-2608-5450-B575-42E04078C5AE,SYN-TR-0043,7E96F35C-0C2F-54B8-98B1-52354D151D67,SYN-MZ-00086,015C76D4-4129-5D75-883E-08D3489FAACD,EECA288F-6A70-5156-9EF0-78B4812A0B07,2007,2,TRIAL_ENTRY,FALSE,SYNTHETIC — integrated V2 (fixed),TRUE
B6C04828-6809-5FD9-B4F3-28E77A248536,A0D44BDB-2608-5450-B575-42E04078C5AE,SYN-TR-0043,70C5D805-8AAC-56F1-99F0-208C9D1DBBB6,SYN-MZ-00088,1A4EFB2F-A34E-5168-8E25-BD7ACE398D9C,EECA288F-6A70-5156-9EF0-78B4812A0B07,2008,2,TRIAL_ENTRY,FALSE,SYNTHETIC — integrated V2 (fixed),TRUE
9F496956-DDA1-5251-83D7-450389966CD3,A0D44BDB-2608-5450-B575-42E04078C5AE,SYN-TR-0043,03B42C84-51CA-5773-8E4C-295473835D66,SYN-MZ-CHK02,A92E98DA-E476-5795-8F0C-D596AF9E41F3,EECA288F-6A70-5156-9EF0-78B4812A0B07,3001,3,CHECK,FALSE,SYNTHETIC — integrated V2 (fixed),TRUE
CD98F20E-413F-5ECF-BFB5-570955E60D86,A0D44BDB-2608-5450-B575-42E04078C5AE,SYN-TR-0043,33C68A96-F0D2-56B2-8383-F0E7C98CEDFB,SYN-MZ-00089,31301753-CB84-5FFA-A382-9AE16FBEF283,EECA288F-6A70-5156-9EF0-78B4812A0B07,3002,3,TRIAL_ENTRY,FALSE,SYNTHETIC — integrated V2 (fixed),TRUE
6FC87D4B-25AC-5C35-90E0-16D785883FE8,A0D44BDB-2608-5450-B575-42E04078C5AE,SYN-TR-0043,1DF480F4-4F01-5A4A-A0FE-B2851472B411,SYN-MZ-00085,FE7627BB-EB3A-5A37-8E12-58C7812941B6,EECA288F-6A70-5156-9EF0-78B4812A0B07,3003,3,TRIAL_ENTRY,TRUE,SYNTHETIC — integrated V2 (fixed),TRUE
5BFE5A0C-1D16-5C18-8CFE-571345F8E22E,A0D44BDB-2608-5450-B575-42E04078C5AE,SYN-TR-0043,7E96F35C-0C2F-54B8-98B1-52354D151D67,SYN-MZ-00086,015C76D4-4129-5D75-883E-08D3489FAACD,EECA288F-6A70-5156-9EF0-78B4812A0B07,3004,3,TRIAL_ENTRY,FALSE,SYNTHETIC — integrated V2 (fixed),TRUE
8855DDA8-2CA0-5A56-B981-2F6644DE7BE6,A0D44BDB-2608-5450-B575-42E04078C5AE,SYN-TR-0043,895C37E3-3402-5903-BB78-18E139F002E0,SYN-MZ-CHK01,42CE60AF-7FF7-55CE-8F13-7705F3D9EF4B,EECA288F-6A70-5156-9EF0-78B4812A0B07,3005,3,CHECK,FALSE,SYNTHETIC — integrated V2 (fixed),TRUE
038283D9-1D65-5D9B-B95F-B89089EAE6F0,A0D44BDB-2608-5450-B575-42E04078C5AE,SYN-TR-0043,2866BB0A-D294-5C24-99D2-7179D7D8364C,SYN-MZ-00087,D09AB310-64B2-5FD7-9735-AD26BC3C8FA7,EECA288F-6A70-5156-9EF0-78B4812A0B07,3006,3,TRIAL_ENTRY,FALSE,SYNTHETIC — integrated V2 (fixed),TRUE
37DDAA68-691E-5B45-B830-C5EA26865567,A0D44BDB-2608-5450-B575-42E04078C5AE,SYN-TR-0043,30A919A5-B07D-5B43-8FFC-C5BB2E05CDD2,SYN-MZ-00090,3EAAA953-CE4E-5E52-97CD-8FB57D2175D2,EECA288F-6A70-5156-9EF0-78B4812A0B07,3007,3,TRIAL_ENTRY,FALSE,SYNTHETIC — integrated V2 (fixed),TRUE
C6A944B9-51A6-51D4-AFB4-E991F9667FCA,A0D44BDB-2608-5450-B575-42E04078C5AE,SYN-TR-0043,70C5D805-8AAC-56F1-99F0-208C9D1DBBB6,SYN-MZ-00088,1A4EFB2F-A34E-5168-8E25-BD7ACE398D9C,EECA288F-6A70-5156-9EF0-78B4812A0B07,3008,3,TRIAL_ENTRY,FALSE,SYNTHETIC — integrated V2 (fixed),TRUE
6FBFD2DA-5654-5B86-AAE5-BA8251C76D5C,FCBA3437-8D73-53D9-A8FC-1E1D562FC980,SYN-TR-0044,895C37E3-3402-5903-BB78-18E139F002E0,SYN-MZ-CHK01,42CE60AF-7FF7-55CE-8F13-7705F3D9EF4B,32E47A72-BE0D-5687-8A17-00A5C50D6CF2,1001,1,CHECK,FALSE,SYNTHETIC — integrated V2 (fixed),TRUE
FAE0741C-6B83-592D-9BBB-488BD8F9D5AA,FCBA3437-8D73-53D9-A8FC-1E1D562FC980,SYN-TR-0044,03B42C84-51CA-5773-8E4C-295473835D66,SYN-MZ-CHK02,A92E98DA-E476-5795-8F0C-D596AF9E41F3,32E47A72-BE0D-5687-8A17-00A5C50D6CF2,1002,1,CHECK,FALSE,SYNTHETIC — integrated V2 (fixed),TRUE
834FC684-BE85-5D70-B9E9-9A91DB415EA0,FCBA3437-8D73-53D9-A8FC-1E1D562FC980,SYN-TR-0044,70C5D805-8AAC-56F1-99F0-208C9D1DBBB6,SYN-MZ-00088,1A4EFB2F-A34E-5168-8E25-BD7ACE398D9C,32E47A72-BE0D-5687-8A17-00A5C50D6CF2,1003,1,TRIAL_ENTRY,FALSE,SYNTHETIC — integrated V2 (fixed),TRUE
F949D8C8-AB92-57A5-A353-D5C91CDB97DE,FCBA3437-8D73-53D9-A8FC-1E1D562FC980,SYN-TR-0044,0FC9E8DF-2F7A-5B37-96BC-8768551066DE,SYN-MZ-00091,F6B629CD-A0EC-5230-90EC-3AEC28B8E263,32E47A72-BE0D-5687-8A17-00A5C50D6CF2,1004,1,TRIAL_ENTRY,FALSE,SYNTHETIC — integrated V2 (fixed),TRUE
9E4BCEDB-7EF3-5E30-BBCE-5BD2D02E0890,FCBA3437-8D73-53D9-A8FC-1E1D562FC980,SYN-TR-0044,33C68A96-F0D2-56B2-8383-F0E7C98CEDFB,SYN-MZ-00089,31301753-CB84-5FFA-A382-9AE16FBEF283,32E47A72-BE0D-5687-8A17-00A5C50D6CF2,1005,1,TRIAL_ENTRY,FALSE,SYNTHETIC — integrated V2 (fixed),TRUE
93C8984F-4BAC-5A65-A9A1-21FC9C64A973,FCBA3437-8D73-53D9-A8FC-1E1D562FC980,SYN-TR-0044,2866BB0A-D294-5C24-99D2-7179D7D8364C,SYN-MZ-00087,D09AB310-64B2-5FD7-9735-AD26BC3C8FA7,32E47A72-BE0D-5687-8A17-00A5C50D6CF2,1006,1,TRIAL_ENTRY,TRUE,SYNTHETIC — integrated V2 (fixed),TRUE
CB556037-5753-54DF-9576-E0846FF23621,FCBA3437-8D73-53D9-A8FC-1E1D562FC980,SYN-TR-0044,30A919A5-B07D-5B43-8FFC-C5BB2E05CDD2,SYN-MZ-00090,3EAAA953-CE4E-5E52-97CD-8FB57D2175D2,32E47A72-BE0D-5687-8A17-00A5C50D6CF2,1007,1,TRIAL_ENTRY,FALSE,SYNTHETIC — integrated V2 (fixed),TRUE
A3BCA866-B44C-507D-B60D-935B836FAE53,FCBA3437-8D73-53D9-A8FC-1E1D562FC980,SYN-TR-0044,940880BA-AB7B-5C5E-BE24-71B87B5D25BE,SYN-MZ-00092,CB52572B-0F6E-545C-A971-FA7A38BA993B,32E47A72-BE0D-5687-8A17-00A5C50D6CF2,1008,1,TRIAL_ENTRY,FALSE,SYNTHETIC — integrated V2 (fixed),TRUE
60A193B2-9C5C-573F-9E36-6EF3C4A79254,FCBA3437-8D73-53D9-A8FC-1E1D562FC980,SYN-TR-0044,940880BA-AB7B-5C5E-BE24-71B87B5D25BE,SYN-MZ-00092,CB52572B-0F6E-545C-A971-FA7A38BA993B,32E47A72-BE0D-5687-8A17-00A5C50D6CF2,2001,2,TRIAL_ENTRY,FALSE,SYNTHETIC — integrated V2 (fixed),TRUE
1607715F-5CA5-5BC2-BA26-A75E661D1907,FCBA3437-8D73-53D9-A8FC-1E1D562FC980,SYN-TR-0044,0FC9E8DF-2F7A-5B37-96BC-8768551066DE,SYN-MZ-00091,F6B629CD-A0EC-5230-90EC-3AEC28B8E263,32E47A72-BE0D-5687-8A17-00A5C50D6CF2,2002,2,TRIAL_ENTRY,FALSE,SYNTHETIC — integrated V2 (fixed),TRUE
AC8E0AB6-AA52-5D18-8C5A-DA1CE50D04CD,FCBA3437-8D73-53D9-A8FC-1E1D562FC980,SYN-TR-0044,70C5D805-8AAC-56F1-99F0-208C9D1DBBB6,SYN-MZ-00088,1A4EFB2F-A34E-5168-8E25-BD7ACE398D9C,32E47A72-BE0D-5687-8A17-00A5C50D6CF2,2003,2,TRIAL_ENTRY,FALSE,SYNTHETIC — integrated V2 (fixed),TRUE
342312C8-A2DA-5E64-BAD3-23C93E874D96,FCBA3437-8D73-53D9-A8FC-1E1D562FC980,SYN-TR-0044,2866BB0A-D294-5C24-99D2-7179D7D8364C,SYN-MZ-00087,D09AB310-64B2-5FD7-9735-AD26BC3C8FA7,32E47A72-BE0D-5687-8A17-00A5C50D6CF2,2004,2,TRIAL_ENTRY,TRUE,SYNTHETIC — integrated V2 (fixed),TRUE
441719E8-BED8-5142-94C0-253A5E744709,FCBA3437-8D73-53D9-A8FC-1E1D562FC980,SYN-TR-0044,33C68A96-F0D2-56B2-8383-F0E7C98CEDFB,SYN-MZ-00089,31301753-CB84-5FFA-A382-9AE16FBEF283,32E47A72-BE0D-5687-8A17-00A5C50D6CF2,2005,2,TRIAL_ENTRY,FALSE,SYNTHETIC — integrated V2 (fixed),TRUE
F5602D75-99FB-5394-A487-8406ED4FD1E4,FCBA3437-8D73-53D9-A8FC-1E1D562FC980,SYN-TR-0044,30A919A5-B07D-5B43-8FFC-C5BB2E05CDD2,SYN-MZ-00090,3EAAA953-CE4E-5E52-97CD-8FB57D2175D2,32E47A72-BE0D-5687-8A17-00A5C50D6CF2,2006,2,TRIAL_ENTRY,FALSE,SYNTHETIC — integrated V2 (fixed),TRUE
507C050E-4498-5F7B-AD21-FD7B73D0A4C9,FCBA3437-8D73-53D9-A8FC-1E1D562FC980,SYN-TR-0044,03B42C84-51CA-5773-8E4C-295473835D66,SYN-MZ-CHK02,A92E98DA-E476-5795-8F0C-D596AF9E41F3,32E47A72-BE0D-5687-8A17-00A5C50D6CF2,2007,2,CHECK,FALSE,SYNTHETIC — integrated V2 (fixed),TRUE
0996D912-FD88-5C41-A8E2-51005DEB63B5,FCBA3437-8D73-53D9-A8FC-1E1D562FC980,SYN-TR-0044,895C37E3-3402-5903-BB78-18E139F002E0,SYN-MZ-CHK01,42CE60AF-7FF7-55CE-8F13-7705F3D9EF4B,32E47A72-BE0D-5687-8A17-00A5C50D6CF2,2008,2,CHECK,FALSE,SYNTHETIC — integrated V2 (fixed),TRUE
2BF71BC7-3A74-5763-BD63-E5691E605B7E,FCBA3437-8D73-53D9-A8FC-1E1D562FC980,SYN-TR-0044,2866BB0A-D294-5C24-99D2-7179D7D8364C,SYN-MZ-00087,D09AB310-64B2-5FD7-9735-AD26BC3C8FA7,32E47A72-BE0D-5687-8A17-00A5C50D6CF2,3001,3,TRIAL_ENTRY,TRUE,SYNTHETIC — integrated V2 (fixed),TRUE
07781AA8-3F47-5CAD-A93E-6024FB1B745A,FCBA3437-8D73-53D9-A8FC-1E1D562FC980,SYN-TR-0044,895C37E3-3402-5903-BB78-18E139F002E0,SYN-MZ-CHK01,42CE60AF-7FF7-55CE-8F13-7705F3D9EF4B,32E47A72-BE0D-5687-8A17-00A5C50D6CF2,3002,3,CHECK,FALSE,SYNTHETIC — integrated V2 (fixed),TRUE
DEBCAC69-FA40-5A87-8A43-2ED928C30BC2,FCBA3437-8D73-53D9-A8FC-1E1D562FC980,SYN-TR-0044,70C5D805-8AAC-56F1-99F0-208C9D1DBBB6,SYN-MZ-00088,1A4EFB2F-A34E-5168-8E25-BD7ACE398D9C,32E47A72-BE0D-5687-8A17-00A5C50D6CF2,3003,3,TRIAL_ENTRY,FALSE,SYNTHETIC — integrated V2 (fixed),TRUE
9A4599F4-B01E-54A8-A031-29658EC7AE7C,FCBA3437-8D73-53D9-A8FC-1E1D562FC980,SYN-TR-0044,33C68A96-F0D2-56B2-8383-F0E7C98CEDFB,SYN-MZ-00089,31301753-CB84-5FFA-A382-9AE16FBEF283,32E47A72-BE0D-5687-8A17-00A5C50D6CF2,3004,3,TRIAL_ENTRY,FALSE,SYNTHETIC — integrated V2 (fixed),TRUE
86FB99D2-16EF-5C53-89B6-1E529A37ECC7,FCBA3437-8D73-53D9-A8FC-1E1D562FC980,SYN-TR-0044,30A919A5-B07D-5B43-8FFC-C5BB2E05CDD2,SYN-MZ-00090,3EAAA953-CE4E-5E52-97CD-8FB57D2175D2,32E47A72-BE0D-5687-8A17-00A5C50D6CF2,3005,3,TRIAL_ENTRY,FALSE,SYNTHETIC — integrated V2 (fixed),TRUE
F18AFAAA-20C1-5EFB-9FC0-435A51E6F408,FCBA3437-8D73-53D9-A8FC-1E1D562FC980,SYN-TR-0044,03B42C84-51CA-5773-8E4C-295473835D66,SYN-MZ-CHK02,A92E98DA-E476-5795-8F0C-D596AF9E41F3,32E47A72-BE0D-5687-8A17-00A5C50D6CF2,3006,3,CHECK,FALSE,SYNTHETIC — integrated V2 (fixed),TRUE
4FB9DCF4-4635-5C10-8BD7-F63BC2B20BFF,FCBA3437-8D73-53D9-A8FC-1E1D562FC980,SYN-TR-0044,940880BA-AB7B-5C5E-BE24-71B87B5D25BE,SYN-MZ-00092,CB52572B-0F6E-545C-A971-FA7A38BA993B,32E47A72-BE0D-5687-8A17-00A5C50D6CF2,3007,3,TRIAL_ENTRY,FALSE,SYNTHETIC — integrated V2 (fixed),TRUE
3B8426A2-14C2-5605-973C-6E4E477E1C42,FCBA3437-8D73-53D9-A8FC-1E1D562FC980,SYN-TR-0044,0FC9E8DF-2F7A-5B37-96BC-8768551066DE,SYN-MZ-00091,F6B629CD-A0EC-5230-90EC-3AEC28B8E263,32E47A72-BE0D-5687-8A17-00A5C50D6CF2,3008,3,TRIAL_ENTRY,FALSE,SYNTHETIC — integrated V2 (fixed),TRUE
F83EC6D9-4AEF-5D81-93AF-C57BFF461C82,F372C1B2-63F3-55E8-ADAF-42AD531CC580,SYN-TR-0045,03B42C84-51CA-5773-8E4C-295473835D66,SYN-MZ-CHK02,A92E98DA-E476-5795-8F0C-D596AF9E41F3,D659A22C-039B-509E-A83D-2AEC5FFBCE81,1001,1,CHECK,FALSE,SYNTHETIC — integrated V2 (fixed),TRUE
7D80EA35-DAFD-50A1-8542-C31193823DAE,F372C1B2-63F3-55E8-ADAF-42AD531CC580,SYN-TR-0045,2C6AA0B0-74B8-5881-AF7F-A0E4DC68084E,SYN-MZ-00093,7128663D-A45B-560A-8A65-C0E3161B62EA,D659A22C-039B-509E-A83D-2AEC5FFBCE81,1002,1,TRIAL_ENTRY,FALSE,SYNTHETIC — integrated V2 (fixed),TRUE
9BC64E15-F953-50AD-AB6B-EA002F781ADB,F372C1B2-63F3-55E8-ADAF-42AD531CC580,SYN-TR-0045,33C68A96-F0D2-56B2-8383-F0E7C98CEDFB,SYN-MZ-00089,31301753-CB84-5FFA-A382-9AE16FBEF283,D659A22C-039B-509E-A83D-2AEC5FFBCE81,1003,1,TRIAL_ENTRY,TRUE,SYNTHETIC — integrated V2 (fixed),TRUE
BE7D9FEB-D911-5A6C-A40B-14D940D73972,F372C1B2-63F3-55E8-ADAF-42AD531CC580,SYN-TR-0045,895C37E3-3402-5903-BB78-18E139F002E0,SYN-MZ-CHK01,42CE60AF-7FF7-55CE-8F13-7705F3D9EF4B,D659A22C-039B-509E-A83D-2AEC5FFBCE81,1004,1,CHECK,FALSE,SYNTHETIC — integrated V2 (fixed),TRUE
50C50F12-7323-57CF-A890-6C2D5EB94BF1,F372C1B2-63F3-55E8-ADAF-42AD531CC580,SYN-TR-0045,379AF3A2-F022-5112-8FBC-475F91FA6D97,SYN-MZ-00094,7E490FE3-B3DA-53C3-86FE-1972B1B6146D,D659A22C-039B-509E-A83D-2AEC5FFBCE81,1005,1,TRIAL_ENTRY,FALSE,SYNTHETIC — integrated V2 (fixed),TRUE
71890666-9E67-502E-8B87-1692CB98CF0A,F372C1B2-63F3-55E8-ADAF-42AD531CC580,SYN-TR-0045,30A919A5-B07D-5B43-8FFC-C5BB2E05CDD2,SYN-MZ-00090,3EAAA953-CE4E-5E52-97CD-8FB57D2175D2,D659A22C-039B-509E-A83D-2AEC5FFBCE81,1006,1,TRIAL_ENTRY,FALSE,SYNTHETIC — integrated V2 (fixed),TRUE
0563A78A-7DF1-5384-BFF5-9C91D05DDA2E,F372C1B2-63F3-55E8-ADAF-42AD531CC580,SYN-TR-0045,940880BA-AB7B-5C5E-BE24-71B87B5D25BE,SYN-MZ-00092,CB52572B-0F6E-545C-A971-FA7A38BA993B,D659A22C-039B-509E-A83D-2AEC5FFBCE81,1007,1,TRIAL_ENTRY,FALSE,SYNTHETIC — integrated V2 (fixed),TRUE
16EF839B-075C-5E26-9E48-6C81D327BF46,F372C1B2-63F3-55E8-ADAF-42AD531CC580,SYN-TR-0045,0FC9E8DF-2F7A-5B37-96BC-8768551066DE,SYN-MZ-00091,F6B629CD-A0EC-5230-90EC-3AEC28B8E263,D659A22C-039B-509E-A83D-2AEC5FFBCE81,1008,1,TRIAL_ENTRY,FALSE,SYNTHETIC — integrated V2 (fixed),TRUE
8F844CC8-AA34-5F7F-BC01-BB27AAE458E9,F372C1B2-63F3-55E8-ADAF-42AD531CC580,SYN-TR-0045,0FC9E8DF-2F7A-5B37-96BC-8768551066DE,SYN-MZ-00091,F6B629CD-A0EC-5230-90EC-3AEC28B8E263,D659A22C-039B-509E-A83D-2AEC5FFBCE81,2001,2,TRIAL_ENTRY,FALSE,SYNTHETIC — integrated V2 (fixed),TRUE
71B6ABF0-99F5-5D98-B973-9F69FFC525A7,F372C1B2-63F3-55E8-ADAF-42AD531CC580,SYN-TR-0045,30A919A5-B07D-5B43-8FFC-C5BB2E05CDD2,SYN-MZ-00090,3EAAA953-CE4E-5E52-97CD-8FB57D2175D2,D659A22C-039B-509E-A83D-2AEC5FFBCE81,2002,2,TRIAL_ENTRY,FALSE,SYNTHETIC — integrated V2 (fixed),TRUE
8723865B-1D8F-5B31-89FB-F876AF2003ED,F372C1B2-63F3-55E8-ADAF-42AD531CC580,SYN-TR-0045,895C37E3-3402-5903-BB78-18E139F002E0,SYN-MZ-CHK01,42CE60AF-7FF7-55CE-8F13-7705F3D9EF4B,D659A22C-039B-509E-A83D-2AEC5FFBCE81,2003,2,CHECK,FALSE,SYNTHETIC — integrated V2 (fixed),TRUE
DC03A947-A0A1-556A-B0EA-2411C4B88230,F372C1B2-63F3-55E8-ADAF-42AD531CC580,SYN-TR-0045,03B42C84-51CA-5773-8E4C-295473835D66,SYN-MZ-CHK02,A92E98DA-E476-5795-8F0C-D596AF9E41F3,D659A22C-039B-509E-A83D-2AEC5FFBCE81,2004,2,CHECK,FALSE,SYNTHETIC — integrated V2 (fixed),TRUE
84868702-638E-5432-A3E0-4B0B138F2207,F372C1B2-63F3-55E8-ADAF-42AD531CC580,SYN-TR-0045,33C68A96-F0D2-56B2-8383-F0E7C98CEDFB,SYN-MZ-00089,31301753-CB84-5FFA-A382-9AE16FBEF283,D659A22C-039B-509E-A83D-2AEC5FFBCE81,2005,2,TRIAL_ENTRY,TRUE,SYNTHETIC — integrated V2 (fixed),TRUE
EA1F587C-2665-5C3C-80C1-7935E94B5491,F372C1B2-63F3-55E8-ADAF-42AD531CC580,SYN-TR-0045,940880BA-AB7B-5C5E-BE24-71B87B5D25BE,SYN-MZ-00092,CB52572B-0F6E-545C-A971-FA7A38BA993B,D659A22C-039B-509E-A83D-2AEC5FFBCE81,2006,2,TRIAL_ENTRY,FALSE,SYNTHETIC — integrated V2 (fixed),TRUE
CF933FFF-BD13-5D6F-B5C8-806914140625,F372C1B2-63F3-55E8-ADAF-42AD531CC580,SYN-TR-0045,2C6AA0B0-74B8-5881-AF7F-A0E4DC68084E,SYN-MZ-00093,7128663D-A45B-560A-8A65-C0E3161B62EA,D659A22C-039B-509E-A83D-2AEC5FFBCE81,2007,2,TRIAL_ENTRY,FALSE,SYNTHETIC — integrated V2 (fixed),TRUE
448D3579-EF06-5985-B2FD-836493B167AF,F372C1B2-63F3-55E8-ADAF-42AD531CC580,SYN-TR-0045,379AF3A2-F022-5112-8FBC-475F91FA6D97,SYN-MZ-00094,7E490FE3-B3DA-53C3-86FE-1972B1B6146D,D659A22C-039B-509E-A83D-2AEC5FFBCE81,2008,2,TRIAL_ENTRY,FALSE,SYNTHETIC — integrated V2 (fixed),TRUE
B162E18A-17B1-5CE9-992B-9881D0F12EAF,F372C1B2-63F3-55E8-ADAF-42AD531CC580,SYN-TR-0045,0FC9E8DF-2F7A-5B37-96BC-8768551066DE,SYN-MZ-00091,F6B629CD-A0EC-5230-90EC-3AEC28B8E263,D659A22C-039B-509E-A83D-2AEC5FFBCE81,3001,3,TRIAL_ENTRY,FALSE,SYNTHETIC — integrated V2 (fixed),TRUE
AD236B63-8136-54D2-AF07-00A1B4922388,F372C1B2-63F3-55E8-ADAF-42AD531CC580,SYN-TR-0045,33C68A96-F0D2-56B2-8383-F0E7C98CEDFB,SYN-MZ-00089,31301753-CB84-5FFA-A382-9AE16FBEF283,D659A22C-039B-509E-A83D-2AEC5FFBCE81,3002,3,TRIAL_ENTRY,TRUE,SYNTHETIC — integrated V2 (fixed),TRUE
9563A969-E9E8-5877-8F04-F56E4203BA74,F372C1B2-63F3-55E8-ADAF-42AD531CC580,SYN-TR-0045,379AF3A2-F022-5112-8FBC-475F91FA6D97,SYN-MZ-00094,7E490FE3-B3DA-53C3-86FE-1972B1B6146D,D659A22C-039B-509E-A83D-2AEC5FFBCE81,3003,3,TRIAL_ENTRY,FALSE,SYNTHETIC — integrated V2 (fixed),TRUE
BE623F6A-1765-58CB-A435-691178D0F381,F372C1B2-63F3-55E8-ADAF-42AD531CC580,SYN-TR-0045,03B42C84-51CA-5773-8E4C-295473835D66,SYN-MZ-CHK02,A92E98DA-E476-5795-8F0C-D596AF9E41F3,D659A22C-039B-509E-A83D-2AEC5FFBCE81,3004,3,CHECK,FALSE,SYNTHETIC — integrated V2 (fixed),TRUE
2B648E33-881A-5DC7-A1C3-B4DF067B0F21,F372C1B2-63F3-55E8-ADAF-42AD531CC580,SYN-TR-0045,30A919A5-B07D-5B43-8FFC-C5BB2E05CDD2,SYN-MZ-00090,3EAAA953-CE4E-5E52-97CD-8FB57D2175D2,D659A22C-039B-509E-A83D-2AEC5FFBCE81,3005,3,TRIAL_ENTRY,FALSE,SYNTHETIC — integrated V2 (fixed),TRUE
4E3B883E-0419-59F2-B1DC-26B922E7C291,F372C1B2-63F3-55E8-ADAF-42AD531CC580,SYN-TR-0045,940880BA-AB7B-5C5E-BE24-71B87B5D25BE,SYN-MZ-00092,CB52572B-0F6E-545C-A971-FA7A38BA993B,D659A22C-039B-509E-A83D-2AEC5FFBCE81,3006,3,TRIAL_ENTRY,FALSE,SYNTHETIC — integrated V2 (fixed),TRUE
CE0B8CBC-9B47-5467-B07C-76FFD911C568,F372C1B2-63F3-55E8-ADAF-42AD531CC580,SYN-TR-0045,2C6AA0B0-74B8-5881-AF7F-A0E4DC68084E,SYN-MZ-00093,7128663D-A45B-560A-8A65-C0E3161B62EA,D659A22C-039B-509E-A83D-2AEC5FFBCE81,3007,3,TRIAL_ENTRY,FALSE,SYNTHETIC — integrated V2 (fixed),TRUE
6A2952A4-F7CC-57BE-8CED-FF59277B9710,F372C1B2-63F3-55E8-ADAF-42AD531CC580,SYN-TR-0045,895C37E3-3402-5903-BB78-18E139F002E0,SYN-MZ-CHK01,42CE60AF-7FF7-55CE-8F13-7705F3D9EF4B,D659A22C-039B-509E-A83D-2AEC5FFBCE81,3008,3,CHECK,FALSE,SYNTHETIC — integrated V2 (fixed),TRUE
016890F2-5560-5B7F-9EF1-5C484CF6BD95,F3B27D6C-CD29-576D-8339-5C8C32E5E4AF,SYN-TR-0046,4265656C-7A38-5B04-870F-0382345E46B7,SYN-MZ-00095,768D7C30-A9EB-551B-BABF-DF571D796274,1A47827B-7B7C-5A41-84C4-FD9B30663584,1001,1,TRIAL_ENTRY,FALSE,SYNTHETIC — integrated V2 (fixed),TRUE
447E0729-7812-5DA2-807D-A1B9EB28ADA1,F3B27D6C-CD29-576D-8339-5C8C32E5E4AF,SYN-TR-0046,0FC9E8DF-2F7A-5B37-96BC-8768551066DE,SYN-MZ-00091,F6B629CD-A0EC-5230-90EC-3AEC28B8E263,1A47827B-7B7C-5A41-84C4-FD9B30663584,1002,1,TRIAL_ENTRY,TRUE,SYNTHETIC — integrated V2 (fixed),TRUE
B5F97113-04CD-52A0-B50B-EF2F07C54841,F3B27D6C-CD29-576D-8339-5C8C32E5E4AF,SYN-TR-0046,7B87D561-B90D-5BFD-97D7-06E49347CFC4,SYN-MZ-00096,F96C929E-9742-53BB-8CD4-7AC6817D4ABE,1A47827B-7B7C-5A41-84C4-FD9B30663584,1003,1,TRIAL_ENTRY,FALSE,SYNTHETIC — integrated V2 (fixed),TRUE
C26991ED-2F92-53A8-8B04-92E231AA899C,F3B27D6C-CD29-576D-8339-5C8C32E5E4AF,SYN-TR-0046,940880BA-AB7B-5C5E-BE24-71B87B5D25BE,SYN-MZ-00092,CB52572B-0F6E-545C-A971-FA7A38BA993B,1A47827B-7B7C-5A41-84C4-FD9B30663584,1004,1,TRIAL_ENTRY,FALSE,SYNTHETIC — integrated V2 (fixed),TRUE
EE22B02F-3BBB-597D-A8B9-E2B3CAB43945,F3B27D6C-CD29-576D-8339-5C8C32E5E4AF,SYN-TR-0046,379AF3A2-F022-5112-8FBC-475F91FA6D97,SYN-MZ-00094,7E490FE3-B3DA-53C3-86FE-1972B1B6146D,1A47827B-7B7C-5A41-84C4-FD9B30663584,1005,1,TRIAL_ENTRY,FALSE,SYNTHETIC — integrated V2 (fixed),TRUE
E6C6D86A-BAD9-5A05-9E7C-9F70A8B6A256,F3B27D6C-CD29-576D-8339-5C8C32E5E4AF,SYN-TR-0046,03B42C84-51CA-5773-8E4C-295473835D66,SYN-MZ-CHK02,A92E98DA-E476-5795-8F0C-D596AF9E41F3,1A47827B-7B7C-5A41-84C4-FD9B30663584,1006,1,CHECK,FALSE,SYNTHETIC — integrated V2 (fixed),TRUE
CE0A6AE9-1561-55A1-8262-7ACFF02D5EC8,F3B27D6C-CD29-576D-8339-5C8C32E5E4AF,SYN-TR-0046,2C6AA0B0-74B8-5881-AF7F-A0E4DC68084E,SYN-MZ-00093,7128663D-A45B-560A-8A65-C0E3161B62EA,1A47827B-7B7C-5A41-84C4-FD9B30663584,1007,1,TRIAL_ENTRY,FALSE,SYNTHETIC — integrated V2 (fixed),TRUE
4F20DED2-2229-5B3A-B20B-B549D2EEA745,F3B27D6C-CD29-576D-8339-5C8C32E5E4AF,SYN-TR-0046,895C37E3-3402-5903-BB78-18E139F002E0,SYN-MZ-CHK01,42CE60AF-7FF7-55CE-8F13-7705F3D9EF4B,1A47827B-7B7C-5A41-84C4-FD9B30663584,1008,1,CHECK,FALSE,SYNTHETIC — integrated V2 (fixed),TRUE
AB8A524F-9528-5AF0-91C1-429CDA823443,F3B27D6C-CD29-576D-8339-5C8C32E5E4AF,SYN-TR-0046,2C6AA0B0-74B8-5881-AF7F-A0E4DC68084E,SYN-MZ-00093,7128663D-A45B-560A-8A65-C0E3161B62EA,1A47827B-7B7C-5A41-84C4-FD9B30663584,2001,2,TRIAL_ENTRY,FALSE,SYNTHETIC — integrated V2 (fixed),TRUE
20B03CE7-D04B-50F4-AE41-8FF0B77D8B56,F3B27D6C-CD29-576D-8339-5C8C32E5E4AF,SYN-TR-0046,7B87D561-B90D-5BFD-97D7-06E49347CFC4,SYN-MZ-00096,F96C929E-9742-53BB-8CD4-7AC6817D4ABE,1A47827B-7B7C-5A41-84C4-FD9B30663584,2002,2,TRIAL_ENTRY,FALSE,SYNTHETIC — integrated V2 (fixed),TRUE
A9EC8984-378A-5077-8269-5F0D11038493,F3B27D6C-CD29-576D-8339-5C8C32E5E4AF,SYN-TR-0046,03B42C84-51CA-5773-8E4C-295473835D66,SYN-MZ-CHK02,A92E98DA-E476-5795-8F0C-D596AF9E41F3,1A47827B-7B7C-5A41-84C4-FD9B30663584,2003,2,CHECK,FALSE,SYNTHETIC — integrated V2 (fixed),TRUE
7B6E7809-9C13-5925-AA88-59C7E0E801C5,F3B27D6C-CD29-576D-8339-5C8C32E5E4AF,SYN-TR-0046,940880BA-AB7B-5C5E-BE24-71B87B5D25BE,SYN-MZ-00092,CB52572B-0F6E-545C-A971-FA7A38BA993B,1A47827B-7B7C-5A41-84C4-FD9B30663584,2004,2,TRIAL_ENTRY,FALSE,SYNTHETIC — integrated V2 (fixed),TRUE
9D692AFF-DE66-5038-89AA-16429C6C3CDB,F3B27D6C-CD29-576D-8339-5C8C32E5E4AF,SYN-TR-0046,0FC9E8DF-2F7A-5B37-96BC-8768551066DE,SYN-MZ-00091,F6B629CD-A0EC-5230-90EC-3AEC28B8E263,1A47827B-7B7C-5A41-84C4-FD9B30663584,2005,2,TRIAL_ENTRY,TRUE,SYNTHETIC — integrated V2 (fixed),TRUE
B9204BBF-DE4D-58C3-90DC-AC4836F02B10,F3B27D6C-CD29-576D-8339-5C8C32E5E4AF,SYN-TR-0046,895C37E3-3402-5903-BB78-18E139F002E0,SYN-MZ-CHK01,42CE60AF-7FF7-55CE-8F13-7705F3D9EF4B,1A47827B-7B7C-5A41-84C4-FD9B30663584,2006,2,CHECK,FALSE,SYNTHETIC — integrated V2 (fixed),TRUE
0A7C3580-66C2-5BCB-8A78-D6DE7FBC5F3B,F3B27D6C-CD29-576D-8339-5C8C32E5E4AF,SYN-TR-0046,379AF3A2-F022-5112-8FBC-475F91FA6D97,SYN-MZ-00094,7E490FE3-B3DA-53C3-86FE-1972B1B6146D,1A47827B-7B7C-5A41-84C4-FD9B30663584,2007,2,TRIAL_ENTRY,FALSE,SYNTHETIC — integrated V2 (fixed),TRUE
4F515D95-D551-5C24-918A-DD0114C4BE95,F3B27D6C-CD29-576D-8339-5C8C32E5E4AF,SYN-TR-0046,4265656C-7A38-5B04-870F-0382345E46B7,SYN-MZ-00095,768D7C30-A9EB-551B-BABF-DF571D796274,1A47827B-7B7C-5A41-84C4-FD9B30663584,2008,2,TRIAL_ENTRY,FALSE,SYNTHETIC — integrated V2 (fixed),TRUE
A6F94EA6-6FC5-5750-8186-C401A6EA4BA0,F3B27D6C-CD29-576D-8339-5C8C32E5E4AF,SYN-TR-0046,379AF3A2-F022-5112-8FBC-475F91FA6D97,SYN-MZ-00094,7E490FE3-B3DA-53C3-86FE-1972B1B6146D,1A47827B-7B7C-5A41-84C4-FD9B30663584,3001,3,TRIAL_ENTRY,FALSE,SYNTHETIC — integrated V2 (fixed),TRUE
8C31F9BD-6928-52FA-A7CF-ECB847FFFAFB,F3B27D6C-CD29-576D-8339-5C8C32E5E4AF,SYN-TR-0046,940880BA-AB7B-5C5E-BE24-71B87B5D25BE,SYN-MZ-00092,CB52572B-0F6E-545C-A971-FA7A38BA993B,1A47827B-7B7C-5A41-84C4-FD9B30663584,3002,3,TRIAL_ENTRY,FALSE,SYNTHETIC — integrated V2 (fixed),TRUE
7C5EE9C1-A386-585A-A4DB-9CC8E8CFC13D,F3B27D6C-CD29-576D-8339-5C8C32E5E4AF,SYN-TR-0046,895C37E3-3402-5903-BB78-18E139F002E0,SYN-MZ-CHK01,42CE60AF-7FF7-55CE-8F13-7705F3D9EF4B,1A47827B-7B7C-5A41-84C4-FD9B30663584,3003,3,CHECK,FALSE,SYNTHETIC — integrated V2 (fixed),TRUE
AFFAFCCF-8020-52B7-85C3-048A458B0520,F3B27D6C-CD29-576D-8339-5C8C32E5E4AF,SYN-TR-0046,03B42C84-51CA-5773-8E4C-295473835D66,SYN-MZ-CHK02,A92E98DA-E476-5795-8F0C-D596AF9E41F3,1A47827B-7B7C-5A41-84C4-FD9B30663584,3004,3,CHECK,FALSE,SYNTHETIC — integrated V2 (fixed),TRUE
DB50E941-DDDD-544D-81AE-997F18782239,F3B27D6C-CD29-576D-8339-5C8C32E5E4AF,SYN-TR-0046,0FC9E8DF-2F7A-5B37-96BC-8768551066DE,SYN-MZ-00091,F6B629CD-A0EC-5230-90EC-3AEC28B8E263,1A47827B-7B7C-5A41-84C4-FD9B30663584,3005,3,TRIAL_ENTRY,TRUE,SYNTHETIC — integrated V2 (fixed),TRUE
19B00411-D360-53AE-95BC-FDA82FCF77D8,F3B27D6C-CD29-576D-8339-5C8C32E5E4AF,SYN-TR-0046,2C6AA0B0-74B8-5881-AF7F-A0E4DC68084E,SYN-MZ-00093,7128663D-A45B-560A-8A65-C0E3161B62EA,1A47827B-7B7C-5A41-84C4-FD9B30663584,3006,3,TRIAL_ENTRY,FALSE,SYNTHETIC — integrated V2 (fixed),TRUE
E1F37278-12D3-5742-9B38-F3789C2D5AAB,F3B27D6C-CD29-576D-8339-5C8C32E5E4AF,SYN-TR-0046,4265656C-7A38-5B04-870F-0382345E46B7,SYN-MZ-00095,768D7C30-A9EB-551B-BABF-DF571D796274,1A47827B-7B7C-5A41-84C4-FD9B30663584,3007,3,TRIAL_ENTRY,FALSE,SYNTHETIC — integrated V2 (fixed),TRUE
D2B52A05-BC80-5A4E-969A-170B0B294DC8,F3B27D6C-CD29-576D-8339-5C8C32E5E4AF,SYN-TR-0046,7B87D561-B90D-5BFD-97D7-06E49347CFC4,SYN-MZ-00096,F96C929E-9742-53BB-8CD4-7AC6817D4ABE,1A47827B-7B7C-5A41-84C4-FD9B30663584,3008,3,TRIAL_ENTRY,FALSE,SYNTHETIC — integrated V2 (fixed),TRUE
80FFE469-9BBC-5E48-BE6D-3A4F071B185F,99C4D8C9-F6E6-5684-8A9E-9A7649AAAA19,SYN-TR-0047,4265656C-7A38-5B04-870F-0382345E46B7,SYN-MZ-00095,768D7C30-A9EB-551B-BABF-DF571D796274,B4791817-EF22-5DD1-BDF9-21B8B2D3EABC,1001,1,TRIAL_ENTRY,FALSE,SYNTHETIC — integrated V2 (fixed),TRUE
CE043AF1-BA2A-5E95-A6F5-DE5BAF564CC6,99C4D8C9-F6E6-5684-8A9E-9A7649AAAA19,SYN-TR-0047,895C37E3-3402-5903-BB78-18E139F002E0,SYN-MZ-CHK01,42CE60AF-7FF7-55CE-8F13-7705F3D9EF4B,B4791817-EF22-5DD1-BDF9-21B8B2D3EABC,1002,1,CHECK,FALSE,SYNTHETIC — integrated V2 (fixed),TRUE
0D5CC05F-1D66-528C-8AD0-79B9F2E8A091,99C4D8C9-F6E6-5684-8A9E-9A7649AAAA19,SYN-TR-0047,80342D18-DE48-5965-9D36-F804CFB33A6A,SYN-MZ-00097,2686665D-DC28-5860-9B6C-A59E9A87B2EC,B4791817-EF22-5DD1-BDF9-21B8B2D3EABC,1003,1,TRIAL_ENTRY,FALSE,SYNTHETIC — integrated V2 (fixed),TRUE
87029A1E-384A-5364-9557-96F3CECF3AFB,99C4D8C9-F6E6-5684-8A9E-9A7649AAAA19,SYN-TR-0047,E4649EAD-58A5-57C7-8B46-6215401FFEE3,SYN-MZ-00098,360B3A6D-4C08-5664-B2C6-C9EEF6936823,B4791817-EF22-5DD1-BDF9-21B8B2D3EABC,1004,1,TRIAL_ENTRY,FALSE,SYNTHETIC — integrated V2 (fixed),TRUE
66343E6A-F29F-5B15-9EAF-4E0287108273,99C4D8C9-F6E6-5684-8A9E-9A7649AAAA19,SYN-TR-0047,379AF3A2-F022-5112-8FBC-475F91FA6D97,SYN-MZ-00094,7E490FE3-B3DA-53C3-86FE-1972B1B6146D,B4791817-EF22-5DD1-BDF9-21B8B2D3EABC,1005,1,TRIAL_ENTRY,FALSE,SYNTHETIC — integrated V2 (fixed),TRUE
BC68F713-DED4-5E21-B7CA-01CBFADD05FA,99C4D8C9-F6E6-5684-8A9E-9A7649AAAA19,SYN-TR-0047,2C6AA0B0-74B8-5881-AF7F-A0E4DC68084E,SYN-MZ-00093,7128663D-A45B-560A-8A65-C0E3161B62EA,B4791817-EF22-5DD1-BDF9-21B8B2D3EABC,1006,1,TRIAL_ENTRY,TRUE,SYNTHETIC — integrated V2 (fixed),TRUE
995D5DC5-335C-5CF8-B794-653D35CE13B2,99C4D8C9-F6E6-5684-8A9E-9A7649AAAA19,SYN-TR-0047,03B42C84-51CA-5773-8E4C-295473835D66,SYN-MZ-CHK02,A92E98DA-E476-5795-8F0C-D596AF9E41F3,B4791817-EF22-5DD1-BDF9-21B8B2D3EABC,1007,1,CHECK,FALSE,SYNTHETIC — integrated V2 (fixed),TRUE
D22FBC53-9B11-525B-9123-BEB50FBD4D0B,99C4D8C9-F6E6-5684-8A9E-9A7649AAAA19,SYN-TR-0047,7B87D561-B90D-5BFD-97D7-06E49347CFC4,SYN-MZ-00096,F96C929E-9742-53BB-8CD4-7AC6817D4ABE,B4791817-EF22-5DD1-BDF9-21B8B2D3EABC,1008,1,TRIAL_ENTRY,FALSE,SYNTHETIC — integrated V2 (fixed),TRUE
508D55C4-75A6-551B-AEC7-E68A3362407A,99C4D8C9-F6E6-5684-8A9E-9A7649AAAA19,SYN-TR-0047,895C37E3-3402-5903-BB78-18E139F002E0,SYN-MZ-CHK01,42CE60AF-7FF7-55CE-8F13-7705F3D9EF4B,B4791817-EF22-5DD1-BDF9-21B8B2D3EABC,2001,2,CHECK,FALSE,SYNTHETIC — integrated V2 (fixed),TRUE
50573147-9007-54B5-87FC-6C2907AB157A,99C4D8C9-F6E6-5684-8A9E-9A7649AAAA19,SYN-TR-0047,E4649EAD-58A5-57C7-8B46-6215401FFEE3,SYN-MZ-00098,360B3A6D-4C08-5664-B2C6-C9EEF6936823,B4791817-EF22-5DD1-BDF9-21B8B2D3EABC,2002,2,TRIAL_ENTRY,FALSE,SYNTHETIC — integrated V2 (fixed),TRUE
4C51E50B-332D-5ED4-9DDF-694519447368,99C4D8C9-F6E6-5684-8A9E-9A7649AAAA19,SYN-TR-0047,7B87D561-B90D-5BFD-97D7-06E49347CFC4,SYN-MZ-00096,F96C929E-9742-53BB-8CD4-7AC6817D4ABE,B4791817-EF22-5DD1-BDF9-21B8B2D3EABC,2003,2,TRIAL_ENTRY,FALSE,SYNTHETIC — integrated V2 (fixed),TRUE
E15AEDC2-769A-5E60-973B-917B8AE2B274,99C4D8C9-F6E6-5684-8A9E-9A7649AAAA19,SYN-TR-0047,80342D18-DE48-5965-9D36-F804CFB33A6A,SYN-MZ-00097,2686665D-DC28-5860-9B6C-A59E9A87B2EC,B4791817-EF22-5DD1-BDF9-21B8B2D3EABC,2004,2,TRIAL_ENTRY,FALSE,SYNTHETIC — integrated V2 (fixed),TRUE
1409736B-C5EC-5004-BE43-E1D2F0DFCDC9,99C4D8C9-F6E6-5684-8A9E-9A7649AAAA19,SYN-TR-0047,379AF3A2-F022-5112-8FBC-475F91FA6D97,SYN-MZ-00094,7E490FE3-B3DA-53C3-86FE-1972B1B6146D,B4791817-EF22-5DD1-BDF9-21B8B2D3EABC,2005,2,TRIAL_ENTRY,FALSE,SYNTHETIC — integrated V2 (fixed),TRUE
2B066CF7-A1F7-5F8A-800E-E7BC203F5FF9,99C4D8C9-F6E6-5684-8A9E-9A7649AAAA19,SYN-TR-0047,4265656C-7A38-5B04-870F-0382345E46B7,SYN-MZ-00095,768D7C30-A9EB-551B-BABF-DF571D796274,B4791817-EF22-5DD1-BDF9-21B8B2D3EABC,2006,2,TRIAL_ENTRY,FALSE,SYNTHETIC — integrated V2 (fixed),TRUE
6936EC12-37B4-5B3E-96B2-335718595BA4,99C4D8C9-F6E6-5684-8A9E-9A7649AAAA19,SYN-TR-0047,03B42C84-51CA-5773-8E4C-295473835D66,SYN-MZ-CHK02,A92E98DA-E476-5795-8F0C-D596AF9E41F3,B4791817-EF22-5DD1-BDF9-21B8B2D3EABC,2007,2,CHECK,FALSE,SYNTHETIC — integrated V2 (fixed),TRUE
B44BDCBA-84CD-5F06-8B3B-E76E6E1D2DF3,99C4D8C9-F6E6-5684-8A9E-9A7649AAAA19,SYN-TR-0047,2C6AA0B0-74B8-5881-AF7F-A0E4DC68084E,SYN-MZ-00093,7128663D-A45B-560A-8A65-C0E3161B62EA,B4791817-EF22-5DD1-BDF9-21B8B2D3EABC,2008,2,TRIAL_ENTRY,TRUE,SYNTHETIC — integrated V2 (fixed),TRUE
881E497D-A511-5BF9-8DF4-318FFEF34D3D,99C4D8C9-F6E6-5684-8A9E-9A7649AAAA19,SYN-TR-0047,03B42C84-51CA-5773-8E4C-295473835D66,SYN-MZ-CHK02,A92E98DA-E476-5795-8F0C-D596AF9E41F3,B4791817-EF22-5DD1-BDF9-21B8B2D3EABC,3001,3,CHECK,FALSE,SYNTHETIC — integrated V2 (fixed),TRUE
C4E758A6-0E43-576E-B916-391061BD3C85,99C4D8C9-F6E6-5684-8A9E-9A7649AAAA19,SYN-TR-0047,895C37E3-3402-5903-BB78-18E139F002E0,SYN-MZ-CHK01,42CE60AF-7FF7-55CE-8F13-7705F3D9EF4B,B4791817-EF22-5DD1-BDF9-21B8B2D3EABC,3002,3,CHECK,FALSE,SYNTHETIC — integrated V2 (fixed),TRUE
C762E869-CF54-5945-A40B-32D904D7EB2D,99C4D8C9-F6E6-5684-8A9E-9A7649AAAA19,SYN-TR-0047,379AF3A2-F022-5112-8FBC-475F91FA6D97,SYN-MZ-00094,7E490FE3-B3DA-53C3-86FE-1972B1B6146D,B4791817-EF22-5DD1-BDF9-21B8B2D3EABC,3003,3,TRIAL_ENTRY,FALSE,SYNTHETIC — integrated V2 (fixed),TRUE
E4134D17-EB0E-5E02-A305-A92D03181445,99C4D8C9-F6E6-5684-8A9E-9A7649AAAA19,SYN-TR-0047,80342D18-DE48-5965-9D36-F804CFB33A6A,SYN-MZ-00097,2686665D-DC28-5860-9B6C-A59E9A87B2EC,B4791817-EF22-5DD1-BDF9-21B8B2D3EABC,3004,3,TRIAL_ENTRY,FALSE,SYNTHETIC — integrated V2 (fixed),TRUE
73BD2ED3-C3A8-501C-BCD2-92418C360B9A,99C4D8C9-F6E6-5684-8A9E-9A7649AAAA19,SYN-TR-0047,2C6AA0B0-74B8-5881-AF7F-A0E4DC68084E,SYN-MZ-00093,7128663D-A45B-560A-8A65-C0E3161B62EA,B4791817-EF22-5DD1-BDF9-21B8B2D3EABC,3005,3,TRIAL_ENTRY,TRUE,SYNTHETIC — integrated V2 (fixed),TRUE
5BD710DC-A67F-56AC-AF37-0870B4576F30,99C4D8C9-F6E6-5684-8A9E-9A7649AAAA19,SYN-TR-0047,E4649EAD-58A5-57C7-8B46-6215401FFEE3,SYN-MZ-00098,360B3A6D-4C08-5664-B2C6-C9EEF6936823,B4791817-EF22-5DD1-BDF9-21B8B2D3EABC,3006,3,TRIAL_ENTRY,FALSE,SYNTHETIC — integrated V2 (fixed),TRUE
5D48EE3B-0ABD-5857-9210-0BE07AACC805,99C4D8C9-F6E6-5684-8A9E-9A7649AAAA19,SYN-TR-0047,7B87D561-B90D-5BFD-97D7-06E49347CFC4,SYN-MZ-00096,F96C929E-9742-53BB-8CD4-7AC6817D4ABE,B4791817-EF22-5DD1-BDF9-21B8B2D3EABC,3007,3,TRIAL_ENTRY,FALSE,SYNTHETIC — integrated V2 (fixed),TRUE
D7089E22-4A72-5F34-AB5E-7172C0FE306B,99C4D8C9-F6E6-5684-8A9E-9A7649AAAA19,SYN-TR-0047,4265656C-7A38-5B04-870F-0382345E46B7,SYN-MZ-00095,768D7C30-A9EB-551B-BABF-DF571D796274,B4791817-EF22-5DD1-BDF9-21B8B2D3EABC,3008,3,TRIAL_ENTRY,FALSE,SYNTHETIC — integrated V2 (fixed),TRUE
F57D6A31-6360-5371-89B2-F1A78DF06F6A,72971651-5696-5B89-8D2C-A3B5DB2F1D84,SYN-TR-0048,E4649EAD-58A5-57C7-8B46-6215401FFEE3,SYN-MZ-00098,360B3A6D-4C08-5664-B2C6-C9EEF6936823,09E6A451-1F9D-5DB8-9CD3-208EC0B40283,1001,1,TRIAL_ENTRY,FALSE,SYNTHETIC — integrated V2 (fixed),TRUE
03370BB7-2F0F-53CD-BF5F-4FD15345D075,72971651-5696-5B89-8D2C-A3B5DB2F1D84,SYN-TR-0048,03B42C84-51CA-5773-8E4C-295473835D66,SYN-MZ-CHK02,A92E98DA-E476-5795-8F0C-D596AF9E41F3,09E6A451-1F9D-5DB8-9CD3-208EC0B40283,1002,1,CHECK,FALSE,SYNTHETIC — integrated V2 (fixed),TRUE
489F7896-F591-5091-BBE3-638F74530B01,72971651-5696-5B89-8D2C-A3B5DB2F1D84,SYN-TR-0048,7B87D561-B90D-5BFD-97D7-06E49347CFC4,SYN-MZ-00096,F96C929E-9742-53BB-8CD4-7AC6817D4ABE,09E6A451-1F9D-5DB8-9CD3-208EC0B40283,1003,1,TRIAL_ENTRY,FALSE,SYNTHETIC — integrated V2 (fixed),TRUE
25007480-7AF8-5B61-8196-8E8D58227816,72971651-5696-5B89-8D2C-A3B5DB2F1D84,SYN-TR-0048,80342D18-DE48-5965-9D36-F804CFB33A6A,SYN-MZ-00097,2686665D-DC28-5860-9B6C-A59E9A87B2EC,09E6A451-1F9D-5DB8-9CD3-208EC0B40283,1004,1,TRIAL_ENTRY,FALSE,SYNTHETIC — integrated V2 (fixed),TRUE
C0BE856B-6DDA-58EF-A9C7-EFDEAA25496C,72971651-5696-5B89-8D2C-A3B5DB2F1D84,SYN-TR-0048,EB3CC5B4-5306-5D95-8FC0-A6D315636DAC,SYN-MZ-00099,351036F9-04E3-585C-9456-36D848F1BB94,09E6A451-1F9D-5DB8-9CD3-208EC0B40283,1005,1,TRIAL_ENTRY,FALSE,SYNTHETIC — integrated V2 (fixed),TRUE
A08396E0-BB74-5421-968B-1CF2C1D0A0E4,72971651-5696-5B89-8D2C-A3B5DB2F1D84,SYN-TR-0048,4265656C-7A38-5B04-870F-0382345E46B7,SYN-MZ-00095,768D7C30-A9EB-551B-BABF-DF571D796274,09E6A451-1F9D-5DB8-9CD3-208EC0B40283,1006,1,TRIAL_ENTRY,TRUE,SYNTHETIC — integrated V2 (fixed),TRUE
AD140896-A302-5700-9D07-FA6E7D6C5885,72971651-5696-5B89-8D2C-A3B5DB2F1D84,SYN-TR-0048,895C37E3-3402-5903-BB78-18E139F002E0,SYN-MZ-CHK01,42CE60AF-7FF7-55CE-8F13-7705F3D9EF4B,09E6A451-1F9D-5DB8-9CD3-208EC0B40283,1007,1,CHECK,FALSE,SYNTHETIC — integrated V2 (fixed),TRUE
7CEB1115-C341-5BAB-B01B-7A2D3EC65F21,72971651-5696-5B89-8D2C-A3B5DB2F1D84,SYN-TR-0048,304B66ED-814D-55CC-98B7-61DD44128E03,SYN-MZ-00100,48CB0E34-C7A7-538C-8D77-97A0FBD456BE,09E6A451-1F9D-5DB8-9CD3-208EC0B40283,1008,1,TRIAL_ENTRY,FALSE,SYNTHETIC — integrated V2 (fixed),TRUE
382C88AA-9040-54B9-950F-FA30706C6F10,72971651-5696-5B89-8D2C-A3B5DB2F1D84,SYN-TR-0048,7B87D561-B90D-5BFD-97D7-06E49347CFC4,SYN-MZ-00096,F96C929E-9742-53BB-8CD4-7AC6817D4ABE,09E6A451-1F9D-5DB8-9CD3-208EC0B40283,2001,2,TRIAL_ENTRY,FALSE,SYNTHETIC — integrated V2 (fixed),TRUE
2C896D80-361E-5192-A125-BF15616BA295,72971651-5696-5B89-8D2C-A3B5DB2F1D84,SYN-TR-0048,304B66ED-814D-55CC-98B7-61DD44128E03,SYN-MZ-00100,48CB0E34-C7A7-538C-8D77-97A0FBD456BE,09E6A451-1F9D-5DB8-9CD3-208EC0B40283,2002,2,TRIAL_ENTRY,FALSE,SYNTHETIC — integrated V2 (fixed),TRUE
3866F968-388C-5D86-AE3A-51C515C56E98,72971651-5696-5B89-8D2C-A3B5DB2F1D84,SYN-TR-0048,4265656C-7A38-5B04-870F-0382345E46B7,SYN-MZ-00095,768D7C30-A9EB-551B-BABF-DF571D796274,09E6A451-1F9D-5DB8-9CD3-208EC0B40283,2003,2,TRIAL_ENTRY,TRUE,SYNTHETIC — integrated V2 (fixed),TRUE
2FDDEE16-B45A-5996-ABCD-9C8D4D259B75,72971651-5696-5B89-8D2C-A3B5DB2F1D84,SYN-TR-0048,EB3CC5B4-5306-5D95-8FC0-A6D315636DAC,SYN-MZ-00099,351036F9-04E3-585C-9456-36D848F1BB94,09E6A451-1F9D-5DB8-9CD3-208EC0B40283,2004,2,TRIAL_ENTRY,FALSE,SYNTHETIC — integrated V2 (fixed),TRUE
9A60B8FB-3145-55C5-BC64-238993085273,72971651-5696-5B89-8D2C-A3B5DB2F1D84,SYN-TR-0048,E4649EAD-58A5-57C7-8B46-6215401FFEE3,SYN-MZ-00098,360B3A6D-4C08-5664-B2C6-C9EEF6936823,09E6A451-1F9D-5DB8-9CD3-208EC0B40283,2005,2,TRIAL_ENTRY,FALSE,SYNTHETIC — integrated V2 (fixed),TRUE
F2F4EACF-4736-535B-B0F6-D23E1B99DF27,72971651-5696-5B89-8D2C-A3B5DB2F1D84,SYN-TR-0048,80342D18-DE48-5965-9D36-F804CFB33A6A,SYN-MZ-00097,2686665D-DC28-5860-9B6C-A59E9A87B2EC,09E6A451-1F9D-5DB8-9CD3-208EC0B40283,2006,2,TRIAL_ENTRY,FALSE,SYNTHETIC — integrated V2 (fixed),TRUE
1379A912-A207-5D74-9166-07E7C5915E17,72971651-5696-5B89-8D2C-A3B5DB2F1D84,SYN-TR-0048,895C37E3-3402-5903-BB78-18E139F002E0,SYN-MZ-CHK01,42CE60AF-7FF7-55CE-8F13-7705F3D9EF4B,09E6A451-1F9D-5DB8-9CD3-208EC0B40283,2007,2,CHECK,FALSE,SYNTHETIC — integrated V2 (fixed),TRUE
08AA65D8-689A-5403-BAAB-F28F533791E6,72971651-5696-5B89-8D2C-A3B5DB2F1D84,SYN-TR-0048,03B42C84-51CA-5773-8E4C-295473835D66,SYN-MZ-CHK02,A92E98DA-E476-5795-8F0C-D596AF9E41F3,09E6A451-1F9D-5DB8-9CD3-208EC0B40283,2008,2,CHECK,FALSE,SYNTHETIC — integrated V2 (fixed),TRUE
847CEDC0-1CA2-53C2-953F-F1D19E1EEDD7,72971651-5696-5B89-8D2C-A3B5DB2F1D84,SYN-TR-0048,7B87D561-B90D-5BFD-97D7-06E49347CFC4,SYN-MZ-00096,F96C929E-9742-53BB-8CD4-7AC6817D4ABE,09E6A451-1F9D-5DB8-9CD3-208EC0B40283,3001,3,TRIAL_ENTRY,FALSE,SYNTHETIC — integrated V2 (fixed),TRUE
77C42A68-85F1-59D4-B965-81195B898D6B,72971651-5696-5B89-8D2C-A3B5DB2F1D84,SYN-TR-0048,03B42C84-51CA-5773-8E4C-295473835D66,SYN-MZ-CHK02,A92E98DA-E476-5795-8F0C-D596AF9E41F3,09E6A451-1F9D-5DB8-9CD3-208EC0B40283,3002,3,CHECK,FALSE,SYNTHETIC — integrated V2 (fixed),TRUE
38C5C4BB-01DC-5CC0-8CDE-EE4A4CBD15EC,72971651-5696-5B89-8D2C-A3B5DB2F1D84,SYN-TR-0048,EB3CC5B4-5306-5D95-8FC0-A6D315636DAC,SYN-MZ-00099,351036F9-04E3-585C-9456-36D848F1BB94,09E6A451-1F9D-5DB8-9CD3-208EC0B40283,3003,3,TRIAL_ENTRY,FALSE,SYNTHETIC — integrated V2 (fixed),TRUE
FA584B68-6389-5BA1-A451-DD74507CCB02,72971651-5696-5B89-8D2C-A3B5DB2F1D84,SYN-TR-0048,304B66ED-814D-55CC-98B7-61DD44128E03,SYN-MZ-00100,48CB0E34-C7A7-538C-8D77-97A0FBD456BE,09E6A451-1F9D-5DB8-9CD3-208EC0B40283,3004,3,TRIAL_ENTRY,FALSE,SYNTHETIC — integrated V2 (fixed),TRUE
AAF3C63F-2E55-5065-9171-55551B849007,72971651-5696-5B89-8D2C-A3B5DB2F1D84,SYN-TR-0048,80342D18-DE48-5965-9D36-F804CFB33A6A,SYN-MZ-00097,2686665D-DC28-5860-9B6C-A59E9A87B2EC,09E6A451-1F9D-5DB8-9CD3-208EC0B40283,3005,3,TRIAL_ENTRY,FALSE,SYNTHETIC — integrated V2 (fixed),TRUE
4B0CD9FE-3EE5-5324-88CB-C64C2162BC63,72971651-5696-5B89-8D2C-A3B5DB2F1D84,SYN-TR-0048,895C37E3-3402-5903-BB78-18E139F002E0,SYN-MZ-CHK01,42CE60AF-7FF7-55CE-8F13-7705F3D9EF4B,09E6A451-1F9D-5DB8-9CD3-208EC0B40283,3006,3,CHECK,FALSE,SYNTHETIC — integrated V2 (fixed),TRUE
37B00D74-CFD6-5B6F-AB28-D8AFB302ED41,72971651-5696-5B89-8D2C-A3B5DB2F1D84,SYN-TR-0048,4265656C-7A38-5B04-870F-0382345E46B7,SYN-MZ-00095,768D7C30-A9EB-551B-BABF-DF571D796274,09E6A451-1F9D-5DB8-9CD3-208EC0B40283,3007,3,TRIAL_ENTRY,TRUE,SYNTHETIC — integrated V2 (fixed),TRUE
97B96F91-35AA-5186-8049-111DB49CC195,72971651-5696-5B89-8D2C-A3B5DB2F1D84,SYN-TR-0048,E4649EAD-58A5-57C7-8B46-6215401FFEE3,SYN-MZ-00098,360B3A6D-4C08-5664-B2C6-C9EEF6936823,09E6A451-1F9D-5DB8-9CD3-208EC0B40283,3008,3,TRIAL_ENTRY,FALSE,SYNTHETIC — integrated V2 (fixed),TRUE
1A156482-18AA-5B38-84FB-1414D1AA8FA5,FCA70E85-07AE-52C0-BA71-1A0749F495E8,SYN-TR-0049,304B66ED-814D-55CC-98B7-61DD44128E03,SYN-MZ-00100,48CB0E34-C7A7-538C-8D77-97A0FBD456BE,1010D37E-ACCB-5A59-BC54-30D605034B64,1001,1,TRIAL_ENTRY,FALSE,SYNTHETIC — integrated V2 (fixed),TRUE
0C444CD1-3DBF-5D99-B1EA-35967AEE3EBE,FCA70E85-07AE-52C0-BA71-1A0749F495E8,SYN-TR-0049,3AD75EC5-AEFA-5A56-9854-25EA1D3F7092,SYN-MZ-00102,AE07BAFA-2B8A-5B92-8E8F-04B0AAB99D3B,1010D37E-ACCB-5A59-BC54-30D605034B64,1002,1,TRIAL_ENTRY,FALSE,SYNTHETIC — integrated V2 (fixed),TRUE
E9D8ED9E-8F1D-5C62-A2F1-D661A991821F,FCA70E85-07AE-52C0-BA71-1A0749F495E8,SYN-TR-0049,895C37E3-3402-5903-BB78-18E139F002E0,SYN-MZ-CHK01,42CE60AF-7FF7-55CE-8F13-7705F3D9EF4B,1010D37E-ACCB-5A59-BC54-30D605034B64,1003,1,CHECK,FALSE,SYNTHETIC — integrated V2 (fixed),TRUE
ED621321-9C07-57CD-BA88-58AA1721639B,FCA70E85-07AE-52C0-BA71-1A0749F495E8,SYN-TR-0049,E4649EAD-58A5-57C7-8B46-6215401FFEE3,SYN-MZ-00098,360B3A6D-4C08-5664-B2C6-C9EEF6936823,1010D37E-ACCB-5A59-BC54-30D605034B64,1004,1,TRIAL_ENTRY,FALSE,SYNTHETIC — integrated V2 (fixed),TRUE
63A2149F-5B5B-5A3C-B716-0F7EC97AEB4F,FCA70E85-07AE-52C0-BA71-1A0749F495E8,SYN-TR-0049,03B42C84-51CA-5773-8E4C-295473835D66,SYN-MZ-CHK02,A92E98DA-E476-5795-8F0C-D596AF9E41F3,1010D37E-ACCB-5A59-BC54-30D605034B64,1005,1,CHECK,FALSE,SYNTHETIC — integrated V2 (fixed),TRUE
2AE66DAC-E63F-5207-8553-7A871FDFF1FA,FCA70E85-07AE-52C0-BA71-1A0749F495E8,SYN-TR-0049,DA447553-1807-5120-B084-80712E4595A5,SYN-MZ-00101,26777735-0273-5D09-AE09-7A27433E1312,1010D37E-ACCB-5A59-BC54-30D605034B64,1006,1,TRIAL_ENTRY,FALSE,SYNTHETIC — integrated V2 (fixed),TRUE
A3F001D9-2637-5A0F-9D4A-A83F717D2B60,FCA70E85-07AE-52C0-BA71-1A0749F495E8,SYN-TR-0049,80342D18-DE48-5965-9D36-F804CFB33A6A,SYN-MZ-00097,2686665D-DC28-5860-9B6C-A59E9A87B2EC,1010D37E-ACCB-5A59-BC54-30D605034B64,1007,1,TRIAL_ENTRY,TRUE,SYNTHETIC — integrated V2 (fixed),TRUE
61E53202-E946-543D-BD72-BB9469848C8E,FCA70E85-07AE-52C0-BA71-1A0749F495E8,SYN-TR-0049,EB3CC5B4-5306-5D95-8FC0-A6D315636DAC,SYN-MZ-00099,351036F9-04E3-585C-9456-36D848F1BB94,1010D37E-ACCB-5A59-BC54-30D605034B64,1008,1,TRIAL_ENTRY,FALSE,SYNTHETIC — integrated V2 (fixed),TRUE
CD2AC374-8B03-5D8E-86A9-07EE6FCDF9A3,FCA70E85-07AE-52C0-BA71-1A0749F495E8,SYN-TR-0049,304B66ED-814D-55CC-98B7-61DD44128E03,SYN-MZ-00100,48CB0E34-C7A7-538C-8D77-97A0FBD456BE,1010D37E-ACCB-5A59-BC54-30D605034B64,2001,2,TRIAL_ENTRY,FALSE,SYNTHETIC — integrated V2 (fixed),TRUE
A9A83E78-A611-5FD4-AF28-C1F572E6E585,FCA70E85-07AE-52C0-BA71-1A0749F495E8,SYN-TR-0049,895C37E3-3402-5903-BB78-18E139F002E0,SYN-MZ-CHK01,42CE60AF-7FF7-55CE-8F13-7705F3D9EF4B,1010D37E-ACCB-5A59-BC54-30D605034B64,2002,2,CHECK,FALSE,SYNTHETIC — integrated V2 (fixed),TRUE
2C58366D-3A4E-5837-98C5-B1FFD7D3C20B,FCA70E85-07AE-52C0-BA71-1A0749F495E8,SYN-TR-0049,03B42C84-51CA-5773-8E4C-295473835D66,SYN-MZ-CHK02,A92E98DA-E476-5795-8F0C-D596AF9E41F3,1010D37E-ACCB-5A59-BC54-30D605034B64,2003,2,CHECK,FALSE,SYNTHETIC — integrated V2 (fixed),TRUE
FA7DCEBE-1ACC-542B-8455-F6B6E19E6234,FCA70E85-07AE-52C0-BA71-1A0749F495E8,SYN-TR-0049,3AD75EC5-AEFA-5A56-9854-25EA1D3F7092,SYN-MZ-00102,AE07BAFA-2B8A-5B92-8E8F-04B0AAB99D3B,1010D37E-ACCB-5A59-BC54-30D605034B64,2004,2,TRIAL_ENTRY,FALSE,SYNTHETIC — integrated V2 (fixed),TRUE
00926CC6-B018-5821-B77E-1635DC5715AF,FCA70E85-07AE-52C0-BA71-1A0749F495E8,SYN-TR-0049,EB3CC5B4-5306-5D95-8FC0-A6D315636DAC,SYN-MZ-00099,351036F9-04E3-585C-9456-36D848F1BB94,1010D37E-ACCB-5A59-BC54-30D605034B64,2005,2,TRIAL_ENTRY,FALSE,SYNTHETIC — integrated V2 (fixed),TRUE
6965C3D4-5175-5232-BC6B-BAEA835055A1,FCA70E85-07AE-52C0-BA71-1A0749F495E8,SYN-TR-0049,E4649EAD-58A5-57C7-8B46-6215401FFEE3,SYN-MZ-00098,360B3A6D-4C08-5664-B2C6-C9EEF6936823,1010D37E-ACCB-5A59-BC54-30D605034B64,2006,2,TRIAL_ENTRY,FALSE,SYNTHETIC — integrated V2 (fixed),TRUE
898B407C-BB07-50E7-BADD-0D6BB8BEE811,FCA70E85-07AE-52C0-BA71-1A0749F495E8,SYN-TR-0049,DA447553-1807-5120-B084-80712E4595A5,SYN-MZ-00101,26777735-0273-5D09-AE09-7A27433E1312,1010D37E-ACCB-5A59-BC54-30D605034B64,2007,2,TRIAL_ENTRY,FALSE,SYNTHETIC — integrated V2 (fixed),TRUE
FBBEBEE5-9F6C-536A-A0F9-042CB143C56A,FCA70E85-07AE-52C0-BA71-1A0749F495E8,SYN-TR-0049,80342D18-DE48-5965-9D36-F804CFB33A6A,SYN-MZ-00097,2686665D-DC28-5860-9B6C-A59E9A87B2EC,1010D37E-ACCB-5A59-BC54-30D605034B64,2008,2,TRIAL_ENTRY,TRUE,SYNTHETIC — integrated V2 (fixed),TRUE
D9A9E197-5BD5-5977-805F-B010A6569CE3,FCA70E85-07AE-52C0-BA71-1A0749F495E8,SYN-TR-0049,03B42C84-51CA-5773-8E4C-295473835D66,SYN-MZ-CHK02,A92E98DA-E476-5795-8F0C-D596AF9E41F3,1010D37E-ACCB-5A59-BC54-30D605034B64,3001,3,CHECK,FALSE,SYNTHETIC — integrated V2 (fixed),TRUE
8EA9A8DA-3399-5898-AB3D-DE18D74F09D3,FCA70E85-07AE-52C0-BA71-1A0749F495E8,SYN-TR-0049,3AD75EC5-AEFA-5A56-9854-25EA1D3F7092,SYN-MZ-00102,AE07BAFA-2B8A-5B92-8E8F-04B0AAB99D3B,1010D37E-ACCB-5A59-BC54-30D605034B64,3002,3,TRIAL_ENTRY,FALSE,SYNTHETIC — integrated V2 (fixed),TRUE
280D124C-68DB-51AC-BB91-BB233A6C63A5,FCA70E85-07AE-52C0-BA71-1A0749F495E8,SYN-TR-0049,E4649EAD-58A5-57C7-8B46-6215401FFEE3,SYN-MZ-00098,360B3A6D-4C08-5664-B2C6-C9EEF6936823,1010D37E-ACCB-5A59-BC54-30D605034B64,3003,3,TRIAL_ENTRY,FALSE,SYNTHETIC — integrated V2 (fixed),TRUE
E45C3D7D-11B5-5023-9705-EFD3F87BCAF6,FCA70E85-07AE-52C0-BA71-1A0749F495E8,SYN-TR-0049,80342D18-DE48-5965-9D36-F804CFB33A6A,SYN-MZ-00097,2686665D-DC28-5860-9B6C-A59E9A87B2EC,1010D37E-ACCB-5A59-BC54-30D605034B64,3004,3,TRIAL_ENTRY,TRUE,SYNTHETIC — integrated V2 (fixed),TRUE
61F0B165-ED32-5D68-9B17-6658B71242D7,FCA70E85-07AE-52C0-BA71-1A0749F495E8,SYN-TR-0049,DA447553-1807-5120-B084-80712E4595A5,SYN-MZ-00101,26777735-0273-5D09-AE09-7A27433E1312,1010D37E-ACCB-5A59-BC54-30D605034B64,3005,3,TRIAL_ENTRY,FALSE,SYNTHETIC — integrated V2 (fixed),TRUE
AC6A9A37-C2F6-502E-A612-040D53BD3D57,FCA70E85-07AE-52C0-BA71-1A0749F495E8,SYN-TR-0049,895C37E3-3402-5903-BB78-18E139F002E0,SYN-MZ-CHK01,42CE60AF-7FF7-55CE-8F13-7705F3D9EF4B,1010D37E-ACCB-5A59-BC54-30D605034B64,3006,3,CHECK,FALSE,SYNTHETIC — integrated V2 (fixed),TRUE
1898C238-A8CD-5D1A-A72C-9999807212EC,FCA70E85-07AE-52C0-BA71-1A0749F495E8,SYN-TR-0049,EB3CC5B4-5306-5D95-8FC0-A6D315636DAC,SYN-MZ-00099,351036F9-04E3-585C-9456-36D848F1BB94,1010D37E-ACCB-5A59-BC54-30D605034B64,3007,3,TRIAL_ENTRY,FALSE,SYNTHETIC — integrated V2 (fixed),TRUE
9628003A-8381-5F02-89C5-150E74DFE333,FCA70E85-07AE-52C0-BA71-1A0749F495E8,SYN-TR-0049,304B66ED-814D-55CC-98B7-61DD44128E03,SYN-MZ-00100,48CB0E34-C7A7-538C-8D77-97A0FBD456BE,1010D37E-ACCB-5A59-BC54-30D605034B64,3008,3,TRIAL_ENTRY,FALSE,SYNTHETIC — integrated V2 (fixed),TRUE
F0775E40-4C42-56BE-BA84-86FA15942F64,B2E70F33-863F-5A0F-A7D1-6A48422C7A3B,SYN-TR-0050,03B42C84-51CA-5773-8E4C-295473835D66,SYN-MZ-CHK02,A92E98DA-E476-5795-8F0C-D596AF9E41F3,8DA0F9D1-29BF-5B30-AB7E-343B169E1348,1001,1,CHECK,FALSE,SYNTHETIC — integrated V2 (fixed),TRUE
B949074B-2DF1-5B97-9921-402B616A28FB,B2E70F33-863F-5A0F-A7D1-6A48422C7A3B,SYN-TR-0050,304B66ED-814D-55CC-98B7-61DD44128E03,SYN-MZ-00100,48CB0E34-C7A7-538C-8D77-97A0FBD456BE,8DA0F9D1-29BF-5B30-AB7E-343B169E1348,1002,1,TRIAL_ENTRY,FALSE,SYNTHETIC — integrated V2 (fixed),TRUE
BE19035B-52E1-568A-AEB0-1CADC307F2D6,B2E70F33-863F-5A0F-A7D1-6A48422C7A3B,SYN-TR-0050,895C37E3-3402-5903-BB78-18E139F002E0,SYN-MZ-CHK01,42CE60AF-7FF7-55CE-8F13-7705F3D9EF4B,8DA0F9D1-29BF-5B30-AB7E-343B169E1348,1003,1,CHECK,FALSE,SYNTHETIC — integrated V2 (fixed),TRUE
D333ACD8-4EF3-56EB-8677-7DB920356281,B2E70F33-863F-5A0F-A7D1-6A48422C7A3B,SYN-TR-0050,DA447553-1807-5120-B084-80712E4595A5,SYN-MZ-00101,26777735-0273-5D09-AE09-7A27433E1312,8DA0F9D1-29BF-5B30-AB7E-343B169E1348,1004,1,TRIAL_ENTRY,FALSE,SYNTHETIC — integrated V2 (fixed),TRUE
55CDD3F3-78C2-50E7-B9A6-49B23DB38F36,B2E70F33-863F-5A0F-A7D1-6A48422C7A3B,SYN-TR-0050,893B46A8-3095-5888-954B-596DEA00AEF0,SYN-MZ-00103,4F193F9B-66F9-527C-8365-D23FDFC3495E,8DA0F9D1-29BF-5B30-AB7E-343B169E1348,1005,1,TRIAL_ENTRY,FALSE,SYNTHETIC — integrated V2 (fixed),TRUE
7DAE7F20-4BEC-5073-9807-171EB751EF05,B2E70F33-863F-5A0F-A7D1-6A48422C7A3B,SYN-TR-0050,CF983439-B3D6-5D22-A07F-DA09F8FB30E3,SYN-MZ-00104,04638F79-4B07-5225-9929-72D7B37F25D4,8DA0F9D1-29BF-5B30-AB7E-343B169E1348,1006,1,TRIAL_ENTRY,FALSE,SYNTHETIC — integrated V2 (fixed),TRUE
89E61BFB-5EC4-539F-B1CD-3345C2F1D4ED,B2E70F33-863F-5A0F-A7D1-6A48422C7A3B,SYN-TR-0050,EB3CC5B4-5306-5D95-8FC0-A6D315636DAC,SYN-MZ-00099,351036F9-04E3-585C-9456-36D848F1BB94,8DA0F9D1-29BF-5B30-AB7E-343B169E1348,1007,1,TRIAL_ENTRY,TRUE,SYNTHETIC — integrated V2 (fixed),TRUE
CBA36B5F-9F95-5FE1-AF81-2AFC4CC7C6DC,B2E70F33-863F-5A0F-A7D1-6A48422C7A3B,SYN-TR-0050,3AD75EC5-AEFA-5A56-9854-25EA1D3F7092,SYN-MZ-00102,AE07BAFA-2B8A-5B92-8E8F-04B0AAB99D3B,8DA0F9D1-29BF-5B30-AB7E-343B169E1348,1008,1,TRIAL_ENTRY,FALSE,SYNTHETIC — integrated V2 (fixed),TRUE
FD52AC5E-4E35-5D54-8E31-D1BD51C4620D,B2E70F33-863F-5A0F-A7D1-6A48422C7A3B,SYN-TR-0050,DA447553-1807-5120-B084-80712E4595A5,SYN-MZ-00101,26777735-0273-5D09-AE09-7A27433E1312,8DA0F9D1-29BF-5B30-AB7E-343B169E1348,2001,2,TRIAL_ENTRY,FALSE,SYNTHETIC — integrated V2 (fixed),TRUE
887F64B9-CD8D-5B38-9BE0-655A7178D00B,B2E70F33-863F-5A0F-A7D1-6A48422C7A3B,SYN-TR-0050,EB3CC5B4-5306-5D95-8FC0-A6D315636DAC,SYN-MZ-00099,351036F9-04E3-585C-9456-36D848F1BB94,8DA0F9D1-29BF-5B30-AB7E-343B169E1348,2002,2,TRIAL_ENTRY,TRUE,SYNTHETIC — integrated V2 (fixed),TRUE
32B5B60C-BB7D-550B-BC3E-06BAEBFF301F,B2E70F33-863F-5A0F-A7D1-6A48422C7A3B,SYN-TR-0050,CF983439-B3D6-5D22-A07F-DA09F8FB30E3,SYN-MZ-00104,04638F79-4B07-5225-9929-72D7B37F25D4,8DA0F9D1-29BF-5B30-AB7E-343B169E1348,2003,2,TRIAL_ENTRY,FALSE,SYNTHETIC — integrated V2 (fixed),TRUE
71FE0DC5-CCE4-5BEA-A825-611B9F903349,B2E70F33-863F-5A0F-A7D1-6A48422C7A3B,SYN-TR-0050,304B66ED-814D-55CC-98B7-61DD44128E03,SYN-MZ-00100,48CB0E34-C7A7-538C-8D77-97A0FBD456BE,8DA0F9D1-29BF-5B30-AB7E-343B169E1348,2004,2,TRIAL_ENTRY,FALSE,SYNTHETIC — integrated V2 (fixed),TRUE
3B1E6A85-FBFD-54DA-8733-E0E26498214E,B2E70F33-863F-5A0F-A7D1-6A48422C7A3B,SYN-TR-0050,893B46A8-3095-5888-954B-596DEA00AEF0,SYN-MZ-00103,4F193F9B-66F9-527C-8365-D23FDFC3495E,8DA0F9D1-29BF-5B30-AB7E-343B169E1348,2005,2,TRIAL_ENTRY,FALSE,SYNTHETIC — integrated V2 (fixed),TRUE
DC3C3A09-78FA-56CF-ABBE-6CEF1AC2AE1E,B2E70F33-863F-5A0F-A7D1-6A48422C7A3B,SYN-TR-0050,3AD75EC5-AEFA-5A56-9854-25EA1D3F7092,SYN-MZ-00102,AE07BAFA-2B8A-5B92-8E8F-04B0AAB99D3B,8DA0F9D1-29BF-5B30-AB7E-343B169E1348,2006,2,TRIAL_ENTRY,FALSE,SYNTHETIC — integrated V2 (fixed),TRUE
BCE15E5E-E3D0-503F-9502-08345623DAC4,B2E70F33-863F-5A0F-A7D1-6A48422C7A3B,SYN-TR-0050,895C37E3-3402-5903-BB78-18E139F002E0,SYN-MZ-CHK01,42CE60AF-7FF7-55CE-8F13-7705F3D9EF4B,8DA0F9D1-29BF-5B30-AB7E-343B169E1348,2007,2,CHECK,FALSE,SYNTHETIC — integrated V2 (fixed),TRUE
AC80BBD1-2D9B-5690-B6F1-8BF1CC7B0AAD,B2E70F33-863F-5A0F-A7D1-6A48422C7A3B,SYN-TR-0050,03B42C84-51CA-5773-8E4C-295473835D66,SYN-MZ-CHK02,A92E98DA-E476-5795-8F0C-D596AF9E41F3,8DA0F9D1-29BF-5B30-AB7E-343B169E1348,2008,2,CHECK,FALSE,SYNTHETIC — integrated V2 (fixed),TRUE
5F531FDA-65A4-5120-9689-5E858598D1EA,B2E70F33-863F-5A0F-A7D1-6A48422C7A3B,SYN-TR-0050,893B46A8-3095-5888-954B-596DEA00AEF0,SYN-MZ-00103,4F193F9B-66F9-527C-8365-D23FDFC3495E,8DA0F9D1-29BF-5B30-AB7E-343B169E1348,3001,3,TRIAL_ENTRY,FALSE,SYNTHETIC — integrated V2 (fixed),TRUE
21455704-4DEB-5D6F-B79A-322738868886,B2E70F33-863F-5A0F-A7D1-6A48422C7A3B,SYN-TR-0050,DA447553-1807-5120-B084-80712E4595A5,SYN-MZ-00101,26777735-0273-5D09-AE09-7A27433E1312,8DA0F9D1-29BF-5B30-AB7E-343B169E1348,3002,3,TRIAL_ENTRY,FALSE,SYNTHETIC — integrated V2 (fixed),TRUE
F9A95D7F-7170-5496-9B94-C0AB055F0B90,B2E70F33-863F-5A0F-A7D1-6A48422C7A3B,SYN-TR-0050,CF983439-B3D6-5D22-A07F-DA09F8FB30E3,SYN-MZ-00104,04638F79-4B07-5225-9929-72D7B37F25D4,8DA0F9D1-29BF-5B30-AB7E-343B169E1348,3003,3,TRIAL_ENTRY,FALSE,SYNTHETIC — integrated V2 (fixed),TRUE
9C1645EB-AC89-5162-AAE9-4EACE329BF57,B2E70F33-863F-5A0F-A7D1-6A48422C7A3B,SYN-TR-0050,EB3CC5B4-5306-5D95-8FC0-A6D315636DAC,SYN-MZ-00099,351036F9-04E3-585C-9456-36D848F1BB94,8DA0F9D1-29BF-5B30-AB7E-343B169E1348,3004,3,TRIAL_ENTRY,TRUE,SYNTHETIC — integrated V2 (fixed),TRUE
F8F03DCB-8ECF-5D79-86DA-235F702336AF,B2E70F33-863F-5A0F-A7D1-6A48422C7A3B,SYN-TR-0050,304B66ED-814D-55CC-98B7-61DD44128E03,SYN-MZ-00100,48CB0E34-C7A7-538C-8D77-97A0FBD456BE,8DA0F9D1-29BF-5B30-AB7E-343B169E1348,3005,3,TRIAL_ENTRY,FALSE,SYNTHETIC — integrated V2 (fixed),TRUE
29270B1F-4FC2-5BE5-9A72-480454A927E1,B2E70F33-863F-5A0F-A7D1-6A48422C7A3B,SYN-TR-0050,3AD75EC5-AEFA-5A56-9854-25EA1D3F7092,SYN-MZ-00102,AE07BAFA-2B8A-5B92-8E8F-04B0AAB99D3B,8DA0F9D1-29BF-5B30-AB7E-343B169E1348,3006,3,TRIAL_ENTRY,FALSE,SYNTHETIC — integrated V2 (fixed),TRUE
64D530C7-4663-51ED-A110-849DBD68AF63,B2E70F33-863F-5A0F-A7D1-6A48422C7A3B,SYN-TR-0050,895C37E3-3402-5903-BB78-18E139F002E0,SYN-MZ-CHK01,42CE60AF-7FF7-55CE-8F13-7705F3D9EF4B,8DA0F9D1-29BF-5B30-AB7E-343B169E1348,3007,3,CHECK,FALSE,SYNTHETIC — integrated V2 (fixed),TRUE
D8DC31C1-D3CD-5C39-BA06-42CF4B591002,B2E70F33-863F-5A0F-A7D1-6A48422C7A3B,SYN-TR-0050,03B42C84-51CA-5773-8E4C-295473835D66,SYN-MZ-CHK02,A92E98DA-E476-5795-8F0C-D596AF9E41F3,8DA0F9D1-29BF-5B30-AB7E-343B169E1348,3008,3,CHECK,FALSE,SYNTHETIC — integrated V2 (fixed),TRUE
279D3530-F1DD-5B2F-8D79-3C6DFFDB3013,8A7B39E8-BCC1-5C99-B8B2-B003A36D2BC1,SYN-TR-0051,3AD75EC5-AEFA-5A56-9854-25EA1D3F7092,SYN-MZ-00102,AE07BAFA-2B8A-5B92-8E8F-04B0AAB99D3B,879B9EFB-492D-59F3-B1D6-9184482169DA,1001,1,TRIAL_ENTRY,FALSE,SYNTHETIC — integrated V2 (fixed),TRUE
DC4F5EF2-C6DB-5B17-B02E-45D3DCF39F22,8A7B39E8-BCC1-5C99-B8B2-B003A36D2BC1,SYN-TR-0051,CF983439-B3D6-5D22-A07F-DA09F8FB30E3,SYN-MZ-00104,04638F79-4B07-5225-9929-72D7B37F25D4,879B9EFB-492D-59F3-B1D6-9184482169DA,1002,1,TRIAL_ENTRY,FALSE,SYNTHETIC — integrated V2 (fixed),TRUE
6A2BA74E-9BC3-5084-B0ED-D2F1736B70A4,8A7B39E8-BCC1-5C99-B8B2-B003A36D2BC1,SYN-TR-0051,03B42C84-51CA-5773-8E4C-295473835D66,SYN-MZ-CHK02,A92E98DA-E476-5795-8F0C-D596AF9E41F3,879B9EFB-492D-59F3-B1D6-9184482169DA,1003,1,CHECK,FALSE,SYNTHETIC — integrated V2 (fixed),TRUE
C6D431E7-962C-545C-BA82-C92A435ED3DC,8A7B39E8-BCC1-5C99-B8B2-B003A36D2BC1,SYN-TR-0051,D31D0B3A-9906-504E-8B88-BA3A51BD3F4E,SYN-MZ-00106,E21E5BCD-AD43-5091-9976-859D494C2A12,879B9EFB-492D-59F3-B1D6-9184482169DA,1004,1,TRIAL_ENTRY,FALSE,SYNTHETIC — integrated V2 (fixed),TRUE
99775E48-CDCB-51D7-8BCD-058AFFFEEF50,8A7B39E8-BCC1-5C99-B8B2-B003A36D2BC1,SYN-TR-0051,DA447553-1807-5120-B084-80712E4595A5,SYN-MZ-00101,26777735-0273-5D09-AE09-7A27433E1312,879B9EFB-492D-59F3-B1D6-9184482169DA,1005,1,TRIAL_ENTRY,TRUE,SYNTHETIC — integrated V2 (fixed),TRUE
970DCCB4-5E72-580B-A0CA-E453316E9D18,8A7B39E8-BCC1-5C99-B8B2-B003A36D2BC1,SYN-TR-0051,40E15A0B-137C-5F72-A21C-478860954756,SYN-MZ-00105,BF429E57-0B14-5568-B28D-69E63D2B103C,879B9EFB-492D-59F3-B1D6-9184482169DA,1006,1,TRIAL_ENTRY,FALSE,SYNTHETIC — integrated V2 (fixed),TRUE
C60F5138-0FBD-5A1B-9A46-8B8DF01A012A,8A7B39E8-BCC1-5C99-B8B2-B003A36D2BC1,SYN-TR-0051,893B46A8-3095-5888-954B-596DEA00AEF0,SYN-MZ-00103,4F193F9B-66F9-527C-8365-D23FDFC3495E,879B9EFB-492D-59F3-B1D6-9184482169DA,1007,1,TRIAL_ENTRY,FALSE,SYNTHETIC — integrated V2 (fixed),TRUE
4D96C545-6E1A-52ED-AF24-2EECB90EB8A9,8A7B39E8-BCC1-5C99-B8B2-B003A36D2BC1,SYN-TR-0051,895C37E3-3402-5903-BB78-18E139F002E0,SYN-MZ-CHK01,42CE60AF-7FF7-55CE-8F13-7705F3D9EF4B,879B9EFB-492D-59F3-B1D6-9184482169DA,1008,1,CHECK,FALSE,SYNTHETIC — integrated V2 (fixed),TRUE
CDEA15AB-C4AA-56AA-B120-8135265304C4,8A7B39E8-BCC1-5C99-B8B2-B003A36D2BC1,SYN-TR-0051,3AD75EC5-AEFA-5A56-9854-25EA1D3F7092,SYN-MZ-00102,AE07BAFA-2B8A-5B92-8E8F-04B0AAB99D3B,879B9EFB-492D-59F3-B1D6-9184482169DA,2001,2,TRIAL_ENTRY,FALSE,SYNTHETIC — integrated V2 (fixed),TRUE
A24E12D5-D628-5210-858A-6623AC2A8001,8A7B39E8-BCC1-5C99-B8B2-B003A36D2BC1,SYN-TR-0051,40E15A0B-137C-5F72-A21C-478860954756,SYN-MZ-00105,BF429E57-0B14-5568-B28D-69E63D2B103C,879B9EFB-492D-59F3-B1D6-9184482169DA,2002,2,TRIAL_ENTRY,FALSE,SYNTHETIC — integrated V2 (fixed),TRUE
B1800936-5A9E-56CB-8B9E-E0D94E020FDE,8A7B39E8-BCC1-5C99-B8B2-B003A36D2BC1,SYN-TR-0051,DA447553-1807-5120-B084-80712E4595A5,SYN-MZ-00101,26777735-0273-5D09-AE09-7A27433E1312,879B9EFB-492D-59F3-B1D6-9184482169DA,2003,2,TRIAL_ENTRY,TRUE,SYNTHETIC — integrated V2 (fixed),TRUE
D8F16B49-D247-558B-B1DF-5E0D9DB36858,8A7B39E8-BCC1-5C99-B8B2-B003A36D2BC1,SYN-TR-0051,893B46A8-3095-5888-954B-596DEA00AEF0,SYN-MZ-00103,4F193F9B-66F9-527C-8365-D23FDFC3495E,879B9EFB-492D-59F3-B1D6-9184482169DA,2004,2,TRIAL_ENTRY,FALSE,SYNTHETIC — integrated V2 (fixed),TRUE
A009A830-938E-5138-8949-04F7A10F299A,8A7B39E8-BCC1-5C99-B8B2-B003A36D2BC1,SYN-TR-0051,03B42C84-51CA-5773-8E4C-295473835D66,SYN-MZ-CHK02,A92E98DA-E476-5795-8F0C-D596AF9E41F3,879B9EFB-492D-59F3-B1D6-9184482169DA,2005,2,CHECK,FALSE,SYNTHETIC — integrated V2 (fixed),TRUE
28AD9BBA-5793-59AA-BC84-70D6B4F99FB7,8A7B39E8-BCC1-5C99-B8B2-B003A36D2BC1,SYN-TR-0051,D31D0B3A-9906-504E-8B88-BA3A51BD3F4E,SYN-MZ-00106,E21E5BCD-AD43-5091-9976-859D494C2A12,879B9EFB-492D-59F3-B1D6-9184482169DA,2006,2,TRIAL_ENTRY,FALSE,SYNTHETIC — integrated V2 (fixed),TRUE
AB7612CC-CE83-5F27-99D6-A81F98191FE0,8A7B39E8-BCC1-5C99-B8B2-B003A36D2BC1,SYN-TR-0051,895C37E3-3402-5903-BB78-18E139F002E0,SYN-MZ-CHK01,42CE60AF-7FF7-55CE-8F13-7705F3D9EF4B,879B9EFB-492D-59F3-B1D6-9184482169DA,2007,2,CHECK,FALSE,SYNTHETIC — integrated V2 (fixed),TRUE
CC9C9317-A83F-5BF4-B8AF-31EA93B73318,8A7B39E8-BCC1-5C99-B8B2-B003A36D2BC1,SYN-TR-0051,CF983439-B3D6-5D22-A07F-DA09F8FB30E3,SYN-MZ-00104,04638F79-4B07-5225-9929-72D7B37F25D4,879B9EFB-492D-59F3-B1D6-9184482169DA,2008,2,TRIAL_ENTRY,FALSE,SYNTHETIC — integrated V2 (fixed),TRUE
A3235A28-6CF8-5AC2-8DF7-F1B61EF16B07,8A7B39E8-BCC1-5C99-B8B2-B003A36D2BC1,SYN-TR-0051,40E15A0B-137C-5F72-A21C-478860954756,SYN-MZ-00105,BF429E57-0B14-5568-B28D-69E63D2B103C,879B9EFB-492D-59F3-B1D6-9184482169DA,3001,3,TRIAL_ENTRY,FALSE,SYNTHETIC — integrated V2 (fixed),TRUE
C70CFBB3-C1E7-5974-A20D-66F8D19C96BD,8A7B39E8-BCC1-5C99-B8B2-B003A36D2BC1,SYN-TR-0051,3AD75EC5-AEFA-5A56-9854-25EA1D3F7092,SYN-MZ-00102,AE07BAFA-2B8A-5B92-8E8F-04B0AAB99D3B,879B9EFB-492D-59F3-B1D6-9184482169DA,3002,3,TRIAL_ENTRY,FALSE,SYNTHETIC — integrated V2 (fixed),TRUE
E280987E-9DDC-5436-B721-D7827E61C561,8A7B39E8-BCC1-5C99-B8B2-B003A36D2BC1,SYN-TR-0051,D31D0B3A-9906-504E-8B88-BA3A51BD3F4E,SYN-MZ-00106,E21E5BCD-AD43-5091-9976-859D494C2A12,879B9EFB-492D-59F3-B1D6-9184482169DA,3003,3,TRIAL_ENTRY,FALSE,SYNTHETIC — integrated V2 (fixed),TRUE
4E53B069-6E9D-5EF2-8A4F-B576A34732A2,8A7B39E8-BCC1-5C99-B8B2-B003A36D2BC1,SYN-TR-0051,893B46A8-3095-5888-954B-596DEA00AEF0,SYN-MZ-00103,4F193F9B-66F9-527C-8365-D23FDFC3495E,879B9EFB-492D-59F3-B1D6-9184482169DA,3004,3,TRIAL_ENTRY,FALSE,SYNTHETIC — integrated V2 (fixed),TRUE
E9352131-BB85-5E68-B15D-BE6EC21E55E0,8A7B39E8-BCC1-5C99-B8B2-B003A36D2BC1,SYN-TR-0051,03B42C84-51CA-5773-8E4C-295473835D66,SYN-MZ-CHK02,A92E98DA-E476-5795-8F0C-D596AF9E41F3,879B9EFB-492D-59F3-B1D6-9184482169DA,3005,3,CHECK,FALSE,SYNTHETIC — integrated V2 (fixed),TRUE
0DB2AC99-52BA-50A0-9F41-7A0E1AA16381,8A7B39E8-BCC1-5C99-B8B2-B003A36D2BC1,SYN-TR-0051,CF983439-B3D6-5D22-A07F-DA09F8FB30E3,SYN-MZ-00104,04638F79-4B07-5225-9929-72D7B37F25D4,879B9EFB-492D-59F3-B1D6-9184482169DA,3006,3,TRIAL_ENTRY,FALSE,SYNTHETIC — integrated V2 (fixed),TRUE
553B94FC-4F03-535B-9A7C-0505ECB5DF21,8A7B39E8-BCC1-5C99-B8B2-B003A36D2BC1,SYN-TR-0051,895C37E3-3402-5903-BB78-18E139F002E0,SYN-MZ-CHK01,42CE60AF-7FF7-55CE-8F13-7705F3D9EF4B,879B9EFB-492D-59F3-B1D6-9184482169DA,3007,3,CHECK,FALSE,SYNTHETIC — integrated V2 (fixed),TRUE
05817201-76CB-5B53-AED2-E35900A0AD42,8A7B39E8-BCC1-5C99-B8B2-B003A36D2BC1,SYN-TR-0051,DA447553-1807-5120-B084-80712E4595A5,SYN-MZ-00101,26777735-0273-5D09-AE09-7A27433E1312,879B9EFB-492D-59F3-B1D6-9184482169DA,3008,3,TRIAL_ENTRY,TRUE,SYNTHETIC — integrated V2 (fixed),TRUE
0657F6D2-C0B1-59C9-897B-51B74B8A0F82,9AF1BFD4-3E05-539C-AA80-BF5FB0A07CD3,SYN-TR-0052,40E15A0B-137C-5F72-A21C-478860954756,SYN-MZ-00105,BF429E57-0B14-5568-B28D-69E63D2B103C,78BA09A6-A102-5839-8514-480A261C070E,1001,1,TRIAL_ENTRY,FALSE,SYNTHETIC — integrated V2 (fixed),TRUE
D42EAEE0-A257-59D0-BDC5-BBBD9CE0A32F,9AF1BFD4-3E05-539C-AA80-BF5FB0A07CD3,SYN-TR-0052,895C37E3-3402-5903-BB78-18E139F002E0,SYN-MZ-CHK01,42CE60AF-7FF7-55CE-8F13-7705F3D9EF4B,78BA09A6-A102-5839-8514-480A261C070E,1002,1,CHECK,FALSE,SYNTHETIC — integrated V2 (fixed),TRUE
E788C29E-D589-5696-94B3-165219CE5F73,9AF1BFD4-3E05-539C-AA80-BF5FB0A07CD3,SYN-TR-0052,03B42C84-51CA-5773-8E4C-295473835D66,SYN-MZ-CHK02,A92E98DA-E476-5795-8F0C-D596AF9E41F3,78BA09A6-A102-5839-8514-480A261C070E,1003,1,CHECK,FALSE,SYNTHETIC — integrated V2 (fixed),TRUE
B1903411-7325-59C5-87B8-C6B0061E2E28,9AF1BFD4-3E05-539C-AA80-BF5FB0A07CD3,SYN-TR-0052,6CAF66B9-5911-548A-9CD3-402E210E39DF,SYN-MZ-00107,DF6DD93A-AB37-5CA3-9967-70731A37E93E,78BA09A6-A102-5839-8514-480A261C070E,1004,1,TRIAL_ENTRY,FALSE,SYNTHETIC — integrated V2 (fixed),TRUE
8757F281-6193-58A7-8418-09267777B794,9AF1BFD4-3E05-539C-AA80-BF5FB0A07CD3,SYN-TR-0052,7BFD7ED8-D740-54E9-9E9D-89E766C468ED,SYN-MZ-00108,3B865F64-6613-5A46-A087-C99FEB811407,78BA09A6-A102-5839-8514-480A261C070E,1005,1,TRIAL_ENTRY,FALSE,SYNTHETIC — integrated V2 (fixed),TRUE
FBA09E8A-0AC5-5283-878C-35E506760D6B,9AF1BFD4-3E05-539C-AA80-BF5FB0A07CD3,SYN-TR-0052,CF983439-B3D6-5D22-A07F-DA09F8FB30E3,SYN-MZ-00104,04638F79-4B07-5225-9929-72D7B37F25D4,78BA09A6-A102-5839-8514-480A261C070E,1006,1,TRIAL_ENTRY,FALSE,SYNTHETIC — integrated V2 (fixed),TRUE
B0B9F363-020A-5334-B606-C8E77B1B37EC,9AF1BFD4-3E05-539C-AA80-BF5FB0A07CD3,SYN-TR-0052,D31D0B3A-9906-504E-8B88-BA3A51BD3F4E,SYN-MZ-00106,E21E5BCD-AD43-5091-9976-859D494C2A12,78BA09A6-A102-5839-8514-480A261C070E,1007,1,TRIAL_ENTRY,FALSE,SYNTHETIC — integrated V2 (fixed),TRUE
2FB7BA40-1B5A-5BF2-A246-BC093879EDF3,9AF1BFD4-3E05-539C-AA80-BF5FB0A07CD3,SYN-TR-0052,893B46A8-3095-5888-954B-596DEA00AEF0,SYN-MZ-00103,4F193F9B-66F9-527C-8365-D23FDFC3495E,78BA09A6-A102-5839-8514-480A261C070E,1008,1,TRIAL_ENTRY,TRUE,SYNTHETIC — integrated V2 (fixed),TRUE
20352584-7A9E-51F8-AC32-ECBFAB7CC19D,9AF1BFD4-3E05-539C-AA80-BF5FB0A07CD3,SYN-TR-0052,893B46A8-3095-5888-954B-596DEA00AEF0,SYN-MZ-00103,4F193F9B-66F9-527C-8365-D23FDFC3495E,78BA09A6-A102-5839-8514-480A261C070E,2001,2,TRIAL_ENTRY,TRUE,SYNTHETIC — integrated V2 (fixed),TRUE
C5FBAD43-10D0-54D1-BDCB-ED4114141C06,9AF1BFD4-3E05-539C-AA80-BF5FB0A07CD3,SYN-TR-0052,895C37E3-3402-5903-BB78-18E139F002E0,SYN-MZ-CHK01,42CE60AF-7FF7-55CE-8F13-7705F3D9EF4B,78BA09A6-A102-5839-8514-480A261C070E,2002,2,CHECK,FALSE,SYNTHETIC — integrated V2 (fixed),TRUE
DD513624-B10F-5DDE-B653-A3D1973CA09D,9AF1BFD4-3E05-539C-AA80-BF5FB0A07CD3,SYN-TR-0052,6CAF66B9-5911-548A-9CD3-402E210E39DF,SYN-MZ-00107,DF6DD93A-AB37-5CA3-9967-70731A37E93E,78BA09A6-A102-5839-8514-480A261C070E,2003,2,TRIAL_ENTRY,FALSE,SYNTHETIC — integrated V2 (fixed),TRUE
65D88DAD-3E8D-5B0B-AE4A-7411CF1F313B,9AF1BFD4-3E05-539C-AA80-BF5FB0A07CD3,SYN-TR-0052,40E15A0B-137C-5F72-A21C-478860954756,SYN-MZ-00105,BF429E57-0B14-5568-B28D-69E63D2B103C,78BA09A6-A102-5839-8514-480A261C070E,2004,2,TRIAL_ENTRY,FALSE,SYNTHETIC — integrated V2 (fixed),TRUE
7763E463-0286-5501-910C-222090DDE8BB,9AF1BFD4-3E05-539C-AA80-BF5FB0A07CD3,SYN-TR-0052,03B42C84-51CA-5773-8E4C-295473835D66,SYN-MZ-CHK02,A92E98DA-E476-5795-8F0C-D596AF9E41F3,78BA09A6-A102-5839-8514-480A261C070E,2005,2,CHECK,FALSE,SYNTHETIC — integrated V2 (fixed),TRUE
08C42B17-6175-5EEB-B5D4-487B3FD711D1,9AF1BFD4-3E05-539C-AA80-BF5FB0A07CD3,SYN-TR-0052,CF983439-B3D6-5D22-A07F-DA09F8FB30E3,SYN-MZ-00104,04638F79-4B07-5225-9929-72D7B37F25D4,78BA09A6-A102-5839-8514-480A261C070E,2006,2,TRIAL_ENTRY,FALSE,SYNTHETIC — integrated V2 (fixed),TRUE
4334E5C5-F2ED-572B-997E-CDD271A95C39,9AF1BFD4-3E05-539C-AA80-BF5FB0A07CD3,SYN-TR-0052,D31D0B3A-9906-504E-8B88-BA3A51BD3F4E,SYN-MZ-00106,E21E5BCD-AD43-5091-9976-859D494C2A12,78BA09A6-A102-5839-8514-480A261C070E,2007,2,TRIAL_ENTRY,FALSE,SYNTHETIC — integrated V2 (fixed),TRUE
35B9F1D9-3131-5325-91F8-4BA6C67AED63,9AF1BFD4-3E05-539C-AA80-BF5FB0A07CD3,SYN-TR-0052,7BFD7ED8-D740-54E9-9E9D-89E766C468ED,SYN-MZ-00108,3B865F64-6613-5A46-A087-C99FEB811407,78BA09A6-A102-5839-8514-480A261C070E,2008,2,TRIAL_ENTRY,FALSE,SYNTHETIC — integrated V2 (fixed),TRUE
0DAEDC8D-FA98-55D2-987E-4C3461880991,9AF1BFD4-3E05-539C-AA80-BF5FB0A07CD3,SYN-TR-0052,895C37E3-3402-5903-BB78-18E139F002E0,SYN-MZ-CHK01,42CE60AF-7FF7-55CE-8F13-7705F3D9EF4B,78BA09A6-A102-5839-8514-480A261C070E,3001,3,CHECK,FALSE,SYNTHETIC — integrated V2 (fixed),TRUE
13427D98-25EE-5D82-8DF5-9BA42FAAAE09,9AF1BFD4-3E05-539C-AA80-BF5FB0A07CD3,SYN-TR-0052,CF983439-B3D6-5D22-A07F-DA09F8FB30E3,SYN-MZ-00104,04638F79-4B07-5225-9929-72D7B37F25D4,78BA09A6-A102-5839-8514-480A261C070E,3002,3,TRIAL_ENTRY,FALSE,SYNTHETIC — integrated V2 (fixed),TRUE
FAF151CE-3F2A-5642-9F92-491FF6DD62F1,9AF1BFD4-3E05-539C-AA80-BF5FB0A07CD3,SYN-TR-0052,40E15A0B-137C-5F72-A21C-478860954756,SYN-MZ-00105,BF429E57-0B14-5568-B28D-69E63D2B103C,78BA09A6-A102-5839-8514-480A261C070E,3003,3,TRIAL_ENTRY,FALSE,SYNTHETIC — integrated V2 (fixed),TRUE
98DAE711-3BD2-574A-94C4-C62AC7191CA1,9AF1BFD4-3E05-539C-AA80-BF5FB0A07CD3,SYN-TR-0052,D31D0B3A-9906-504E-8B88-BA3A51BD3F4E,SYN-MZ-00106,E21E5BCD-AD43-5091-9976-859D494C2A12,78BA09A6-A102-5839-8514-480A261C070E,3004,3,TRIAL_ENTRY,FALSE,SYNTHETIC — integrated V2 (fixed),TRUE
DA36F330-AF03-5F9D-BC43-9B76BF9653B5,9AF1BFD4-3E05-539C-AA80-BF5FB0A07CD3,SYN-TR-0052,7BFD7ED8-D740-54E9-9E9D-89E766C468ED,SYN-MZ-00108,3B865F64-6613-5A46-A087-C99FEB811407,78BA09A6-A102-5839-8514-480A261C070E,3005,3,TRIAL_ENTRY,FALSE,SYNTHETIC — integrated V2 (fixed),TRUE
B6644453-6B4B-5AC6-94A6-275D859436C1,9AF1BFD4-3E05-539C-AA80-BF5FB0A07CD3,SYN-TR-0052,6CAF66B9-5911-548A-9CD3-402E210E39DF,SYN-MZ-00107,DF6DD93A-AB37-5CA3-9967-70731A37E93E,78BA09A6-A102-5839-8514-480A261C070E,3006,3,TRIAL_ENTRY,FALSE,SYNTHETIC — integrated V2 (fixed),TRUE
E5915796-4529-5068-ABBA-48DC561F53CB,9AF1BFD4-3E05-539C-AA80-BF5FB0A07CD3,SYN-TR-0052,893B46A8-3095-5888-954B-596DEA00AEF0,SYN-MZ-00103,4F193F9B-66F9-527C-8365-D23FDFC3495E,78BA09A6-A102-5839-8514-480A261C070E,3007,3,TRIAL_ENTRY,TRUE,SYNTHETIC — integrated V2 (fixed),TRUE
A524A9CB-0B07-565C-9FA8-25D36D75B7F3,9AF1BFD4-3E05-539C-AA80-BF5FB0A07CD3,SYN-TR-0052,03B42C84-51CA-5773-8E4C-295473835D66,SYN-MZ-CHK02,A92E98DA-E476-5795-8F0C-D596AF9E41F3,78BA09A6-A102-5839-8514-480A261C070E,3008,3,CHECK,FALSE,SYNTHETIC — integrated V2 (fixed),TRUE
F3CCAB75-485B-56DE-8386-13F0FC9266A2,012A85EB-C9A3-5335-B844-BC79FB3E8032,SYN-TR-0053,D31D0B3A-9906-504E-8B88-BA3A51BD3F4E,SYN-MZ-00106,E21E5BCD-AD43-5091-9976-859D494C2A12,A2CE9BC6-3967-5E03-9AC6-02C612A45D52,1001,1,TRIAL_ENTRY,FALSE,SYNTHETIC — integrated V2 (fixed),TRUE
6EADBBBD-401F-5335-B8A1-251B6D8C6957,012A85EB-C9A3-5335-B844-BC79FB3E8032,SYN-TR-0053,03B42C84-51CA-5773-8E4C-295473835D66,SYN-MZ-CHK02,A92E98DA-E476-5795-8F0C-D596AF9E41F3,A2CE9BC6-3967-5E03-9AC6-02C612A45D52,1002,1,CHECK,FALSE,SYNTHETIC — integrated V2 (fixed),TRUE
5BD83492-571B-54BD-9ADE-FDA5FBBB4748,012A85EB-C9A3-5335-B844-BC79FB3E8032,SYN-TR-0053,7BFD7ED8-D740-54E9-9E9D-89E766C468ED,SYN-MZ-00108,3B865F64-6613-5A46-A087-C99FEB811407,A2CE9BC6-3967-5E03-9AC6-02C612A45D52,1003,1,TRIAL_ENTRY,FALSE,SYNTHETIC — integrated V2 (fixed),TRUE
F0154E35-9E3F-587D-991B-7E9F42944D61,012A85EB-C9A3-5335-B844-BC79FB3E8032,SYN-TR-0053,40E15A0B-137C-5F72-A21C-478860954756,SYN-MZ-00105,BF429E57-0B14-5568-B28D-69E63D2B103C,A2CE9BC6-3967-5E03-9AC6-02C612A45D52,1004,1,TRIAL_ENTRY,TRUE,SYNTHETIC — integrated V2 (fixed),TRUE
AC355DF7-27BA-508E-AA27-083C7634D954,012A85EB-C9A3-5335-B844-BC79FB3E8032,SYN-TR-0053,895C37E3-3402-5903-BB78-18E139F002E0,SYN-MZ-CHK01,42CE60AF-7FF7-55CE-8F13-7705F3D9EF4B,A2CE9BC6-3967-5E03-9AC6-02C612A45D52,1005,1,CHECK,FALSE,SYNTHETIC — integrated V2 (fixed),TRUE
30A8EA0D-493B-5386-AE99-B31B15984648,012A85EB-C9A3-5335-B844-BC79FB3E8032,SYN-TR-0053,4496507C-64F4-593E-B7C9-34EC243D266E,SYN-MZ-00109,45D8C3FF-FD24-5839-BF7B-DD6A99B7A33C,A2CE9BC6-3967-5E03-9AC6-02C612A45D52,1006,1,TRIAL_ENTRY,FALSE,SYNTHETIC — integrated V2 (fixed),TRUE
EA2E2410-FF35-5E15-BAFB-7B9F51DE2823,012A85EB-C9A3-5335-B844-BC79FB3E8032,SYN-TR-0053,6CAF66B9-5911-548A-9CD3-402E210E39DF,SYN-MZ-00107,DF6DD93A-AB37-5CA3-9967-70731A37E93E,A2CE9BC6-3967-5E03-9AC6-02C612A45D52,1007,1,TRIAL_ENTRY,FALSE,SYNTHETIC — integrated V2 (fixed),TRUE
BA95D78C-0CD0-5A86-8E13-6498746E200D,012A85EB-C9A3-5335-B844-BC79FB3E8032,SYN-TR-0053,0A8854E8-E6EA-5138-8958-FCD031174CF5,SYN-MZ-00110,FCC19640-1809-5DCC-AB32-76FE187626FC,A2CE9BC6-3967-5E03-9AC6-02C612A45D52,1008,1,TRIAL_ENTRY,FALSE,SYNTHETIC — integrated V2 (fixed),TRUE
F30D2AC8-ADA8-501F-A025-C74A0BA93BBF,012A85EB-C9A3-5335-B844-BC79FB3E8032,SYN-TR-0053,D31D0B3A-9906-504E-8B88-BA3A51BD3F4E,SYN-MZ-00106,E21E5BCD-AD43-5091-9976-859D494C2A12,A2CE9BC6-3967-5E03-9AC6-02C612A45D52,2001,2,TRIAL_ENTRY,FALSE,SYNTHETIC — integrated V2 (fixed),TRUE
4918FAF3-9391-528D-927F-615F19D94682,012A85EB-C9A3-5335-B844-BC79FB3E8032,SYN-TR-0053,4496507C-64F4-593E-B7C9-34EC243D266E,SYN-MZ-00109,45D8C3FF-FD24-5839-BF7B-DD6A99B7A33C,A2CE9BC6-3967-5E03-9AC6-02C612A45D52,2002,2,TRIAL_ENTRY,FALSE,SYNTHETIC — integrated V2 (fixed),TRUE
D26E9B3A-F707-51AC-8FF2-2EFFDD815405,012A85EB-C9A3-5335-B844-BC79FB3E8032,SYN-TR-0053,7BFD7ED8-D740-54E9-9E9D-89E766C468ED,SYN-MZ-00108,3B865F64-6613-5A46-A087-C99FEB811407,A2CE9BC6-3967-5E03-9AC6-02C612A45D52,2003,2,TRIAL_ENTRY,FALSE,SYNTHETIC — integrated V2 (fixed),TRUE
95DE4A0B-70E7-5520-A55A-DB44C943EA5D,012A85EB-C9A3-5335-B844-BC79FB3E8032,SYN-TR-0053,40E15A0B-137C-5F72-A21C-478860954756,SYN-MZ-00105,BF429E57-0B14-5568-B28D-69E63D2B103C,A2CE9BC6-3967-5E03-9AC6-02C612A45D52,2004,2,TRIAL_ENTRY,TRUE,SYNTHETIC — integrated V2 (fixed),TRUE
3619DFC1-8D1C-50EF-BA70-9DA2FC2314B4,012A85EB-C9A3-5335-B844-BC79FB3E8032,SYN-TR-0053,0A8854E8-E6EA-5138-8958-FCD031174CF5,SYN-MZ-00110,FCC19640-1809-5DCC-AB32-76FE187626FC,A2CE9BC6-3967-5E03-9AC6-02C612A45D52,2005,2,TRIAL_ENTRY,FALSE,SYNTHETIC — integrated V2 (fixed),TRUE
90656D85-A307-53C6-8775-7835F2C29DE4,012A85EB-C9A3-5335-B844-BC79FB3E8032,SYN-TR-0053,6CAF66B9-5911-548A-9CD3-402E210E39DF,SYN-MZ-00107,DF6DD93A-AB37-5CA3-9967-70731A37E93E,A2CE9BC6-3967-5E03-9AC6-02C612A45D52,2006,2,TRIAL_ENTRY,FALSE,SYNTHETIC — integrated V2 (fixed),TRUE
5D6E8311-667B-5E36-82B2-3CB116E230CD,012A85EB-C9A3-5335-B844-BC79FB3E8032,SYN-TR-0053,895C37E3-3402-5903-BB78-18E139F002E0,SYN-MZ-CHK01,42CE60AF-7FF7-55CE-8F13-7705F3D9EF4B,A2CE9BC6-3967-5E03-9AC6-02C612A45D52,2007,2,CHECK,FALSE,SYNTHETIC — integrated V2 (fixed),TRUE
AE3C864C-5BC3-5160-8716-CEC0AB94A9F1,012A85EB-C9A3-5335-B844-BC79FB3E8032,SYN-TR-0053,03B42C84-51CA-5773-8E4C-295473835D66,SYN-MZ-CHK02,A92E98DA-E476-5795-8F0C-D596AF9E41F3,A2CE9BC6-3967-5E03-9AC6-02C612A45D52,2008,2,CHECK,FALSE,SYNTHETIC — integrated V2 (fixed),TRUE
05F3CEF8-BC99-58A0-9208-53322FF72653,012A85EB-C9A3-5335-B844-BC79FB3E8032,SYN-TR-0053,03B42C84-51CA-5773-8E4C-295473835D66,SYN-MZ-CHK02,A92E98DA-E476-5795-8F0C-D596AF9E41F3,A2CE9BC6-3967-5E03-9AC6-02C612A45D52,3001,3,CHECK,FALSE,SYNTHETIC — integrated V2 (fixed),TRUE
E5641914-4F1C-5BB7-AB18-D06AF290143C,012A85EB-C9A3-5335-B844-BC79FB3E8032,SYN-TR-0053,0A8854E8-E6EA-5138-8958-FCD031174CF5,SYN-MZ-00110,FCC19640-1809-5DCC-AB32-76FE187626FC,A2CE9BC6-3967-5E03-9AC6-02C612A45D52,3002,3,TRIAL_ENTRY,FALSE,SYNTHETIC — integrated V2 (fixed),TRUE
175DC93D-E39B-5AB3-89F3-03B0667D9582,012A85EB-C9A3-5335-B844-BC79FB3E8032,SYN-TR-0053,6CAF66B9-5911-548A-9CD3-402E210E39DF,SYN-MZ-00107,DF6DD93A-AB37-5CA3-9967-70731A37E93E,A2CE9BC6-3967-5E03-9AC6-02C612A45D52,3003,3,TRIAL_ENTRY,FALSE,SYNTHETIC — integrated V2 (fixed),TRUE
E9D4111A-A25C-56C4-B551-54C8BD9A9B77,012A85EB-C9A3-5335-B844-BC79FB3E8032,SYN-TR-0053,D31D0B3A-9906-504E-8B88-BA3A51BD3F4E,SYN-MZ-00106,E21E5BCD-AD43-5091-9976-859D494C2A12,A2CE9BC6-3967-5E03-9AC6-02C612A45D52,3004,3,TRIAL_ENTRY,FALSE,SYNTHETIC — integrated V2 (fixed),TRUE
A203E9A7-15B3-5EF5-AB20-87072E09408F,012A85EB-C9A3-5335-B844-BC79FB3E8032,SYN-TR-0053,895C37E3-3402-5903-BB78-18E139F002E0,SYN-MZ-CHK01,42CE60AF-7FF7-55CE-8F13-7705F3D9EF4B,A2CE9BC6-3967-5E03-9AC6-02C612A45D52,3005,3,CHECK,FALSE,SYNTHETIC — integrated V2 (fixed),TRUE
8042F584-23CF-5CCC-A176-B668245E4CD2,012A85EB-C9A3-5335-B844-BC79FB3E8032,SYN-TR-0053,40E15A0B-137C-5F72-A21C-478860954756,SYN-MZ-00105,BF429E57-0B14-5568-B28D-69E63D2B103C,A2CE9BC6-3967-5E03-9AC6-02C612A45D52,3006,3,TRIAL_ENTRY,TRUE,SYNTHETIC — integrated V2 (fixed),TRUE
F01C8764-DC65-50A2-9B58-DC58B86AE8B2,012A85EB-C9A3-5335-B844-BC79FB3E8032,SYN-TR-0053,7BFD7ED8-D740-54E9-9E9D-89E766C468ED,SYN-MZ-00108,3B865F64-6613-5A46-A087-C99FEB811407,A2CE9BC6-3967-5E03-9AC6-02C612A45D52,3007,3,TRIAL_ENTRY,FALSE,SYNTHETIC — integrated V2 (fixed),TRUE
BBAE2E94-FCD9-51DD-8024-6BE1947387F6,012A85EB-C9A3-5335-B844-BC79FB3E8032,SYN-TR-0053,4496507C-64F4-593E-B7C9-34EC243D266E,SYN-MZ-00109,45D8C3FF-FD24-5839-BF7B-DD6A99B7A33C,A2CE9BC6-3967-5E03-9AC6-02C612A45D52,3008,3,TRIAL_ENTRY,FALSE,SYNTHETIC — integrated V2 (fixed),TRUE
A3F7993A-F6CE-5923-8C4B-2A99BA08B8DA,FEB5A940-C848-5319-AF27-D1F8459905A8,SYN-TR-0054,4496507C-64F4-593E-B7C9-34EC243D266E,SYN-MZ-00109,45D8C3FF-FD24-5839-BF7B-DD6A99B7A33C,9941CF83-849A-52B4-BE5A-2F491CDBED92,1001,1,TRIAL_ENTRY,FALSE,SYNTHETIC — integrated V2 (fixed),TRUE
87A6740C-8957-5925-8E19-304F5D076908,FEB5A940-C848-5319-AF27-D1F8459905A8,SYN-TR-0054,E7D39DA7-7E5D-57F9-9DDB-1CF3E505EFB5,SYN-MZ-00111,5F707720-FF1B-560E-8F9F-599D8213F517,9941CF83-849A-52B4-BE5A-2F491CDBED92,1002,1,TRIAL_ENTRY,FALSE,SYNTHETIC — integrated V2 (fixed),TRUE
50445F4C-ED51-5C46-935E-36C9515B1DEB,FEB5A940-C848-5319-AF27-D1F8459905A8,SYN-TR-0054,895C37E3-3402-5903-BB78-18E139F002E0,SYN-MZ-CHK01,42CE60AF-7FF7-55CE-8F13-7705F3D9EF4B,9941CF83-849A-52B4-BE5A-2F491CDBED92,1003,1,CHECK,FALSE,SYNTHETIC — integrated V2 (fixed),TRUE
270D4DC3-F717-5ADB-900E-28CCD79EE4A2,FEB5A940-C848-5319-AF27-D1F8459905A8,SYN-TR-0054,99337C26-0663-56BF-961D-4B45304F60CB,SYN-MZ-00112,BEB14847-4358-55A6-83C0-34FACD070BDD,9941CF83-849A-52B4-BE5A-2F491CDBED92,1004,1,TRIAL_ENTRY,FALSE,SYNTHETIC — integrated V2 (fixed),TRUE
41801460-7139-58B1-93DE-A4D2FF5D12C6,FEB5A940-C848-5319-AF27-D1F8459905A8,SYN-TR-0054,6CAF66B9-5911-548A-9CD3-402E210E39DF,SYN-MZ-00107,DF6DD93A-AB37-5CA3-9967-70731A37E93E,9941CF83-849A-52B4-BE5A-2F491CDBED92,1005,1,TRIAL_ENTRY,TRUE,SYNTHETIC — integrated V2 (fixed),TRUE
78C572F2-2298-5B98-B32E-28749A97EF28,FEB5A940-C848-5319-AF27-D1F8459905A8,SYN-TR-0054,03B42C84-51CA-5773-8E4C-295473835D66,SYN-MZ-CHK02,A92E98DA-E476-5795-8F0C-D596AF9E41F3,9941CF83-849A-52B4-BE5A-2F491CDBED92,1006,1,CHECK,FALSE,SYNTHETIC — integrated V2 (fixed),TRUE
FA80593C-82FA-52DE-BFFC-8F590EEB83E9,FEB5A940-C848-5319-AF27-D1F8459905A8,SYN-TR-0054,7BFD7ED8-D740-54E9-9E9D-89E766C468ED,SYN-MZ-00108,3B865F64-6613-5A46-A087-C99FEB811407,9941CF83-849A-52B4-BE5A-2F491CDBED92,1007,1,TRIAL_ENTRY,FALSE,SYNTHETIC — integrated V2 (fixed),TRUE
5AFD5780-C013-557E-AFEE-4661604A0C66,FEB5A940-C848-5319-AF27-D1F8459905A8,SYN-TR-0054,0A8854E8-E6EA-5138-8958-FCD031174CF5,SYN-MZ-00110,FCC19640-1809-5DCC-AB32-76FE187626FC,9941CF83-849A-52B4-BE5A-2F491CDBED92,1008,1,TRIAL_ENTRY,FALSE,SYNTHETIC — integrated V2 (fixed),TRUE
115E13EB-E83A-5CB0-AE6E-96044F7DDB54,FEB5A940-C848-5319-AF27-D1F8459905A8,SYN-TR-0054,7BFD7ED8-D740-54E9-9E9D-89E766C468ED,SYN-MZ-00108,3B865F64-6613-5A46-A087-C99FEB811407,9941CF83-849A-52B4-BE5A-2F491CDBED92,2001,2,TRIAL_ENTRY,FALSE,SYNTHETIC — integrated V2 (fixed),TRUE
9605F21E-04EC-5C25-AE67-2A2FF1546704,FEB5A940-C848-5319-AF27-D1F8459905A8,SYN-TR-0054,99337C26-0663-56BF-961D-4B45304F60CB,SYN-MZ-00112,BEB14847-4358-55A6-83C0-34FACD070BDD,9941CF83-849A-52B4-BE5A-2F491CDBED92,2002,2,TRIAL_ENTRY,FALSE,SYNTHETIC — integrated V2 (fixed),TRUE
D368DB85-0235-5F83-8D1F-DF621496B0BE,FEB5A940-C848-5319-AF27-D1F8459905A8,SYN-TR-0054,4496507C-64F4-593E-B7C9-34EC243D266E,SYN-MZ-00109,45D8C3FF-FD24-5839-BF7B-DD6A99B7A33C,9941CF83-849A-52B4-BE5A-2F491CDBED92,2003,2,TRIAL_ENTRY,FALSE,SYNTHETIC — integrated V2 (fixed),TRUE
4A2646C6-8D38-5DBD-8B28-337A001A5DAE,FEB5A940-C848-5319-AF27-D1F8459905A8,SYN-TR-0054,895C37E3-3402-5903-BB78-18E139F002E0,SYN-MZ-CHK01,42CE60AF-7FF7-55CE-8F13-7705F3D9EF4B,9941CF83-849A-52B4-BE5A-2F491CDBED92,2004,2,CHECK,FALSE,SYNTHETIC — integrated V2 (fixed),TRUE
6E5487CB-2E38-5FD6-BB42-43069C1CBCEC,FEB5A940-C848-5319-AF27-D1F8459905A8,SYN-TR-0054,6CAF66B9-5911-548A-9CD3-402E210E39DF,SYN-MZ-00107,DF6DD93A-AB37-5CA3-9967-70731A37E93E,9941CF83-849A-52B4-BE5A-2F491CDBED92,2005,2,TRIAL_ENTRY,TRUE,SYNTHETIC — integrated V2 (fixed),TRUE
7C82ADEE-4525-5B81-B3ED-CA45D4D2F51C,FEB5A940-C848-5319-AF27-D1F8459905A8,SYN-TR-0054,03B42C84-51CA-5773-8E4C-295473835D66,SYN-MZ-CHK02,A92E98DA-E476-5795-8F0C-D596AF9E41F3,9941CF83-849A-52B4-BE5A-2F491CDBED92,2006,2,CHECK,FALSE,SYNTHETIC — integrated V2 (fixed),TRUE
574B597D-35E7-538A-AA12-742643C7003B,FEB5A940-C848-5319-AF27-D1F8459905A8,SYN-TR-0054,E7D39DA7-7E5D-57F9-9DDB-1CF3E505EFB5,SYN-MZ-00111,5F707720-FF1B-560E-8F9F-599D8213F517,9941CF83-849A-52B4-BE5A-2F491CDBED92,2007,2,TRIAL_ENTRY,FALSE,SYNTHETIC — integrated V2 (fixed),TRUE
1CE064CA-84CB-52A0-8D4C-8FA16DEB54E0,FEB5A940-C848-5319-AF27-D1F8459905A8,SYN-TR-0054,0A8854E8-E6EA-5138-8958-FCD031174CF5,SYN-MZ-00110,FCC19640-1809-5DCC-AB32-76FE187626FC,9941CF83-849A-52B4-BE5A-2F491CDBED92,2008,2,TRIAL_ENTRY,FALSE,SYNTHETIC — integrated V2 (fixed),TRUE
5B1F90A4-5E93-540E-89A0-36FB7E8DC907,FEB5A940-C848-5319-AF27-D1F8459905A8,SYN-TR-0054,03B42C84-51CA-5773-8E4C-295473835D66,SYN-MZ-CHK02,A92E98DA-E476-5795-8F0C-D596AF9E41F3,9941CF83-849A-52B4-BE5A-2F491CDBED92,3001,3,CHECK,FALSE,SYNTHETIC — integrated V2 (fixed),TRUE
AF8F57B9-302A-5F01-A6DE-C5B2873256AE,FEB5A940-C848-5319-AF27-D1F8459905A8,SYN-TR-0054,E7D39DA7-7E5D-57F9-9DDB-1CF3E505EFB5,SYN-MZ-00111,5F707720-FF1B-560E-8F9F-599D8213F517,9941CF83-849A-52B4-BE5A-2F491CDBED92,3002,3,TRIAL_ENTRY,FALSE,SYNTHETIC — integrated V2 (fixed),TRUE
859D53B5-004B-5ED0-8607-F38DF3778509,FEB5A940-C848-5319-AF27-D1F8459905A8,SYN-TR-0054,99337C26-0663-56BF-961D-4B45304F60CB,SYN-MZ-00112,BEB14847-4358-55A6-83C0-34FACD070BDD,9941CF83-849A-52B4-BE5A-2F491CDBED92,3003,3,TRIAL_ENTRY,FALSE,SYNTHETIC — integrated V2 (fixed),TRUE
4FC9F22E-6840-5E2D-8CF0-8AA6813EFA33,FEB5A940-C848-5319-AF27-D1F8459905A8,SYN-TR-0054,6CAF66B9-5911-548A-9CD3-402E210E39DF,SYN-MZ-00107,DF6DD93A-AB37-5CA3-9967-70731A37E93E,9941CF83-849A-52B4-BE5A-2F491CDBED92,3004,3,TRIAL_ENTRY,TRUE,SYNTHETIC — integrated V2 (fixed),TRUE
AE196ABA-0C10-5E4C-96B5-0F75522FD00F,FEB5A940-C848-5319-AF27-D1F8459905A8,SYN-TR-0054,4496507C-64F4-593E-B7C9-34EC243D266E,SYN-MZ-00109,45D8C3FF-FD24-5839-BF7B-DD6A99B7A33C,9941CF83-849A-52B4-BE5A-2F491CDBED92,3005,3,TRIAL_ENTRY,FALSE,SYNTHETIC — integrated V2 (fixed),TRUE
1DF2D14D-D05B-5955-9233-D5CDEFE44E53,FEB5A940-C848-5319-AF27-D1F8459905A8,SYN-TR-0054,0A8854E8-E6EA-5138-8958-FCD031174CF5,SYN-MZ-00110,FCC19640-1809-5DCC-AB32-76FE187626FC,9941CF83-849A-52B4-BE5A-2F491CDBED92,3006,3,TRIAL_ENTRY,FALSE,SYNTHETIC — integrated V2 (fixed),TRUE
79E19E78-D14D-5C9E-954F-9E815083D977,FEB5A940-C848-5319-AF27-D1F8459905A8,SYN-TR-0054,7BFD7ED8-D740-54E9-9E9D-89E766C468ED,SYN-MZ-00108,3B865F64-6613-5A46-A087-C99FEB811407,9941CF83-849A-52B4-BE5A-2F491CDBED92,3007,3,TRIAL_ENTRY,FALSE,SYNTHETIC — integrated V2 (fixed),TRUE
976F1A09-F6B2-57B0-A79B-01870F342A44,FEB5A940-C848-5319-AF27-D1F8459905A8,SYN-TR-0054,895C37E3-3402-5903-BB78-18E139F002E0,SYN-MZ-CHK01,42CE60AF-7FF7-55CE-8F13-7705F3D9EF4B,9941CF83-849A-52B4-BE5A-2F491CDBED92,3008,3,CHECK,FALSE,SYNTHETIC — integrated V2 (fixed),TRUE
48ED78ED-3394-5318-BA0D-A084E0D4142C,40BB3CDA-9BC1-5C30-BE8A-42645232E84F,SYN-TR-0055,99337C26-0663-56BF-961D-4B45304F60CB,SYN-MZ-00112,BEB14847-4358-55A6-83C0-34FACD070BDD,DA694A0F-270F-5D96-ABB3-3F4829773352,1001,1,TRIAL_ENTRY,FALSE,SYNTHETIC — integrated V2 (fixed),TRUE
56034F22-3B9E-53F7-B56F-7E83551C1E51,40BB3CDA-9BC1-5C30-BE8A-42645232E84F,SYN-TR-0055,0A8854E8-E6EA-5138-8958-FCD031174CF5,SYN-MZ-00110,FCC19640-1809-5DCC-AB32-76FE187626FC,DA694A0F-270F-5D96-ABB3-3F4829773352,1002,1,TRIAL_ENTRY,FALSE,SYNTHETIC — integrated V2 (fixed),TRUE
6A0DEC51-5E07-5EFB-8DEE-DB7861A31374,40BB3CDA-9BC1-5C30-BE8A-42645232E84F,SYN-TR-0055,895C37E3-3402-5903-BB78-18E139F002E0,SYN-MZ-CHK01,42CE60AF-7FF7-55CE-8F13-7705F3D9EF4B,DA694A0F-270F-5D96-ABB3-3F4829773352,1003,1,CHECK,FALSE,SYNTHETIC — integrated V2 (fixed),TRUE
F39197A0-0657-5CFB-89B1-D6EB5BB5F345,40BB3CDA-9BC1-5C30-BE8A-42645232E84F,SYN-TR-0055,03B42C84-51CA-5773-8E4C-295473835D66,SYN-MZ-CHK02,A92E98DA-E476-5795-8F0C-D596AF9E41F3,DA694A0F-270F-5D96-ABB3-3F4829773352,1004,1,CHECK,FALSE,SYNTHETIC — integrated V2 (fixed),TRUE
469F246E-648C-5A3E-9225-73D96474B55A,40BB3CDA-9BC1-5C30-BE8A-42645232E84F,SYN-TR-0055,E7D39DA7-7E5D-57F9-9DDB-1CF3E505EFB5,SYN-MZ-00111,5F707720-FF1B-560E-8F9F-599D8213F517,DA694A0F-270F-5D96-ABB3-3F4829773352,1005,1,TRIAL_ENTRY,FALSE,SYNTHETIC — integrated V2 (fixed),TRUE
922026ED-73EF-546F-97B0-47604BFCD8A9,40BB3CDA-9BC1-5C30-BE8A-42645232E84F,SYN-TR-0055,4496507C-64F4-593E-B7C9-34EC243D266E,SYN-MZ-00109,45D8C3FF-FD24-5839-BF7B-DD6A99B7A33C,DA694A0F-270F-5D96-ABB3-3F4829773352,1006,1,TRIAL_ENTRY,TRUE,SYNTHETIC — integrated V2 (fixed),TRUE
F3EA0F69-4014-5028-90DD-C7A9BCDB7D77,40BB3CDA-9BC1-5C30-BE8A-42645232E84F,SYN-TR-0055,0A671382-D5A5-5B91-99A7-A870223273AB,SYN-MZ-00113,2E5CC36D-120A-5B22-B51E-CA3CCE92AACB,DA694A0F-270F-5D96-ABB3-3F4829773352,1007,1,TRIAL_ENTRY,FALSE,SYNTHETIC — integrated V2 (fixed),TRUE
A2719CE7-E50A-54F8-B5E4-D02BD458219E,40BB3CDA-9BC1-5C30-BE8A-42645232E84F,SYN-TR-0055,EA1A8089-DDED-5385-9EA5-239A2F522931,SYN-MZ-00114,A25178C1-0DA2-56C9-874F-5EEBF3DEB634,DA694A0F-270F-5D96-ABB3-3F4829773352,1008,1,TRIAL_ENTRY,FALSE,SYNTHETIC — integrated V2 (fixed),TRUE
D066482F-EC36-5E2E-9217-8A55D1701821,40BB3CDA-9BC1-5C30-BE8A-42645232E84F,SYN-TR-0055,EA1A8089-DDED-5385-9EA5-239A2F522931,SYN-MZ-00114,A25178C1-0DA2-56C9-874F-5EEBF3DEB634,DA694A0F-270F-5D96-ABB3-3F4829773352,2001,2,TRIAL_ENTRY,FALSE,SYNTHETIC — integrated V2 (fixed),TRUE
D3253855-3A37-5422-81AF-0982D4D6FD0C,40BB3CDA-9BC1-5C30-BE8A-42645232E84F,SYN-TR-0055,0A671382-D5A5-5B91-99A7-A870223273AB,SYN-MZ-00113,2E5CC36D-120A-5B22-B51E-CA3CCE92AACB,DA694A0F-270F-5D96-ABB3-3F4829773352,2002,2,TRIAL_ENTRY,FALSE,SYNTHETIC — integrated V2 (fixed),TRUE
3E7985E1-B6E4-5D61-AB54-02DDD6E8CE64,40BB3CDA-9BC1-5C30-BE8A-42645232E84F,SYN-TR-0055,03B42C84-51CA-5773-8E4C-295473835D66,SYN-MZ-CHK02,A92E98DA-E476-5795-8F0C-D596AF9E41F3,DA694A0F-270F-5D96-ABB3-3F4829773352,2003,2,CHECK,FALSE,SYNTHETIC — integrated V2 (fixed),TRUE
BC7FF52E-2401-5A11-8BC2-3E0DDC091AEC,40BB3CDA-9BC1-5C30-BE8A-42645232E84F,SYN-TR-0055,895C37E3-3402-5903-BB78-18E139F002E0,SYN-MZ-CHK01,42CE60AF-7FF7-55CE-8F13-7705F3D9EF4B,DA694A0F-270F-5D96-ABB3-3F4829773352,2004,2,CHECK,FALSE,SYNTHETIC — integrated V2 (fixed),TRUE
958DC32B-3B2A-598C-B147-0ABE0341C001,40BB3CDA-9BC1-5C30-BE8A-42645232E84F,SYN-TR-0055,4496507C-64F4-593E-B7C9-34EC243D266E,SYN-MZ-00109,45D8C3FF-FD24-5839-BF7B-DD6A99B7A33C,DA694A0F-270F-5D96-ABB3-3F4829773352,2005,2,TRIAL_ENTRY,TRUE,SYNTHETIC — integrated V2 (fixed),TRUE
F4B2E615-CE54-521D-BE01-ECC0A8C88EE5,40BB3CDA-9BC1-5C30-BE8A-42645232E84F,SYN-TR-0055,0A8854E8-E6EA-5138-8958-FCD031174CF5,SYN-MZ-00110,FCC19640-1809-5DCC-AB32-76FE187626FC,DA694A0F-270F-5D96-ABB3-3F4829773352,2006,2,TRIAL_ENTRY,FALSE,SYNTHETIC — integrated V2 (fixed),TRUE
CBAA0B48-237F-5086-A2BB-C6FE2209855A,40BB3CDA-9BC1-5C30-BE8A-42645232E84F,SYN-TR-0055,E7D39DA7-7E5D-57F9-9DDB-1CF3E505EFB5,SYN-MZ-00111,5F707720-FF1B-560E-8F9F-599D8213F517,DA694A0F-270F-5D96-ABB3-3F4829773352,2007,2,TRIAL_ENTRY,FALSE,SYNTHETIC — integrated V2 (fixed),TRUE
787C3FF0-3D93-50E6-A12D-27E81A536A96,40BB3CDA-9BC1-5C30-BE8A-42645232E84F,SYN-TR-0055,99337C26-0663-56BF-961D-4B45304F60CB,SYN-MZ-00112,BEB14847-4358-55A6-83C0-34FACD070BDD,DA694A0F-270F-5D96-ABB3-3F4829773352,2008,2,TRIAL_ENTRY,FALSE,SYNTHETIC — integrated V2 (fixed),TRUE
3EC823C3-1C01-5CA0-8FB7-9D187B7AE8CF,40BB3CDA-9BC1-5C30-BE8A-42645232E84F,SYN-TR-0055,4496507C-64F4-593E-B7C9-34EC243D266E,SYN-MZ-00109,45D8C3FF-FD24-5839-BF7B-DD6A99B7A33C,DA694A0F-270F-5D96-ABB3-3F4829773352,3001,3,TRIAL_ENTRY,TRUE,SYNTHETIC — integrated V2 (fixed),TRUE
EDCECF60-B939-5463-AB22-096BCA3C9F32,40BB3CDA-9BC1-5C30-BE8A-42645232E84F,SYN-TR-0055,03B42C84-51CA-5773-8E4C-295473835D66,SYN-MZ-CHK02,A92E98DA-E476-5795-8F0C-D596AF9E41F3,DA694A0F-270F-5D96-ABB3-3F4829773352,3002,3,CHECK,FALSE,SYNTHETIC — integrated V2 (fixed),TRUE
30FFDD07-EF2B-5D2D-B4E4-55D4442E8E93,40BB3CDA-9BC1-5C30-BE8A-42645232E84F,SYN-TR-0055,895C37E3-3402-5903-BB78-18E139F002E0,SYN-MZ-CHK01,42CE60AF-7FF7-55CE-8F13-7705F3D9EF4B,DA694A0F-270F-5D96-ABB3-3F4829773352,3003,3,CHECK,FALSE,SYNTHETIC — integrated V2 (fixed),TRUE
088EE39F-2851-541A-BB2A-25D325D42F09,40BB3CDA-9BC1-5C30-BE8A-42645232E84F,SYN-TR-0055,99337C26-0663-56BF-961D-4B45304F60CB,SYN-MZ-00112,BEB14847-4358-55A6-83C0-34FACD070BDD,DA694A0F-270F-5D96-ABB3-3F4829773352,3004,3,TRIAL_ENTRY,FALSE,SYNTHETIC — integrated V2 (fixed),TRUE
D372D34A-7FC7-5F90-9A9F-9FADAD3E29AB,40BB3CDA-9BC1-5C30-BE8A-42645232E84F,SYN-TR-0055,0A8854E8-E6EA-5138-8958-FCD031174CF5,SYN-MZ-00110,FCC19640-1809-5DCC-AB32-76FE187626FC,DA694A0F-270F-5D96-ABB3-3F4829773352,3005,3,TRIAL_ENTRY,FALSE,SYNTHETIC — integrated V2 (fixed),TRUE
ED472C69-AAF5-5EA8-AF83-AE6E5305A7C3,40BB3CDA-9BC1-5C30-BE8A-42645232E84F,SYN-TR-0055,EA1A8089-DDED-5385-9EA5-239A2F522931,SYN-MZ-00114,A25178C1-0DA2-56C9-874F-5EEBF3DEB634,DA694A0F-270F-5D96-ABB3-3F4829773352,3006,3,TRIAL_ENTRY,FALSE,SYNTHETIC — integrated V2 (fixed),TRUE
240C01D5-B9F8-51B5-88CC-247CCAF829CD,40BB3CDA-9BC1-5C30-BE8A-42645232E84F,SYN-TR-0055,0A671382-D5A5-5B91-99A7-A870223273AB,SYN-MZ-00113,2E5CC36D-120A-5B22-B51E-CA3CCE92AACB,DA694A0F-270F-5D96-ABB3-3F4829773352,3007,3,TRIAL_ENTRY,FALSE,SYNTHETIC — integrated V2 (fixed),TRUE
8D32D898-C083-58E7-B8FA-DA612070BA89,40BB3CDA-9BC1-5C30-BE8A-42645232E84F,SYN-TR-0055,E7D39DA7-7E5D-57F9-9DDB-1CF3E505EFB5,SYN-MZ-00111,5F707720-FF1B-560E-8F9F-599D8213F517,DA694A0F-270F-5D96-ABB3-3F4829773352,3008,3,TRIAL_ENTRY,FALSE,SYNTHETIC — integrated V2 (fixed),TRUE
5C2096FB-A30F-55F2-AFCF-940E98D6224A,7F2E6EB2-98B4-57F0-B192-F2388D224D08,SYN-TR-0056,99337C26-0663-56BF-961D-4B45304F60CB,SYN-MZ-00112,BEB14847-4358-55A6-83C0-34FACD070BDD,79D102F1-B85E-56AD-AC13-324BD85744B6,1001,1,TRIAL_ENTRY,FALSE,SYNTHETIC — integrated V2 (fixed),TRUE
A100E2F8-8E25-5E35-A390-79A3B2730B5A,7F2E6EB2-98B4-57F0-B192-F2388D224D08,SYN-TR-0056,0A671382-D5A5-5B91-99A7-A870223273AB,SYN-MZ-00113,2E5CC36D-120A-5B22-B51E-CA3CCE92AACB,79D102F1-B85E-56AD-AC13-324BD85744B6,1002,1,TRIAL_ENTRY,FALSE,SYNTHETIC — integrated V2 (fixed),TRUE
5A657B09-2CCB-550B-A453-C29A64E1E5D6,7F2E6EB2-98B4-57F0-B192-F2388D224D08,SYN-TR-0056,895C37E3-3402-5903-BB78-18E139F002E0,SYN-MZ-CHK01,42CE60AF-7FF7-55CE-8F13-7705F3D9EF4B,79D102F1-B85E-56AD-AC13-324BD85744B6,1003,1,CHECK,FALSE,SYNTHETIC — integrated V2 (fixed),TRUE
D88E12F7-E57C-5A13-97E3-47E58197BFC9,7F2E6EB2-98B4-57F0-B192-F2388D224D08,SYN-TR-0056,E7D39DA7-7E5D-57F9-9DDB-1CF3E505EFB5,SYN-MZ-00111,5F707720-FF1B-560E-8F9F-599D8213F517,79D102F1-B85E-56AD-AC13-324BD85744B6,1004,1,TRIAL_ENTRY,TRUE,SYNTHETIC — integrated V2 (fixed),TRUE
E9DEA77A-8B33-55F2-ADDD-BA7B619AA314,7F2E6EB2-98B4-57F0-B192-F2388D224D08,SYN-TR-0056,03B42C84-51CA-5773-8E4C-295473835D66,SYN-MZ-CHK02,A92E98DA-E476-5795-8F0C-D596AF9E41F3,79D102F1-B85E-56AD-AC13-324BD85744B6,1005,1,CHECK,FALSE,SYNTHETIC — integrated V2 (fixed),TRUE
7B2B52B9-08AC-5E8F-AAF7-38DBE18C8E75,7F2E6EB2-98B4-57F0-B192-F2388D224D08,SYN-TR-0056,EA1A8089-DDED-5385-9EA5-239A2F522931,SYN-MZ-00114,A25178C1-0DA2-56C9-874F-5EEBF3DEB634,79D102F1-B85E-56AD-AC13-324BD85744B6,1006,1,TRIAL_ENTRY,FALSE,SYNTHETIC — integrated V2 (fixed),TRUE
39A01D5A-E2DC-586D-8800-6413CEC253DA,7F2E6EB2-98B4-57F0-B192-F2388D224D08,SYN-TR-0056,9836AEB1-465F-5BDA-85AD-80E64BABEB25,SYN-MZ-00116,05B0E8FC-D811-5E3B-A843-E7F801C0A71D,79D102F1-B85E-56AD-AC13-324BD85744B6,1007,1,TRIAL_ENTRY,FALSE,SYNTHETIC — integrated V2 (fixed),TRUE
8BD4CB44-9005-5564-A6DD-BC2541E18FE9,7F2E6EB2-98B4-57F0-B192-F2388D224D08,SYN-TR-0056,D548B0A8-3654-59DE-87E2-E8729F9D0F8C,SYN-MZ-00115,2468ED54-D6A8-5CEB-BD3F-C1DE8C0BC82D,79D102F1-B85E-56AD-AC13-324BD85744B6,1008,1,TRIAL_ENTRY,FALSE,SYNTHETIC — integrated V2 (fixed),TRUE
1FEB8249-CBD4-5AE3-9140-8248583C3A7E,7F2E6EB2-98B4-57F0-B192-F2388D224D08,SYN-TR-0056,99337C26-0663-56BF-961D-4B45304F60CB,SYN-MZ-00112,BEB14847-4358-55A6-83C0-34FACD070BDD,79D102F1-B85E-56AD-AC13-324BD85744B6,2001,2,TRIAL_ENTRY,FALSE,SYNTHETIC — integrated V2 (fixed),TRUE
C98901F4-97BE-526F-A99C-92357494ECB3,7F2E6EB2-98B4-57F0-B192-F2388D224D08,SYN-TR-0056,9836AEB1-465F-5BDA-85AD-80E64BABEB25,SYN-MZ-00116,05B0E8FC-D811-5E3B-A843-E7F801C0A71D,79D102F1-B85E-56AD-AC13-324BD85744B6,2002,2,TRIAL_ENTRY,FALSE,SYNTHETIC — integrated V2 (fixed),TRUE
E4F83BD8-536F-543F-8490-960BB96EAB1E,7F2E6EB2-98B4-57F0-B192-F2388D224D08,SYN-TR-0056,E7D39DA7-7E5D-57F9-9DDB-1CF3E505EFB5,SYN-MZ-00111,5F707720-FF1B-560E-8F9F-599D8213F517,79D102F1-B85E-56AD-AC13-324BD85744B6,2003,2,TRIAL_ENTRY,TRUE,SYNTHETIC — integrated V2 (fixed),TRUE
B4067B4C-568E-5C84-828D-67C2BB5B981F,7F2E6EB2-98B4-57F0-B192-F2388D224D08,SYN-TR-0056,895C37E3-3402-5903-BB78-18E139F002E0,SYN-MZ-CHK01,42CE60AF-7FF7-55CE-8F13-7705F3D9EF4B,79D102F1-B85E-56AD-AC13-324BD85744B6,2004,2,CHECK,FALSE,SYNTHETIC — integrated V2 (fixed),TRUE
602F118B-7C92-575F-9407-407B9A027EC4,7F2E6EB2-98B4-57F0-B192-F2388D224D08,SYN-TR-0056,0A671382-D5A5-5B91-99A7-A870223273AB,SYN-MZ-00113,2E5CC36D-120A-5B22-B51E-CA3CCE92AACB,79D102F1-B85E-56AD-AC13-324BD85744B6,2005,2,TRIAL_ENTRY,FALSE,SYNTHETIC — integrated V2 (fixed),TRUE
AE5B26BF-7D4F-573A-9747-C212B0C1C1F4,7F2E6EB2-98B4-57F0-B192-F2388D224D08,SYN-TR-0056,D548B0A8-3654-59DE-87E2-E8729F9D0F8C,SYN-MZ-00115,2468ED54-D6A8-5CEB-BD3F-C1DE8C0BC82D,79D102F1-B85E-56AD-AC13-324BD85744B6,2006,2,TRIAL_ENTRY,FALSE,SYNTHETIC — integrated V2 (fixed),TRUE
9DB13A25-FEF1-53AA-90C4-75EC1EB230F7,7F2E6EB2-98B4-57F0-B192-F2388D224D08,SYN-TR-0056,EA1A8089-DDED-5385-9EA5-239A2F522931,SYN-MZ-00114,A25178C1-0DA2-56C9-874F-5EEBF3DEB634,79D102F1-B85E-56AD-AC13-324BD85744B6,2007,2,TRIAL_ENTRY,FALSE,SYNTHETIC — integrated V2 (fixed),TRUE
348C7BD3-89C0-5175-90CF-1D4B485CFEEE,7F2E6EB2-98B4-57F0-B192-F2388D224D08,SYN-TR-0056,03B42C84-51CA-5773-8E4C-295473835D66,SYN-MZ-CHK02,A92E98DA-E476-5795-8F0C-D596AF9E41F3,79D102F1-B85E-56AD-AC13-324BD85744B6,2008,2,CHECK,FALSE,SYNTHETIC — integrated V2 (fixed),TRUE
C38362D5-F48C-51EE-8093-1B0D653101E8,7F2E6EB2-98B4-57F0-B192-F2388D224D08,SYN-TR-0056,EA1A8089-DDED-5385-9EA5-239A2F522931,SYN-MZ-00114,A25178C1-0DA2-56C9-874F-5EEBF3DEB634,79D102F1-B85E-56AD-AC13-324BD85744B6,3001,3,TRIAL_ENTRY,FALSE,SYNTHETIC — integrated V2 (fixed),TRUE
D739E2B4-64FC-56C6-9F93-8A34103750FB,7F2E6EB2-98B4-57F0-B192-F2388D224D08,SYN-TR-0056,9836AEB1-465F-5BDA-85AD-80E64BABEB25,SYN-MZ-00116,05B0E8FC-D811-5E3B-A843-E7F801C0A71D,79D102F1-B85E-56AD-AC13-324BD85744B6,3002,3,TRIAL_ENTRY,FALSE,SYNTHETIC — integrated V2 (fixed),TRUE
5D76490A-9D4F-5881-8247-2153BCA1E042,7F2E6EB2-98B4-57F0-B192-F2388D224D08,SYN-TR-0056,99337C26-0663-56BF-961D-4B45304F60CB,SYN-MZ-00112,BEB14847-4358-55A6-83C0-34FACD070BDD,79D102F1-B85E-56AD-AC13-324BD85744B6,3003,3,TRIAL_ENTRY,FALSE,SYNTHETIC — integrated V2 (fixed),TRUE
B55571FB-49EB-5800-BE75-224AADE5F470,7F2E6EB2-98B4-57F0-B192-F2388D224D08,SYN-TR-0056,E7D39DA7-7E5D-57F9-9DDB-1CF3E505EFB5,SYN-MZ-00111,5F707720-FF1B-560E-8F9F-599D8213F517,79D102F1-B85E-56AD-AC13-324BD85744B6,3004,3,TRIAL_ENTRY,TRUE,SYNTHETIC — integrated V2 (fixed),TRUE
F108223B-0A6B-5AD6-912E-38EEFCBD520E,7F2E6EB2-98B4-57F0-B192-F2388D224D08,SYN-TR-0056,03B42C84-51CA-5773-8E4C-295473835D66,SYN-MZ-CHK02,A92E98DA-E476-5795-8F0C-D596AF9E41F3,79D102F1-B85E-56AD-AC13-324BD85744B6,3005,3,CHECK,FALSE,SYNTHETIC — integrated V2 (fixed),TRUE
42ABC5A2-E327-5DDE-8CF1-2DEA251574F1,7F2E6EB2-98B4-57F0-B192-F2388D224D08,SYN-TR-0056,0A671382-D5A5-5B91-99A7-A870223273AB,SYN-MZ-00113,2E5CC36D-120A-5B22-B51E-CA3CCE92AACB,79D102F1-B85E-56AD-AC13-324BD85744B6,3006,3,TRIAL_ENTRY,FALSE,SYNTHETIC — integrated V2 (fixed),TRUE
535E24D5-9CEF-5FE2-9D69-458562FB484D,7F2E6EB2-98B4-57F0-B192-F2388D224D08,SYN-TR-0056,D548B0A8-3654-59DE-87E2-E8729F9D0F8C,SYN-MZ-00115,2468ED54-D6A8-5CEB-BD3F-C1DE8C0BC82D,79D102F1-B85E-56AD-AC13-324BD85744B6,3007,3,TRIAL_ENTRY,FALSE,SYNTHETIC — integrated V2 (fixed),TRUE
3B1F9ECA-CCF0-5213-BFE8-0A64EEFD05DD,7F2E6EB2-98B4-57F0-B192-F2388D224D08,SYN-TR-0056,895C37E3-3402-5903-BB78-18E139F002E0,SYN-MZ-CHK01,42CE60AF-7FF7-55CE-8F13-7705F3D9EF4B,79D102F1-B85E-56AD-AC13-324BD85744B6,3008,3,CHECK,FALSE,SYNTHETIC — integrated V2 (fixed),TRUE
E705CF34-1914-5901-82D4-FA5187AB4D0D,94FDAF77-3557-50B1-A7CD-5300F8A4E295,SYN-TR-0057,EA1A8089-DDED-5385-9EA5-239A2F522931,SYN-MZ-00114,A25178C1-0DA2-56C9-874F-5EEBF3DEB634,A1D03F7E-F88C-54A1-9A7E-178FD2E83CA3,1001,1,TRIAL_ENTRY,FALSE,SYNTHETIC — integrated V2 (fixed),TRUE
5258141C-D16C-5CEB-824D-1E42DEF4FFBC,94FDAF77-3557-50B1-A7CD-5300F8A4E295,SYN-TR-0057,9836AEB1-465F-5BDA-85AD-80E64BABEB25,SYN-MZ-00116,05B0E8FC-D811-5E3B-A843-E7F801C0A71D,A1D03F7E-F88C-54A1-9A7E-178FD2E83CA3,1002,1,TRIAL_ENTRY,FALSE,SYNTHETIC — integrated V2 (fixed),TRUE
62A01CDE-DD4D-5D99-AE0D-1E9C3157AF33,94FDAF77-3557-50B1-A7CD-5300F8A4E295,SYN-TR-0057,03B42C84-51CA-5773-8E4C-295473835D66,SYN-MZ-CHK02,A92E98DA-E476-5795-8F0C-D596AF9E41F3,A1D03F7E-F88C-54A1-9A7E-178FD2E83CA3,1003,1,CHECK,FALSE,SYNTHETIC — integrated V2 (fixed),TRUE
B6ED1BCA-231A-50C3-8AF8-19E489B629AE,94FDAF77-3557-50B1-A7CD-5300F8A4E295,SYN-TR-0057,D548B0A8-3654-59DE-87E2-E8729F9D0F8C,SYN-MZ-00115,2468ED54-D6A8-5CEB-BD3F-C1DE8C0BC82D,A1D03F7E-F88C-54A1-9A7E-178FD2E83CA3,1004,1,TRIAL_ENTRY,FALSE,SYNTHETIC — integrated V2 (fixed),TRUE
28BB851F-E6A2-5228-AE2B-9CC38321A9F1,94FDAF77-3557-50B1-A7CD-5300F8A4E295,SYN-TR-0057,F288242F-5737-58C8-88E2-064D25869916,SYN-MZ-00118,91D8E197-4C2A-52AE-9ACD-3565F02CFCE6,A1D03F7E-F88C-54A1-9A7E-178FD2E83CA3,1005,1,TRIAL_ENTRY,FALSE,SYNTHETIC — integrated V2 (fixed),TRUE
D0DA2A90-12A2-56F1-A96C-49F09E902AF9,94FDAF77-3557-50B1-A7CD-5300F8A4E295,SYN-TR-0057,895C37E3-3402-5903-BB78-18E139F002E0,SYN-MZ-CHK01,42CE60AF-7FF7-55CE-8F13-7705F3D9EF4B,A1D03F7E-F88C-54A1-9A7E-178FD2E83CA3,1006,1,CHECK,FALSE,SYNTHETIC — integrated V2 (fixed),TRUE
F34614CE-D061-59C5-9201-8A5764D95C11,94FDAF77-3557-50B1-A7CD-5300F8A4E295,SYN-TR-0057,D24220FC-041B-5AE7-8248-88C18C7CFFA0,SYN-MZ-00117,BC5E4E1A-F5DB-53F3-B9F7-DB5191ED4EE0,A1D03F7E-F88C-54A1-9A7E-178FD2E83CA3,1007,1,TRIAL_ENTRY,FALSE,SYNTHETIC — integrated V2 (fixed),TRUE
7D1972F8-83F5-58B4-9557-EF9BFA990DD7,94FDAF77-3557-50B1-A7CD-5300F8A4E295,SYN-TR-0057,0A671382-D5A5-5B91-99A7-A870223273AB,SYN-MZ-00113,2E5CC36D-120A-5B22-B51E-CA3CCE92AACB,A1D03F7E-F88C-54A1-9A7E-178FD2E83CA3,1008,1,TRIAL_ENTRY,TRUE,SYNTHETIC — integrated V2 (fixed),TRUE
1AF78AE6-8CAA-5FDC-9013-D85F754BF3B1,94FDAF77-3557-50B1-A7CD-5300F8A4E295,SYN-TR-0057,D548B0A8-3654-59DE-87E2-E8729F9D0F8C,SYN-MZ-00115,2468ED54-D6A8-5CEB-BD3F-C1DE8C0BC82D,A1D03F7E-F88C-54A1-9A7E-178FD2E83CA3,2001,2,TRIAL_ENTRY,FALSE,SYNTHETIC — integrated V2 (fixed),TRUE
448FC74E-839A-508C-9316-898A31B50A6A,94FDAF77-3557-50B1-A7CD-5300F8A4E295,SYN-TR-0057,895C37E3-3402-5903-BB78-18E139F002E0,SYN-MZ-CHK01,42CE60AF-7FF7-55CE-8F13-7705F3D9EF4B,A1D03F7E-F88C-54A1-9A7E-178FD2E83CA3,2002,2,CHECK,FALSE,SYNTHETIC — integrated V2 (fixed),TRUE
99700A23-5392-534A-9CE8-4DD4E92DFE79,94FDAF77-3557-50B1-A7CD-5300F8A4E295,SYN-TR-0057,0A671382-D5A5-5B91-99A7-A870223273AB,SYN-MZ-00113,2E5CC36D-120A-5B22-B51E-CA3CCE92AACB,A1D03F7E-F88C-54A1-9A7E-178FD2E83CA3,2003,2,TRIAL_ENTRY,TRUE,SYNTHETIC — integrated V2 (fixed),TRUE
B7CE7000-D4FE-526D-8F89-4A5CDF99F6A3,94FDAF77-3557-50B1-A7CD-5300F8A4E295,SYN-TR-0057,EA1A8089-DDED-5385-9EA5-239A2F522931,SYN-MZ-00114,A25178C1-0DA2-56C9-874F-5EEBF3DEB634,A1D03F7E-F88C-54A1-9A7E-178FD2E83CA3,2004,2,TRIAL_ENTRY,FALSE,SYNTHETIC — integrated V2 (fixed),TRUE
2880AA60-6393-5BA2-8C92-284B452CCA39,94FDAF77-3557-50B1-A7CD-5300F8A4E295,SYN-TR-0057,F288242F-5737-58C8-88E2-064D25869916,SYN-MZ-00118,91D8E197-4C2A-52AE-9ACD-3565F02CFCE6,A1D03F7E-F88C-54A1-9A7E-178FD2E83CA3,2005,2,TRIAL_ENTRY,FALSE,SYNTHETIC — integrated V2 (fixed),TRUE
E55BAFE1-EC73-5D1B-BB27-FA49376B5C50,94FDAF77-3557-50B1-A7CD-5300F8A4E295,SYN-TR-0057,9836AEB1-465F-5BDA-85AD-80E64BABEB25,SYN-MZ-00116,05B0E8FC-D811-5E3B-A843-E7F801C0A71D,A1D03F7E-F88C-54A1-9A7E-178FD2E83CA3,2006,2,TRIAL_ENTRY,FALSE,SYNTHETIC — integrated V2 (fixed),TRUE
904800F8-1BB9-5BC9-997A-85DAF695AF8D,94FDAF77-3557-50B1-A7CD-5300F8A4E295,SYN-TR-0057,D24220FC-041B-5AE7-8248-88C18C7CFFA0,SYN-MZ-00117,BC5E4E1A-F5DB-53F3-B9F7-DB5191ED4EE0,A1D03F7E-F88C-54A1-9A7E-178FD2E83CA3,2007,2,TRIAL_ENTRY,FALSE,SYNTHETIC — integrated V2 (fixed),TRUE
EFD5A6CE-A7BF-56FB-94FB-7A5FD2F333EA,94FDAF77-3557-50B1-A7CD-5300F8A4E295,SYN-TR-0057,03B42C84-51CA-5773-8E4C-295473835D66,SYN-MZ-CHK02,A92E98DA-E476-5795-8F0C-D596AF9E41F3,A1D03F7E-F88C-54A1-9A7E-178FD2E83CA3,2008,2,CHECK,FALSE,SYNTHETIC — integrated V2 (fixed),TRUE
6070E766-672E-5A64-876A-B64F8C0D1724,94FDAF77-3557-50B1-A7CD-5300F8A4E295,SYN-TR-0057,03B42C84-51CA-5773-8E4C-295473835D66,SYN-MZ-CHK02,A92E98DA-E476-5795-8F0C-D596AF9E41F3,A1D03F7E-F88C-54A1-9A7E-178FD2E83CA3,3001,3,CHECK,FALSE,SYNTHETIC — integrated V2 (fixed),TRUE
BF6423BC-005E-56A6-9668-F2FDE1DAA2B0,94FDAF77-3557-50B1-A7CD-5300F8A4E295,SYN-TR-0057,F288242F-5737-58C8-88E2-064D25869916,SYN-MZ-00118,91D8E197-4C2A-52AE-9ACD-3565F02CFCE6,A1D03F7E-F88C-54A1-9A7E-178FD2E83CA3,3002,3,TRIAL_ENTRY,FALSE,SYNTHETIC — integrated V2 (fixed),TRUE
B4CA567F-505B-5E82-96A2-CCCCCC67CA09,94FDAF77-3557-50B1-A7CD-5300F8A4E295,SYN-TR-0057,9836AEB1-465F-5BDA-85AD-80E64BABEB25,SYN-MZ-00116,05B0E8FC-D811-5E3B-A843-E7F801C0A71D,A1D03F7E-F88C-54A1-9A7E-178FD2E83CA3,3003,3,TRIAL_ENTRY,FALSE,SYNTHETIC — integrated V2 (fixed),TRUE
2A90D13A-B6FD-5F4B-BB5C-714565D56E35,94FDAF77-3557-50B1-A7CD-5300F8A4E295,SYN-TR-0057,0A671382-D5A5-5B91-99A7-A870223273AB,SYN-MZ-00113,2E5CC36D-120A-5B22-B51E-CA3CCE92AACB,A1D03F7E-F88C-54A1-9A7E-178FD2E83CA3,3004,3,TRIAL_ENTRY,TRUE,SYNTHETIC — integrated V2 (fixed),TRUE
9410FEAA-E85B-52D5-9D5E-D3AB4A04CC75,94FDAF77-3557-50B1-A7CD-5300F8A4E295,SYN-TR-0057,EA1A8089-DDED-5385-9EA5-239A2F522931,SYN-MZ-00114,A25178C1-0DA2-56C9-874F-5EEBF3DEB634,A1D03F7E-F88C-54A1-9A7E-178FD2E83CA3,3005,3,TRIAL_ENTRY,FALSE,SYNTHETIC — integrated V2 (fixed),TRUE
D2291DFD-370A-5C06-BB89-371460187E30,94FDAF77-3557-50B1-A7CD-5300F8A4E295,SYN-TR-0057,D24220FC-041B-5AE7-8248-88C18C7CFFA0,SYN-MZ-00117,BC5E4E1A-F5DB-53F3-B9F7-DB5191ED4EE0,A1D03F7E-F88C-54A1-9A7E-178FD2E83CA3,3006,3,TRIAL_ENTRY,FALSE,SYNTHETIC — integrated V2 (fixed),TRUE
F57012DD-BD11-5E7A-B536-37C48487D1A8,94FDAF77-3557-50B1-A7CD-5300F8A4E295,SYN-TR-0057,D548B0A8-3654-59DE-87E2-E8729F9D0F8C,SYN-MZ-00115,2468ED54-D6A8-5CEB-BD3F-C1DE8C0BC82D,A1D03F7E-F88C-54A1-9A7E-178FD2E83CA3,3007,3,TRIAL_ENTRY,FALSE,SYNTHETIC — integrated V2 (fixed),TRUE
104BD4F0-8E23-5EEA-9FE3-DC73900B562E,94FDAF77-3557-50B1-A7CD-5300F8A4E295,SYN-TR-0057,895C37E3-3402-5903-BB78-18E139F002E0,SYN-MZ-CHK01,42CE60AF-7FF7-55CE-8F13-7705F3D9EF4B,A1D03F7E-F88C-54A1-9A7E-178FD2E83CA3,3008,3,CHECK,FALSE,SYNTHETIC — integrated V2 (fixed),TRUE
062E50B2-4321-5A99-B5C3-75940B652342,0A2E7740-623C-5869-9F9A-9B9E6743759E,SYN-TR-0058,6EA50459-A971-5271-BBBC-46B5E2E45F2F,SYN-MZ-00120,9284CA46-FECA-5046-90E8-29F70DF49A2F,56C43E2D-570A-5C88-AA2B-7D1382DE35FF,1001,1,TRIAL_ENTRY,FALSE,SYNTHETIC — integrated V2 (fixed),TRUE
21BDF9FF-BC98-5E45-A304-4619F58EB796,0A2E7740-623C-5869-9F9A-9B9E6743759E,SYN-TR-0058,F288242F-5737-58C8-88E2-064D25869916,SYN-MZ-00118,91D8E197-4C2A-52AE-9ACD-3565F02CFCE6,56C43E2D-570A-5C88-AA2B-7D1382DE35FF,1002,1,TRIAL_ENTRY,FALSE,SYNTHETIC — integrated V2 (fixed),TRUE
14370934-441B-50CA-9C97-7F9D7E4CA320,0A2E7740-623C-5869-9F9A-9B9E6743759E,SYN-TR-0058,9836AEB1-465F-5BDA-85AD-80E64BABEB25,SYN-MZ-00116,05B0E8FC-D811-5E3B-A843-E7F801C0A71D,56C43E2D-570A-5C88-AA2B-7D1382DE35FF,1003,1,TRIAL_ENTRY,FALSE,SYNTHETIC — integrated V2 (fixed),TRUE
EA6911EA-A8F4-5405-B596-3444E2F24596,0A2E7740-623C-5869-9F9A-9B9E6743759E,SYN-TR-0058,895C37E3-3402-5903-BB78-18E139F002E0,SYN-MZ-CHK01,42CE60AF-7FF7-55CE-8F13-7705F3D9EF4B,56C43E2D-570A-5C88-AA2B-7D1382DE35FF,1004,1,CHECK,FALSE,SYNTHETIC — integrated V2 (fixed),TRUE
F734423C-BFAE-56F5-B91E-11F6D13E2693,0A2E7740-623C-5869-9F9A-9B9E6743759E,SYN-TR-0058,D548B0A8-3654-59DE-87E2-E8729F9D0F8C,SYN-MZ-00115,2468ED54-D6A8-5CEB-BD3F-C1DE8C0BC82D,56C43E2D-570A-5C88-AA2B-7D1382DE35FF,1005,1,TRIAL_ENTRY,TRUE,SYNTHETIC — integrated V2 (fixed),TRUE
51433D6B-3674-5DCF-BD7A-E6EBA412CF78,0A2E7740-623C-5869-9F9A-9B9E6743759E,SYN-TR-0058,D24220FC-041B-5AE7-8248-88C18C7CFFA0,SYN-MZ-00117,BC5E4E1A-F5DB-53F3-B9F7-DB5191ED4EE0,56C43E2D-570A-5C88-AA2B-7D1382DE35FF,1006,1,TRIAL_ENTRY,FALSE,SYNTHETIC — integrated V2 (fixed),TRUE
D81A5B5E-8280-5C2A-9CDF-9773E0E4192B,0A2E7740-623C-5869-9F9A-9B9E6743759E,SYN-TR-0058,CABD4F18-9788-5897-9751-A7B474D482E3,SYN-MZ-00119,95E26EFE-5D0B-57FD-B8AC-DCA7803429AD,56C43E2D-570A-5C88-AA2B-7D1382DE35FF,1007,1,TRIAL_ENTRY,FALSE,SYNTHETIC — integrated V2 (fixed),TRUE
93461817-FD7A-580C-B754-CBC82D8681F4,0A2E7740-623C-5869-9F9A-9B9E6743759E,SYN-TR-0058,03B42C84-51CA-5773-8E4C-295473835D66,SYN-MZ-CHK02,A92E98DA-E476-5795-8F0C-D596AF9E41F3,56C43E2D-570A-5C88-AA2B-7D1382DE35FF,1008,1,CHECK,FALSE,SYNTHETIC — integrated V2 (fixed),TRUE
6E77EC8C-E8D0-58F9-A4EE-B3B6392063AA,0A2E7740-623C-5869-9F9A-9B9E6743759E,SYN-TR-0058,CABD4F18-9788-5897-9751-A7B474D482E3,SYN-MZ-00119,95E26EFE-5D0B-57FD-B8AC-DCA7803429AD,56C43E2D-570A-5C88-AA2B-7D1382DE35FF,2001,2,TRIAL_ENTRY,FALSE,SYNTHETIC — integrated V2 (fixed),TRUE
89C27E9F-454D-5ACD-A7B3-C4E32779469E,0A2E7740-623C-5869-9F9A-9B9E6743759E,SYN-TR-0058,03B42C84-51CA-5773-8E4C-295473835D66,SYN-MZ-CHK02,A92E98DA-E476-5795-8F0C-D596AF9E41F3,56C43E2D-570A-5C88-AA2B-7D1382DE35FF,2002,2,CHECK,FALSE,SYNTHETIC — integrated V2 (fixed),TRUE
33A264FF-86BB-5D2A-8E28-7F2748079E49,0A2E7740-623C-5869-9F9A-9B9E6743759E,SYN-TR-0058,895C37E3-3402-5903-BB78-18E139F002E0,SYN-MZ-CHK01,42CE60AF-7FF7-55CE-8F13-7705F3D9EF4B,56C43E2D-570A-5C88-AA2B-7D1382DE35FF,2003,2,CHECK,FALSE,SYNTHETIC — integrated V2 (fixed),TRUE
DFDE0730-AEB1-57B3-BBE4-E672DAAB7066,0A2E7740-623C-5869-9F9A-9B9E6743759E,SYN-TR-0058,6EA50459-A971-5271-BBBC-46B5E2E45F2F,SYN-MZ-00120,9284CA46-FECA-5046-90E8-29F70DF49A2F,56C43E2D-570A-5C88-AA2B-7D1382DE35FF,2004,2,TRIAL_ENTRY,FALSE,SYNTHETIC — integrated V2 (fixed),TRUE
2A0F8BF5-FA06-5A58-8C25-41370A320685,0A2E7740-623C-5869-9F9A-9B9E6743759E,SYN-TR-0058,D548B0A8-3654-59DE-87E2-E8729F9D0F8C,SYN-MZ-00115,2468ED54-D6A8-5CEB-BD3F-C1DE8C0BC82D,56C43E2D-570A-5C88-AA2B-7D1382DE35FF,2005,2,TRIAL_ENTRY,TRUE,SYNTHETIC — integrated V2 (fixed),TRUE
5F9BBBB0-5CC0-53D7-B2D0-A23D3BF266AF,0A2E7740-623C-5869-9F9A-9B9E6743759E,SYN-TR-0058,F288242F-5737-58C8-88E2-064D25869916,SYN-MZ-00118,91D8E197-4C2A-52AE-9ACD-3565F02CFCE6,56C43E2D-570A-5C88-AA2B-7D1382DE35FF,2006,2,TRIAL_ENTRY,FALSE,SYNTHETIC — integrated V2 (fixed),TRUE
69BB0A40-11E1-577F-B777-58879C1D3678,0A2E7740-623C-5869-9F9A-9B9E6743759E,SYN-TR-0058,D24220FC-041B-5AE7-8248-88C18C7CFFA0,SYN-MZ-00117,BC5E4E1A-F5DB-53F3-B9F7-DB5191ED4EE0,56C43E2D-570A-5C88-AA2B-7D1382DE35FF,2007,2,TRIAL_ENTRY,FALSE,SYNTHETIC — integrated V2 (fixed),TRUE
443BA21B-E684-515C-8CB4-3C29060A19F5,0A2E7740-623C-5869-9F9A-9B9E6743759E,SYN-TR-0058,9836AEB1-465F-5BDA-85AD-80E64BABEB25,SYN-MZ-00116,05B0E8FC-D811-5E3B-A843-E7F801C0A71D,56C43E2D-570A-5C88-AA2B-7D1382DE35FF,2008,2,TRIAL_ENTRY,FALSE,SYNTHETIC — integrated V2 (fixed),TRUE
2513104F-854F-528D-9815-50C7A975A1C7,0A2E7740-623C-5869-9F9A-9B9E6743759E,SYN-TR-0058,6EA50459-A971-5271-BBBC-46B5E2E45F2F,SYN-MZ-00120,9284CA46-FECA-5046-90E8-29F70DF49A2F,56C43E2D-570A-5C88-AA2B-7D1382DE35FF,3001,3,TRIAL_ENTRY,FALSE,SYNTHETIC — integrated V2 (fixed),TRUE
DB5A5A74-AEB7-5D9A-8641-0281F6219CFB,0A2E7740-623C-5869-9F9A-9B9E6743759E,SYN-TR-0058,9836AEB1-465F-5BDA-85AD-80E64BABEB25,SYN-MZ-00116,05B0E8FC-D811-5E3B-A843-E7F801C0A71D,56C43E2D-570A-5C88-AA2B-7D1382DE35FF,3002,3,TRIAL_ENTRY,FALSE,SYNTHETIC — integrated V2 (fixed),TRUE
DCA8E9D4-C0A3-5281-A162-8A94C3383926,0A2E7740-623C-5869-9F9A-9B9E6743759E,SYN-TR-0058,CABD4F18-9788-5897-9751-A7B474D482E3,SYN-MZ-00119,95E26EFE-5D0B-57FD-B8AC-DCA7803429AD,56C43E2D-570A-5C88-AA2B-7D1382DE35FF,3003,3,TRIAL_ENTRY,FALSE,SYNTHETIC — integrated V2 (fixed),TRUE
1AE8497E-1E23-554F-8E58-A9C788CF9DF0,0A2E7740-623C-5869-9F9A-9B9E6743759E,SYN-TR-0058,03B42C84-51CA-5773-8E4C-295473835D66,SYN-MZ-CHK02,A92E98DA-E476-5795-8F0C-D596AF9E41F3,56C43E2D-570A-5C88-AA2B-7D1382DE35FF,3004,3,CHECK,FALSE,SYNTHETIC — integrated V2 (fixed),TRUE
B3DEC836-6CBC-51E0-8744-C65512E84497,0A2E7740-623C-5869-9F9A-9B9E6743759E,SYN-TR-0058,D548B0A8-3654-59DE-87E2-E8729F9D0F8C,SYN-MZ-00115,2468ED54-D6A8-5CEB-BD3F-C1DE8C0BC82D,56C43E2D-570A-5C88-AA2B-7D1382DE35FF,3005,3,TRIAL_ENTRY,TRUE,SYNTHETIC — integrated V2 (fixed),TRUE
5CABCB84-5BD6-57FF-B67E-5DB2CB16C196,0A2E7740-623C-5869-9F9A-9B9E6743759E,SYN-TR-0058,D24220FC-041B-5AE7-8248-88C18C7CFFA0,SYN-MZ-00117,BC5E4E1A-F5DB-53F3-B9F7-DB5191ED4EE0,56C43E2D-570A-5C88-AA2B-7D1382DE35FF,3006,3,TRIAL_ENTRY,FALSE,SYNTHETIC — integrated V2 (fixed),TRUE
B335DB33-32E1-57C2-AF19-242FD4136D51,0A2E7740-623C-5869-9F9A-9B9E6743759E,SYN-TR-0058,F288242F-5737-58C8-88E2-064D25869916,SYN-MZ-00118,91D8E197-4C2A-52AE-9ACD-3565F02CFCE6,56C43E2D-570A-5C88-AA2B-7D1382DE35FF,3007,3,TRIAL_ENTRY,FALSE,SYNTHETIC — integrated V2 (fixed),TRUE
F988720B-2482-58C5-B926-0A508A10A85E,0A2E7740-623C-5869-9F9A-9B9E6743759E,SYN-TR-0058,895C37E3-3402-5903-BB78-18E139F002E0,SYN-MZ-CHK01,42CE60AF-7FF7-55CE-8F13-7705F3D9EF4B,56C43E2D-570A-5C88-AA2B-7D1382DE35FF,3008,3,CHECK,FALSE,SYNTHETIC — integrated V2 (fixed),TRUE
8C7A719A-FCBF-5DF1-9B1E-9A25FC66CF28,F3F213F6-5151-5B5D-B412-EBD56D227E9D,SYN-TR-0059,F288242F-5737-58C8-88E2-064D25869916,SYN-MZ-00118,91D8E197-4C2A-52AE-9ACD-3565F02CFCE6,3DA828DA-CE28-5BC9-B443-63B63E4A5DA1,1001,1,TRIAL_ENTRY,FALSE,SYNTHETIC — integrated V2 (fixed),TRUE
EE4BD3A1-1226-5AD8-B18C-7EC6644A153D,F3F213F6-5151-5B5D-B412-EBD56D227E9D,SYN-TR-0059,03B42C84-51CA-5773-8E4C-295473835D66,SYN-MZ-CHK02,A92E98DA-E476-5795-8F0C-D596AF9E41F3,3DA828DA-CE28-5BC9-B443-63B63E4A5DA1,1002,1,CHECK,FALSE,SYNTHETIC — integrated V2 (fixed),TRUE
98AEEAA3-B1CF-537D-A862-B9907B2C5A5B,F3F213F6-5151-5B5D-B412-EBD56D227E9D,SYN-TR-0059,4E026AB5-7BF0-56A0-9A72-D0B70F1FA056,SYN-MZ-00121,47DED13A-AB56-5DAD-9280-035978ACB822,3DA828DA-CE28-5BC9-B443-63B63E4A5DA1,1003,1,TRIAL_ENTRY,FALSE,SYNTHETIC — integrated V2 (fixed),TRUE
0E6C8CE4-B7EF-546C-BA63-D5E020DA8C82,F3F213F6-5151-5B5D-B412-EBD56D227E9D,SYN-TR-0059,895C37E3-3402-5903-BB78-18E139F002E0,SYN-MZ-CHK01,42CE60AF-7FF7-55CE-8F13-7705F3D9EF4B,3DA828DA-CE28-5BC9-B443-63B63E4A5DA1,1004,1,CHECK,FALSE,SYNTHETIC — integrated V2 (fixed),TRUE
93853606-7E37-5AF1-91CE-2F7FB6725BB1,F3F213F6-5151-5B5D-B412-EBD56D227E9D,SYN-TR-0059,CABD4F18-9788-5897-9751-A7B474D482E3,SYN-MZ-00119,95E26EFE-5D0B-57FD-B8AC-DCA7803429AD,3DA828DA-CE28-5BC9-B443-63B63E4A5DA1,1005,1,TRIAL_ENTRY,FALSE,SYNTHETIC — integrated V2 (fixed),TRUE
6A729FDF-F82F-5B03-A16F-EC98AA56FDF9,F3F213F6-5151-5B5D-B412-EBD56D227E9D,SYN-TR-0059,6EA50459-A971-5271-BBBC-46B5E2E45F2F,SYN-MZ-00120,9284CA46-FECA-5046-90E8-29F70DF49A2F,3DA828DA-CE28-5BC9-B443-63B63E4A5DA1,1006,1,TRIAL_ENTRY,FALSE,SYNTHETIC — integrated V2 (fixed),TRUE
1B55DE0F-1CA3-5FBA-9BA4-D4C3F8CB91BA,F3F213F6-5151-5B5D-B412-EBD56D227E9D,SYN-TR-0059,D24220FC-041B-5AE7-8248-88C18C7CFFA0,SYN-MZ-00117,BC5E4E1A-F5DB-53F3-B9F7-DB5191ED4EE0,3DA828DA-CE28-5BC9-B443-63B63E4A5DA1,1007,1,TRIAL_ENTRY,TRUE,SYNTHETIC — integrated V2 (fixed),TRUE
9535E609-0F06-5CFC-89E0-192E017DB000,F3F213F6-5151-5B5D-B412-EBD56D227E9D,SYN-TR-0059,B4D65658-99B8-5007-8181-CB57FABF1A6A,SYN-MZ-00122,9DCA5FD8-D856-5646-85D2-72EA9A56922C,3DA828DA-CE28-5BC9-B443-63B63E4A5DA1,1008,1,TRIAL_ENTRY,FALSE,SYNTHETIC — integrated V2 (fixed),TRUE
B99521A7-4FAD-523A-A026-B68A5E04A3E0,F3F213F6-5151-5B5D-B412-EBD56D227E9D,SYN-TR-0059,CABD4F18-9788-5897-9751-A7B474D482E3,SYN-MZ-00119,95E26EFE-5D0B-57FD-B8AC-DCA7803429AD,3DA828DA-CE28-5BC9-B443-63B63E4A5DA1,2001,2,TRIAL_ENTRY,FALSE,SYNTHETIC — integrated V2 (fixed),TRUE
7F32E609-6700-50F1-812B-5E63AFCF04DF,F3F213F6-5151-5B5D-B412-EBD56D227E9D,SYN-TR-0059,6EA50459-A971-5271-BBBC-46B5E2E45F2F,SYN-MZ-00120,9284CA46-FECA-5046-90E8-29F70DF49A2F,3DA828DA-CE28-5BC9-B443-63B63E4A5DA1,2002,2,TRIAL_ENTRY,FALSE,SYNTHETIC — integrated V2 (fixed),TRUE
FEBCDAD8-65C7-5C7A-BE42-D3458E6F7B9D,F3F213F6-5151-5B5D-B412-EBD56D227E9D,SYN-TR-0059,D24220FC-041B-5AE7-8248-88C18C7CFFA0,SYN-MZ-00117,BC5E4E1A-F5DB-53F3-B9F7-DB5191ED4EE0,3DA828DA-CE28-5BC9-B443-63B63E4A5DA1,2003,2,TRIAL_ENTRY,TRUE,SYNTHETIC — integrated V2 (fixed),TRUE
5F0265DB-83A4-5F9C-9DCE-0EB4CB9449FF,F3F213F6-5151-5B5D-B412-EBD56D227E9D,SYN-TR-0059,895C37E3-3402-5903-BB78-18E139F002E0,SYN-MZ-CHK01,42CE60AF-7FF7-55CE-8F13-7705F3D9EF4B,3DA828DA-CE28-5BC9-B443-63B63E4A5DA1,2004,2,CHECK,FALSE,SYNTHETIC — integrated V2 (fixed),TRUE
FC08C0F9-3AA7-50F2-AD4F-7E0F90D5D34D,F3F213F6-5151-5B5D-B412-EBD56D227E9D,SYN-TR-0059,4E026AB5-7BF0-56A0-9A72-D0B70F1FA056,SYN-MZ-00121,47DED13A-AB56-5DAD-9280-035978ACB822,3DA828DA-CE28-5BC9-B443-63B63E4A5DA1,2005,2,TRIAL_ENTRY,FALSE,SYNTHETIC — integrated V2 (fixed),TRUE
E7ADBFE5-7C55-5430-B13B-3FFF07976B6D,F3F213F6-5151-5B5D-B412-EBD56D227E9D,SYN-TR-0059,B4D65658-99B8-5007-8181-CB57FABF1A6A,SYN-MZ-00122,9DCA5FD8-D856-5646-85D2-72EA9A56922C,3DA828DA-CE28-5BC9-B443-63B63E4A5DA1,2006,2,TRIAL_ENTRY,FALSE,SYNTHETIC — integrated V2 (fixed),TRUE
20CBD152-FE5E-5A64-8446-4660DC851A4D,F3F213F6-5151-5B5D-B412-EBD56D227E9D,SYN-TR-0059,03B42C84-51CA-5773-8E4C-295473835D66,SYN-MZ-CHK02,A92E98DA-E476-5795-8F0C-D596AF9E41F3,3DA828DA-CE28-5BC9-B443-63B63E4A5DA1,2007,2,CHECK,FALSE,SYNTHETIC — integrated V2 (fixed),TRUE
4E24D3EF-28F6-51FF-8DED-B2B7BA56241D,F3F213F6-5151-5B5D-B412-EBD56D227E9D,SYN-TR-0059,F288242F-5737-58C8-88E2-064D25869916,SYN-MZ-00118,91D8E197-4C2A-52AE-9ACD-3565F02CFCE6,3DA828DA-CE28-5BC9-B443-63B63E4A5DA1,2008,2,TRIAL_ENTRY,FALSE,SYNTHETIC — integrated V2 (fixed),TRUE
9C955465-F088-51A8-B299-195FC7F0EDE2,F3F213F6-5151-5B5D-B412-EBD56D227E9D,SYN-TR-0059,CABD4F18-9788-5897-9751-A7B474D482E3,SYN-MZ-00119,95E26EFE-5D0B-57FD-B8AC-DCA7803429AD,3DA828DA-CE28-5BC9-B443-63B63E4A5DA1,3001,3,TRIAL_ENTRY,FALSE,SYNTHETIC — integrated V2 (fixed),TRUE
8391E580-504C-5CCE-A7A3-5E15A3365BC5,F3F213F6-5151-5B5D-B412-EBD56D227E9D,SYN-TR-0059,895C37E3-3402-5903-BB78-18E139F002E0,SYN-MZ-CHK01,42CE60AF-7FF7-55CE-8F13-7705F3D9EF4B,3DA828DA-CE28-5BC9-B443-63B63E4A5DA1,3002,3,CHECK,FALSE,SYNTHETIC — integrated V2 (fixed),TRUE
4619ADB0-6651-5BDA-95B9-27C061F18653,F3F213F6-5151-5B5D-B412-EBD56D227E9D,SYN-TR-0059,03B42C84-51CA-5773-8E4C-295473835D66,SYN-MZ-CHK02,A92E98DA-E476-5795-8F0C-D596AF9E41F3,3DA828DA-CE28-5BC9-B443-63B63E4A5DA1,3003,3,CHECK,FALSE,SYNTHETIC — integrated V2 (fixed),TRUE
256E099C-8DCF-5E5A-9CF0-21BC71982B98,F3F213F6-5151-5B5D-B412-EBD56D227E9D,SYN-TR-0059,6EA50459-A971-5271-BBBC-46B5E2E45F2F,SYN-MZ-00120,9284CA46-FECA-5046-90E8-29F70DF49A2F,3DA828DA-CE28-5BC9-B443-63B63E4A5DA1,3004,3,TRIAL_ENTRY,FALSE,SYNTHETIC — integrated V2 (fixed),TRUE
830BA8D5-907E-502F-8F5F-39635A28FE89,F3F213F6-5151-5B5D-B412-EBD56D227E9D,SYN-TR-0059,F288242F-5737-58C8-88E2-064D25869916,SYN-MZ-00118,91D8E197-4C2A-52AE-9ACD-3565F02CFCE6,3DA828DA-CE28-5BC9-B443-63B63E4A5DA1,3005,3,TRIAL_ENTRY,FALSE,SYNTHETIC — integrated V2 (fixed),TRUE
D946C0B2-86E3-5796-A122-B21195A44928,F3F213F6-5151-5B5D-B412-EBD56D227E9D,SYN-TR-0059,4E026AB5-7BF0-56A0-9A72-D0B70F1FA056,SYN-MZ-00121,47DED13A-AB56-5DAD-9280-035978ACB822,3DA828DA-CE28-5BC9-B443-63B63E4A5DA1,3006,3,TRIAL_ENTRY,FALSE,SYNTHETIC — integrated V2 (fixed),TRUE
651834E4-5E7C-5AB3-A5AA-C2D4D65CDA54,F3F213F6-5151-5B5D-B412-EBD56D227E9D,SYN-TR-0059,D24220FC-041B-5AE7-8248-88C18C7CFFA0,SYN-MZ-00117,BC5E4E1A-F5DB-53F3-B9F7-DB5191ED4EE0,3DA828DA-CE28-5BC9-B443-63B63E4A5DA1,3007,3,TRIAL_ENTRY,TRUE,SYNTHETIC — integrated V2 (fixed),TRUE
39FFAAC4-97A2-5853-99E7-946C661D12AA,F3F213F6-5151-5B5D-B412-EBD56D227E9D,SYN-TR-0059,B4D65658-99B8-5007-8181-CB57FABF1A6A,SYN-MZ-00122,9DCA5FD8-D856-5646-85D2-72EA9A56922C,3DA828DA-CE28-5BC9-B443-63B63E4A5DA1,3008,3,TRIAL_ENTRY,FALSE,SYNTHETIC — integrated V2 (fixed),TRUE
AD0F3B8D-5165-5506-9AE8-7A7DFC8B017C,AEBCFD48-1367-5966-BCA4-24EBE9225BE7,SYN-TR-0060,B4D65658-99B8-5007-8181-CB57FABF1A6A,SYN-MZ-00122,9DCA5FD8-D856-5646-85D2-72EA9A56922C,E71C9320-1409-51F3-AC37-F32C9E94539F,1001,1,TRIAL_ENTRY,FALSE,SYNTHETIC — integrated V2 (fixed),TRUE
3E016158-0A49-569B-BCDF-842865E08E3C,AEBCFD48-1367-5966-BCA4-24EBE9225BE7,SYN-TR-0060,4E026AB5-7BF0-56A0-9A72-D0B70F1FA056,SYN-MZ-00121,47DED13A-AB56-5DAD-9280-035978ACB822,E71C9320-1409-51F3-AC37-F32C9E94539F,1002,1,TRIAL_ENTRY,FALSE,SYNTHETIC — integrated V2 (fixed),TRUE
8CF17D2F-FC5D-515F-974B-CEB09B57B7C1,AEBCFD48-1367-5966-BCA4-24EBE9225BE7,SYN-TR-0060,895C37E3-3402-5903-BB78-18E139F002E0,SYN-MZ-CHK01,42CE60AF-7FF7-55CE-8F13-7705F3D9EF4B,E71C9320-1409-51F3-AC37-F32C9E94539F,1003,1,CHECK,FALSE,SYNTHETIC — integrated V2 (fixed),TRUE
D014AC25-5AC3-58F9-9288-11DC3396C89E,AEBCFD48-1367-5966-BCA4-24EBE9225BE7,SYN-TR-0060,B0670171-6745-5AD1-B294-0798F9335903,SYN-MZ-00124,BA74A293-C505-5CC2-BCC4-8F7B5DA91E5E,E71C9320-1409-51F3-AC37-F32C9E94539F,1004,1,TRIAL_ENTRY,FALSE,SYNTHETIC — integrated V2 (fixed),TRUE
332887B6-FF49-5657-BD0A-930A0268DF11,AEBCFD48-1367-5966-BCA4-24EBE9225BE7,SYN-TR-0060,03B42C84-51CA-5773-8E4C-295473835D66,SYN-MZ-CHK02,A92E98DA-E476-5795-8F0C-D596AF9E41F3,E71C9320-1409-51F3-AC37-F32C9E94539F,1005,1,CHECK,FALSE,SYNTHETIC — integrated V2 (fixed),TRUE
58337DBE-BD3D-5646-A940-914379C0385B,AEBCFD48-1367-5966-BCA4-24EBE9225BE7,SYN-TR-0060,CABD4F18-9788-5897-9751-A7B474D482E3,SYN-MZ-00119,95E26EFE-5D0B-57FD-B8AC-DCA7803429AD,E71C9320-1409-51F3-AC37-F32C9E94539F,1006,1,TRIAL_ENTRY,TRUE,SYNTHETIC — integrated V2 (fixed),TRUE
7351D694-6D29-5905-83C4-2B03D97E95B0,AEBCFD48-1367-5966-BCA4-24EBE9225BE7,SYN-TR-0060,6EA50459-A971-5271-BBBC-46B5E2E45F2F,SYN-MZ-00120,9284CA46-FECA-5046-90E8-29F70DF49A2F,E71C9320-1409-51F3-AC37-F32C9E94539F,1007,1,TRIAL_ENTRY,FALSE,SYNTHETIC — integrated V2 (fixed),TRUE
56F21901-1393-5EE9-AFFC-631C3F52EEE6,AEBCFD48-1367-5966-BCA4-24EBE9225BE7,SYN-TR-0060,EF6A4ED1-3F26-5D92-87D7-851E6A84CE9E,SYN-MZ-00123,862330AF-1005-5D90-A4A3-38874973DA28,E71C9320-1409-51F3-AC37-F32C9E94539F,1008,1,TRIAL_ENTRY,FALSE,SYNTHETIC — integrated V2 (fixed),TRUE
A163E7A6-3C70-50B6-A0ED-C7646952823B,AEBCFD48-1367-5966-BCA4-24EBE9225BE7,SYN-TR-0060,4E026AB5-7BF0-56A0-9A72-D0B70F1FA056,SYN-MZ-00121,47DED13A-AB56-5DAD-9280-035978ACB822,E71C9320-1409-51F3-AC37-F32C9E94539F,2001,2,TRIAL_ENTRY,FALSE,SYNTHETIC — integrated V2 (fixed),TRUE
981D2D49-96A9-5B7F-8ACB-7FD9355B9B89,AEBCFD48-1367-5966-BCA4-24EBE9225BE7,SYN-TR-0060,B4D65658-99B8-5007-8181-CB57FABF1A6A,SYN-MZ-00122,9DCA5FD8-D856-5646-85D2-72EA9A56922C,E71C9320-1409-51F3-AC37-F32C9E94539F,2002,2,TRIAL_ENTRY,FALSE,SYNTHETIC — integrated V2 (fixed),TRUE
CA184B4C-AD9E-512A-9874-CCFCEE7B0B01,AEBCFD48-1367-5966-BCA4-24EBE9225BE7,SYN-TR-0060,CABD4F18-9788-5897-9751-A7B474D482E3,SYN-MZ-00119,95E26EFE-5D0B-57FD-B8AC-DCA7803429AD,E71C9320-1409-51F3-AC37-F32C9E94539F,2003,2,TRIAL_ENTRY,TRUE,SYNTHETIC — integrated V2 (fixed),TRUE
B62D7B76-BE4A-5B38-91E4-2C4ACC33FBA9,AEBCFD48-1367-5966-BCA4-24EBE9225BE7,SYN-TR-0060,03B42C84-51CA-5773-8E4C-295473835D66,SYN-MZ-CHK02,A92E98DA-E476-5795-8F0C-D596AF9E41F3,E71C9320-1409-51F3-AC37-F32C9E94539F,2004,2,CHECK,FALSE,SYNTHETIC — integrated V2 (fixed),TRUE
A3AEF956-151D-58E8-B055-71081860277B,AEBCFD48-1367-5966-BCA4-24EBE9225BE7,SYN-TR-0060,EF6A4ED1-3F26-5D92-87D7-851E6A84CE9E,SYN-MZ-00123,862330AF-1005-5D90-A4A3-38874973DA28,E71C9320-1409-51F3-AC37-F32C9E94539F,2005,2,TRIAL_ENTRY,FALSE,SYNTHETIC — integrated V2 (fixed),TRUE
A242BA87-3252-51AC-8271-A677571A3471,AEBCFD48-1367-5966-BCA4-24EBE9225BE7,SYN-TR-0060,895C37E3-3402-5903-BB78-18E139F002E0,SYN-MZ-CHK01,42CE60AF-7FF7-55CE-8F13-7705F3D9EF4B,E71C9320-1409-51F3-AC37-F32C9E94539F,2006,2,CHECK,FALSE,SYNTHETIC — integrated V2 (fixed),TRUE
7CA0505B-9307-549B-B6F6-01096051CAB1,AEBCFD48-1367-5966-BCA4-24EBE9225BE7,SYN-TR-0060,6EA50459-A971-5271-BBBC-46B5E2E45F2F,SYN-MZ-00120,9284CA46-FECA-5046-90E8-29F70DF49A2F,E71C9320-1409-51F3-AC37-F32C9E94539F,2007,2,TRIAL_ENTRY,FALSE,SYNTHETIC — integrated V2 (fixed),TRUE
0CAC468F-5E16-50BD-B6BA-0FDBD85AD85D,AEBCFD48-1367-5966-BCA4-24EBE9225BE7,SYN-TR-0060,B0670171-6745-5AD1-B294-0798F9335903,SYN-MZ-00124,BA74A293-C505-5CC2-BCC4-8F7B5DA91E5E,E71C9320-1409-51F3-AC37-F32C9E94539F,2008,2,TRIAL_ENTRY,FALSE,SYNTHETIC — integrated V2 (fixed),TRUE
05B7E963-3E3E-5B7A-ADCF-C16EBFC82511,AEBCFD48-1367-5966-BCA4-24EBE9225BE7,SYN-TR-0060,EF6A4ED1-3F26-5D92-87D7-851E6A84CE9E,SYN-MZ-00123,862330AF-1005-5D90-A4A3-38874973DA28,E71C9320-1409-51F3-AC37-F32C9E94539F,3001,3,TRIAL_ENTRY,FALSE,SYNTHETIC — integrated V2 (fixed),TRUE
15426CFF-98D0-5FAD-AFCA-556C257379BB,AEBCFD48-1367-5966-BCA4-24EBE9225BE7,SYN-TR-0060,4E026AB5-7BF0-56A0-9A72-D0B70F1FA056,SYN-MZ-00121,47DED13A-AB56-5DAD-9280-035978ACB822,E71C9320-1409-51F3-AC37-F32C9E94539F,3002,3,TRIAL_ENTRY,FALSE,SYNTHETIC — integrated V2 (fixed),TRUE
DE0754CA-1532-562D-94AC-FA009D931915,AEBCFD48-1367-5966-BCA4-24EBE9225BE7,SYN-TR-0060,895C37E3-3402-5903-BB78-18E139F002E0,SYN-MZ-CHK01,42CE60AF-7FF7-55CE-8F13-7705F3D9EF4B,E71C9320-1409-51F3-AC37-F32C9E94539F,3003,3,CHECK,FALSE,SYNTHETIC — integrated V2 (fixed),TRUE
488024F2-A51F-5C68-9A55-FC4E1ED9BF8B,AEBCFD48-1367-5966-BCA4-24EBE9225BE7,SYN-TR-0060,6EA50459-A971-5271-BBBC-46B5E2E45F2F,SYN-MZ-00120,9284CA46-FECA-5046-90E8-29F70DF49A2F,E71C9320-1409-51F3-AC37-F32C9E94539F,3004,3,TRIAL_ENTRY,FALSE,SYNTHETIC — integrated V2 (fixed),TRUE
BF9CF941-EBD1-590B-8C99-26F501079315,AEBCFD48-1367-5966-BCA4-24EBE9225BE7,SYN-TR-0060,B0670171-6745-5AD1-B294-0798F9335903,SYN-MZ-00124,BA74A293-C505-5CC2-BCC4-8F7B5DA91E5E,E71C9320-1409-51F3-AC37-F32C9E94539F,3005,3,TRIAL_ENTRY,FALSE,SYNTHETIC — integrated V2 (fixed),TRUE
C5B92E6D-5694-5EA8-8C3A-085A7424C858,AEBCFD48-1367-5966-BCA4-24EBE9225BE7,SYN-TR-0060,B4D65658-99B8-5007-8181-CB57FABF1A6A,SYN-MZ-00122,9DCA5FD8-D856-5646-85D2-72EA9A56922C,E71C9320-1409-51F3-AC37-F32C9E94539F,3006,3,TRIAL_ENTRY,FALSE,SYNTHETIC — integrated V2 (fixed),TRUE
CC8F0F64-811E-59F7-8ABF-9C8C07901AB4,AEBCFD48-1367-5966-BCA4-24EBE9225BE7,SYN-TR-0060,CABD4F18-9788-5897-9751-A7B474D482E3,SYN-MZ-00119,95E26EFE-5D0B-57FD-B8AC-DCA7803429AD,E71C9320-1409-51F3-AC37-F32C9E94539F,3007,3,TRIAL_ENTRY,TRUE,SYNTHETIC — integrated V2 (fixed),TRUE
FD24BFB4-289A-58B2-863B-E5C2BCBD1AD2,AEBCFD48-1367-5966-BCA4-24EBE9225BE7,SYN-TR-0060,03B42C84-51CA-5773-8E4C-295473835D66,SYN-MZ-CHK02,A92E98DA-E476-5795-8F0C-D596AF9E41F3,E71C9320-1409-51F3-AC37-F32C9E94539F,3008,3,CHECK,FALSE,SYNTHETIC — integrated V2 (fixed),TRUE
D4424AE5-4A14-552E-AF9B-66D624107DA7,E7DEBD6E-063D-5505-AA00-CA61424AA537,SYN-TR-0061,EF6A4ED1-3F26-5D92-87D7-851E6A84CE9E,SYN-MZ-00123,862330AF-1005-5D90-A4A3-38874973DA28,F404BEF0-B882-55A4-B3EF-5524ABD92523,1001,1,TRIAL_ENTRY,FALSE,SYNTHETIC — integrated V2 (fixed),TRUE
971623B4-E94D-531D-8804-33E4947E88F0,E7DEBD6E-063D-5505-AA00-CA61424AA537,SYN-TR-0061,73D01A3C-D183-58B5-B11D-D2CD40EA1852,SYN-MZ-00126,306896D9-F598-5C2C-9045-ADE29E3EC159,F404BEF0-B882-55A4-B3EF-5524ABD92523,1002,1,TRIAL_ENTRY,FALSE,SYNTHETIC — integrated V2 (fixed),TRUE
877C0485-DE4F-5290-8A2F-845D2F64520A,E7DEBD6E-063D-5505-AA00-CA61424AA537,SYN-TR-0061,03B42C84-51CA-5773-8E4C-295473835D66,SYN-MZ-CHK02,A92E98DA-E476-5795-8F0C-D596AF9E41F3,F404BEF0-B882-55A4-B3EF-5524ABD92523,1003,1,CHECK,FALSE,SYNTHETIC — integrated V2 (fixed),TRUE
2CE68DA5-EEE2-5EF9-B4ED-B8B4FCFCFD5C,E7DEBD6E-063D-5505-AA00-CA61424AA537,SYN-TR-0061,B1D28754-3CDD-55F8-B8B1-CC2BD54CBC86,SYN-MZ-00125,A63CBDC5-65EB-546B-8904-DA897C54448F,F404BEF0-B882-55A4-B3EF-5524ABD92523,1004,1,TRIAL_ENTRY,FALSE,SYNTHETIC — integrated V2 (fixed),TRUE
752242BF-C5B4-5726-983E-AE8BE8522EF4,E7DEBD6E-063D-5505-AA00-CA61424AA537,SYN-TR-0061,895C37E3-3402-5903-BB78-18E139F002E0,SYN-MZ-CHK01,42CE60AF-7FF7-55CE-8F13-7705F3D9EF4B,F404BEF0-B882-55A4-B3EF-5524ABD92523,1005,1,CHECK,FALSE,SYNTHETIC — integrated V2 (fixed),TRUE
9928DA46-8520-574C-8BC4-5033C28EDCCE,E7DEBD6E-063D-5505-AA00-CA61424AA537,SYN-TR-0061,4E026AB5-7BF0-56A0-9A72-D0B70F1FA056,SYN-MZ-00121,47DED13A-AB56-5DAD-9280-035978ACB822,F404BEF0-B882-55A4-B3EF-5524ABD92523,1006,1,TRIAL_ENTRY,TRUE,SYNTHETIC — integrated V2 (fixed),TRUE
432B8A7E-6430-5C74-B97B-173784B5C026,E7DEBD6E-063D-5505-AA00-CA61424AA537,SYN-TR-0061,B4D65658-99B8-5007-8181-CB57FABF1A6A,SYN-MZ-00122,9DCA5FD8-D856-5646-85D2-72EA9A56922C,F404BEF0-B882-55A4-B3EF-5524ABD92523,1007,1,TRIAL_ENTRY,FALSE,SYNTHETIC — integrated V2 (fixed),TRUE
DC8CBB02-77B2-56B3-B868-7E7F91E36C0C,E7DEBD6E-063D-5505-AA00-CA61424AA537,SYN-TR-0061,B0670171-6745-5AD1-B294-0798F9335903,SYN-MZ-00124,BA74A293-C505-5CC2-BCC4-8F7B5DA91E5E,F404BEF0-B882-55A4-B3EF-5524ABD92523,1008,1,TRIAL_ENTRY,FALSE,SYNTHETIC — integrated V2 (fixed),TRUE
EB7203D4-69B0-50F9-9068-35C67D0F5DA4,E7DEBD6E-063D-5505-AA00-CA61424AA537,SYN-TR-0061,895C37E3-3402-5903-BB78-18E139F002E0,SYN-MZ-CHK01,42CE60AF-7FF7-55CE-8F13-7705F3D9EF4B,F404BEF0-B882-55A4-B3EF-5524ABD92523,2001,2,CHECK,FALSE,SYNTHETIC — integrated V2 (fixed),TRUE
73367126-039E-5B1A-AD0B-4A474A8FD132,E7DEBD6E-063D-5505-AA00-CA61424AA537,SYN-TR-0061,B0670171-6745-5AD1-B294-0798F9335903,SYN-MZ-00124,BA74A293-C505-5CC2-BCC4-8F7B5DA91E5E,F404BEF0-B882-55A4-B3EF-5524ABD92523,2002,2,TRIAL_ENTRY,FALSE,SYNTHETIC — integrated V2 (fixed),TRUE
96EF412E-D216-5355-B171-FDECEC1AC23C,E7DEBD6E-063D-5505-AA00-CA61424AA537,SYN-TR-0061,EF6A4ED1-3F26-5D92-87D7-851E6A84CE9E,SYN-MZ-00123,862330AF-1005-5D90-A4A3-38874973DA28,F404BEF0-B882-55A4-B3EF-5524ABD92523,2003,2,TRIAL_ENTRY,FALSE,SYNTHETIC — integrated V2 (fixed),TRUE
327A6746-B8B2-5245-98C7-FE9F5339826D,E7DEBD6E-063D-5505-AA00-CA61424AA537,SYN-TR-0061,B1D28754-3CDD-55F8-B8B1-CC2BD54CBC86,SYN-MZ-00125,A63CBDC5-65EB-546B-8904-DA897C54448F,F404BEF0-B882-55A4-B3EF-5524ABD92523,2004,2,TRIAL_ENTRY,FALSE,SYNTHETIC — integrated V2 (fixed),TRUE
5D72B3FE-FD4E-5382-9A32-3CD49110F065,E7DEBD6E-063D-5505-AA00-CA61424AA537,SYN-TR-0061,03B42C84-51CA-5773-8E4C-295473835D66,SYN-MZ-CHK02,A92E98DA-E476-5795-8F0C-D596AF9E41F3,F404BEF0-B882-55A4-B3EF-5524ABD92523,2005,2,CHECK,FALSE,SYNTHETIC — integrated V2 (fixed),TRUE
F93E9D9E-BC89-509E-9AEB-9D02CAF50875,E7DEBD6E-063D-5505-AA00-CA61424AA537,SYN-TR-0061,4E026AB5-7BF0-56A0-9A72-D0B70F1FA056,SYN-MZ-00121,47DED13A-AB56-5DAD-9280-035978ACB822,F404BEF0-B882-55A4-B3EF-5524ABD92523,2006,2,TRIAL_ENTRY,TRUE,SYNTHETIC — integrated V2 (fixed),TRUE
9D649201-99C1-5F90-9924-F0186155041B,E7DEBD6E-063D-5505-AA00-CA61424AA537,SYN-TR-0061,B4D65658-99B8-5007-8181-CB57FABF1A6A,SYN-MZ-00122,9DCA5FD8-D856-5646-85D2-72EA9A56922C,F404BEF0-B882-55A4-B3EF-5524ABD92523,2007,2,TRIAL_ENTRY,FALSE,SYNTHETIC — integrated V2 (fixed),TRUE
90E4C348-75C2-5FEF-8944-99773869136D,E7DEBD6E-063D-5505-AA00-CA61424AA537,SYN-TR-0061,73D01A3C-D183-58B5-B11D-D2CD40EA1852,SYN-MZ-00126,306896D9-F598-5C2C-9045-ADE29E3EC159,F404BEF0-B882-55A4-B3EF-5524ABD92523,2008,2,TRIAL_ENTRY,FALSE,SYNTHETIC — integrated V2 (fixed),TRUE
0A2BA9D3-657B-51D7-BD40-252C51F81C00,E7DEBD6E-063D-5505-AA00-CA61424AA537,SYN-TR-0061,03B42C84-51CA-5773-8E4C-295473835D66,SYN-MZ-CHK02,A92E98DA-E476-5795-8F0C-D596AF9E41F3,F404BEF0-B882-55A4-B3EF-5524ABD92523,3001,3,CHECK,FALSE,SYNTHETIC — integrated V2 (fixed),TRUE
A57796BC-1555-596F-AE82-8E82FDAC11B8,E7DEBD6E-063D-5505-AA00-CA61424AA537,SYN-TR-0061,73D01A3C-D183-58B5-B11D-D2CD40EA1852,SYN-MZ-00126,306896D9-F598-5C2C-9045-ADE29E3EC159,F404BEF0-B882-55A4-B3EF-5524ABD92523,3002,3,TRIAL_ENTRY,FALSE,SYNTHETIC — integrated V2 (fixed),TRUE
C8D094B7-1BF3-52CC-A4FE-42670668AD76,E7DEBD6E-063D-5505-AA00-CA61424AA537,SYN-TR-0061,B0670171-6745-5AD1-B294-0798F9335903,SYN-MZ-00124,BA74A293-C505-5CC2-BCC4-8F7B5DA91E5E,F404BEF0-B882-55A4-B3EF-5524ABD92523,3003,3,TRIAL_ENTRY,FALSE,SYNTHETIC — integrated V2 (fixed),TRUE
932EDE5B-9E20-5390-BEBC-FDAAD72A5AF6,E7DEBD6E-063D-5505-AA00-CA61424AA537,SYN-TR-0061,4E026AB5-7BF0-56A0-9A72-D0B70F1FA056,SYN-MZ-00121,47DED13A-AB56-5DAD-9280-035978ACB822,F404BEF0-B882-55A4-B3EF-5524ABD92523,3004,3,TRIAL_ENTRY,TRUE,SYNTHETIC — integrated V2 (fixed),TRUE
081B8A80-5A88-50F3-9433-26DEBCA14FF9,E7DEBD6E-063D-5505-AA00-CA61424AA537,SYN-TR-0061,895C37E3-3402-5903-BB78-18E139F002E0,SYN-MZ-CHK01,42CE60AF-7FF7-55CE-8F13-7705F3D9EF4B,F404BEF0-B882-55A4-B3EF-5524ABD92523,3005,3,CHECK,FALSE,SYNTHETIC — integrated V2 (fixed),TRUE
DDC6047E-1034-5C13-B8A7-FC4BAF38FF9C,E7DEBD6E-063D-5505-AA00-CA61424AA537,SYN-TR-0061,B1D28754-3CDD-55F8-B8B1-CC2BD54CBC86,SYN-MZ-00125,A63CBDC5-65EB-546B-8904-DA897C54448F,F404BEF0-B882-55A4-B3EF-5524ABD92523,3006,3,TRIAL_ENTRY,FALSE,SYNTHETIC — integrated V2 (fixed),TRUE
6D916812-26C1-5484-ADDF-FBFD5E71B9A2,E7DEBD6E-063D-5505-AA00-CA61424AA537,SYN-TR-0061,B4D65658-99B8-5007-8181-CB57FABF1A6A,SYN-MZ-00122,9DCA5FD8-D856-5646-85D2-72EA9A56922C,F404BEF0-B882-55A4-B3EF-5524ABD92523,3007,3,TRIAL_ENTRY,FALSE,SYNTHETIC — integrated V2 (fixed),TRUE
CAD0CDC0-8306-526D-B67A-DCABEF3E363B,E7DEBD6E-063D-5505-AA00-CA61424AA537,SYN-TR-0061,EF6A4ED1-3F26-5D92-87D7-851E6A84CE9E,SYN-MZ-00123,862330AF-1005-5D90-A4A3-38874973DA28,F404BEF0-B882-55A4-B3EF-5524ABD92523,3008,3,TRIAL_ENTRY,FALSE,SYNTHETIC — integrated V2 (fixed),TRUE
EFDF510F-F019-5B6B-A489-564115E9D5CF,FD21B12D-5684-545A-B050-8151F2A17BAC,SYN-TR-0062,A8461C6C-7A4F-54DE-9B92-9F215036C45E,SYN-MZ-00127,22E1EBCD-B971-5620-A5AA-1777D6269637,EF1E7488-D4AA-55BF-8BE2-C9D0FF26A85C,1001,1,TRIAL_ENTRY,FALSE,SYNTHETIC — integrated V2 (fixed),TRUE
927C2B11-EE01-5D6B-AD7A-82B46FCA0C3D,FD21B12D-5684-545A-B050-8151F2A17BAC,SYN-TR-0062,03B42C84-51CA-5773-8E4C-295473835D66,SYN-MZ-CHK02,A92E98DA-E476-5795-8F0C-D596AF9E41F3,EF1E7488-D4AA-55BF-8BE2-C9D0FF26A85C,1002,1,CHECK,FALSE,SYNTHETIC — integrated V2 (fixed),TRUE
39AA7EF8-257A-55E3-8F6F-165255AFFD5F,FD21B12D-5684-545A-B050-8151F2A17BAC,SYN-TR-0062,8040C400-F38F-5834-98D2-13FDFCC541BF,SYN-MZ-00128,DB068645-3B57-594D-8EB5-8F16419FC938,EF1E7488-D4AA-55BF-8BE2-C9D0FF26A85C,1003,1,TRIAL_ENTRY,FALSE,SYNTHETIC — integrated V2 (fixed),TRUE
973A7EDC-DDD5-559E-AE7D-2B4EECA103DA,FD21B12D-5684-545A-B050-8151F2A17BAC,SYN-TR-0062,B1D28754-3CDD-55F8-B8B1-CC2BD54CBC86,SYN-MZ-00125,A63CBDC5-65EB-546B-8904-DA897C54448F,EF1E7488-D4AA-55BF-8BE2-C9D0FF26A85C,1004,1,TRIAL_ENTRY,FALSE,SYNTHETIC — integrated V2 (fixed),TRUE
DC51F178-2A0D-5D75-BFD1-6B2A6423D9C1,FD21B12D-5684-545A-B050-8151F2A17BAC,SYN-TR-0062,EF6A4ED1-3F26-5D92-87D7-851E6A84CE9E,SYN-MZ-00123,862330AF-1005-5D90-A4A3-38874973DA28,EF1E7488-D4AA-55BF-8BE2-C9D0FF26A85C,1005,1,TRIAL_ENTRY,TRUE,SYNTHETIC — integrated V2 (fixed),TRUE
F8691696-D2B9-58FD-A538-CF5D84780A57,FD21B12D-5684-545A-B050-8151F2A17BAC,SYN-TR-0062,73D01A3C-D183-58B5-B11D-D2CD40EA1852,SYN-MZ-00126,306896D9-F598-5C2C-9045-ADE29E3EC159,EF1E7488-D4AA-55BF-8BE2-C9D0FF26A85C,1006,1,TRIAL_ENTRY,FALSE,SYNTHETIC — integrated V2 (fixed),TRUE
6C02506A-4976-5CEC-BECA-10A3532DBDD6,FD21B12D-5684-545A-B050-8151F2A17BAC,SYN-TR-0062,895C37E3-3402-5903-BB78-18E139F002E0,SYN-MZ-CHK01,42CE60AF-7FF7-55CE-8F13-7705F3D9EF4B,EF1E7488-D4AA-55BF-8BE2-C9D0FF26A85C,1007,1,CHECK,FALSE,SYNTHETIC — integrated V2 (fixed),TRUE
B3CE461F-210A-5199-B798-28585CE590AA,FD21B12D-5684-545A-B050-8151F2A17BAC,SYN-TR-0062,B0670171-6745-5AD1-B294-0798F9335903,SYN-MZ-00124,BA74A293-C505-5CC2-BCC4-8F7B5DA91E5E,EF1E7488-D4AA-55BF-8BE2-C9D0FF26A85C,1008,1,TRIAL_ENTRY,FALSE,SYNTHETIC — integrated V2 (fixed),TRUE
AE2EE722-A1F1-5117-A690-EB2BE5F21AC1,FD21B12D-5684-545A-B050-8151F2A17BAC,SYN-TR-0062,B0670171-6745-5AD1-B294-0798F9335903,SYN-MZ-00124,BA74A293-C505-5CC2-BCC4-8F7B5DA91E5E,EF1E7488-D4AA-55BF-8BE2-C9D0FF26A85C,2001,2,TRIAL_ENTRY,FALSE,SYNTHETIC — integrated V2 (fixed),TRUE
C5E48BA7-260B-53A2-8CF0-5C64B8A1FBCE,FD21B12D-5684-545A-B050-8151F2A17BAC,SYN-TR-0062,B1D28754-3CDD-55F8-B8B1-CC2BD54CBC86,SYN-MZ-00125,A63CBDC5-65EB-546B-8904-DA897C54448F,EF1E7488-D4AA-55BF-8BE2-C9D0FF26A85C,2002,2,TRIAL_ENTRY,FALSE,SYNTHETIC — integrated V2 (fixed),TRUE
05B0C03F-8477-5EDE-88BF-560208EE5D4C,FD21B12D-5684-545A-B050-8151F2A17BAC,SYN-TR-0062,8040C400-F38F-5834-98D2-13FDFCC541BF,SYN-MZ-00128,DB068645-3B57-594D-8EB5-8F16419FC938,EF1E7488-D4AA-55BF-8BE2-C9D0FF26A85C,2003,2,TRIAL_ENTRY,FALSE,SYNTHETIC — integrated V2 (fixed),TRUE
3A21F274-7850-51D8-BACF-9E4731DA5A96,FD21B12D-5684-545A-B050-8151F2A17BAC,SYN-TR-0062,895C37E3-3402-5903-BB78-18E139F002E0,SYN-MZ-CHK01,42CE60AF-7FF7-55CE-8F13-7705F3D9EF4B,EF1E7488-D4AA-55BF-8BE2-C9D0FF26A85C,2004,2,CHECK,FALSE,SYNTHETIC — integrated V2 (fixed),TRUE
6269EB87-21CC-5043-9D4B-FF48F10119F5,FD21B12D-5684-545A-B050-8151F2A17BAC,SYN-TR-0062,73D01A3C-D183-58B5-B11D-D2CD40EA1852,SYN-MZ-00126,306896D9-F598-5C2C-9045-ADE29E3EC159,EF1E7488-D4AA-55BF-8BE2-C9D0FF26A85C,2005,2,TRIAL_ENTRY,FALSE,SYNTHETIC — integrated V2 (fixed),TRUE
378A4FA0-D018-5B93-9F22-AABAB0B6B0AD,FD21B12D-5684-545A-B050-8151F2A17BAC,SYN-TR-0062,EF6A4ED1-3F26-5D92-87D7-851E6A84CE9E,SYN-MZ-00123,862330AF-1005-5D90-A4A3-38874973DA28,EF1E7488-D4AA-55BF-8BE2-C9D0FF26A85C,2006,2,TRIAL_ENTRY,TRUE,SYNTHETIC — integrated V2 (fixed),TRUE
73E7BA62-6059-5EB0-9E6F-1B6ADCBB4063,FD21B12D-5684-545A-B050-8151F2A17BAC,SYN-TR-0062,03B42C84-51CA-5773-8E4C-295473835D66,SYN-MZ-CHK02,A92E98DA-E476-5795-8F0C-D596AF9E41F3,EF1E7488-D4AA-55BF-8BE2-C9D0FF26A85C,2007,2,CHECK,FALSE,SYNTHETIC — integrated V2 (fixed),TRUE
1E7A7EC2-3961-5BB4-858C-F29FFF2CA81C,FD21B12D-5684-545A-B050-8151F2A17BAC,SYN-TR-0062,A8461C6C-7A4F-54DE-9B92-9F215036C45E,SYN-MZ-00127,22E1EBCD-B971-5620-A5AA-1777D6269637,EF1E7488-D4AA-55BF-8BE2-C9D0FF26A85C,2008,2,TRIAL_ENTRY,FALSE,SYNTHETIC — integrated V2 (fixed),TRUE
2C6F7B71-7A01-5008-8A9A-B56A7E18BED1,FD21B12D-5684-545A-B050-8151F2A17BAC,SYN-TR-0062,B0670171-6745-5AD1-B294-0798F9335903,SYN-MZ-00124,BA74A293-C505-5CC2-BCC4-8F7B5DA91E5E,EF1E7488-D4AA-55BF-8BE2-C9D0FF26A85C,3001,3,TRIAL_ENTRY,FALSE,SYNTHETIC — integrated V2 (fixed),TRUE
C6BBE4BB-26A4-500F-BFCC-5F4A80C6527F,FD21B12D-5684-545A-B050-8151F2A17BAC,SYN-TR-0062,8040C400-F38F-5834-98D2-13FDFCC541BF,SYN-MZ-00128,DB068645-3B57-594D-8EB5-8F16419FC938,EF1E7488-D4AA-55BF-8BE2-C9D0FF26A85C,3002,3,TRIAL_ENTRY,FALSE,SYNTHETIC — integrated V2 (fixed),TRUE
CBA3B02F-FDB8-5E83-AE6F-A8C6DE654480,FD21B12D-5684-545A-B050-8151F2A17BAC,SYN-TR-0062,73D01A3C-D183-58B5-B11D-D2CD40EA1852,SYN-MZ-00126,306896D9-F598-5C2C-9045-ADE29E3EC159,EF1E7488-D4AA-55BF-8BE2-C9D0FF26A85C,3003,3,TRIAL_ENTRY,FALSE,SYNTHETIC — integrated V2 (fixed),TRUE
9289B213-D75B-5DBA-9919-0B1B4956A308,FD21B12D-5684-545A-B050-8151F2A17BAC,SYN-TR-0062,A8461C6C-7A4F-54DE-9B92-9F215036C45E,SYN-MZ-00127,22E1EBCD-B971-5620-A5AA-1777D6269637,EF1E7488-D4AA-55BF-8BE2-C9D0FF26A85C,3004,3,TRIAL_ENTRY,FALSE,SYNTHETIC — integrated V2 (fixed),TRUE
0AB9261E-1BA8-53C0-B821-329760BE57E1,FD21B12D-5684-545A-B050-8151F2A17BAC,SYN-TR-0062,895C37E3-3402-5903-BB78-18E139F002E0,SYN-MZ-CHK01,42CE60AF-7FF7-55CE-8F13-7705F3D9EF4B,EF1E7488-D4AA-55BF-8BE2-C9D0FF26A85C,3005,3,CHECK,FALSE,SYNTHETIC — integrated V2 (fixed),TRUE
5DBBC4A2-6A7D-5E9A-AEB1-718960B4F456,FD21B12D-5684-545A-B050-8151F2A17BAC,SYN-TR-0062,EF6A4ED1-3F26-5D92-87D7-851E6A84CE9E,SYN-MZ-00123,862330AF-1005-5D90-A4A3-38874973DA28,EF1E7488-D4AA-55BF-8BE2-C9D0FF26A85C,3006,3,TRIAL_ENTRY,TRUE,SYNTHETIC — integrated V2 (fixed),TRUE
0F42E894-CC89-5B6A-BA11-61DB64D81467,FD21B12D-5684-545A-B050-8151F2A17BAC,SYN-TR-0062,03B42C84-51CA-5773-8E4C-295473835D66,SYN-MZ-CHK02,A92E98DA-E476-5795-8F0C-D596AF9E41F3,EF1E7488-D4AA-55BF-8BE2-C9D0FF26A85C,3007,3,CHECK,FALSE,SYNTHETIC — integrated V2 (fixed),TRUE
6F797582-2207-56BE-BA5D-F2470E496A83,FD21B12D-5684-545A-B050-8151F2A17BAC,SYN-TR-0062,B1D28754-3CDD-55F8-B8B1-CC2BD54CBC86,SYN-MZ-00125,A63CBDC5-65EB-546B-8904-DA897C54448F,EF1E7488-D4AA-55BF-8BE2-C9D0FF26A85C,3008,3,TRIAL_ENTRY,FALSE,SYNTHETIC — integrated V2 (fixed),TRUE
DB56E791-9F70-5F12-A7DC-6B69B9ED3345,ACFB6E7C-7125-530E-8180-38447CC17AE6,SYN-TR-0063,A8461C6C-7A4F-54DE-9B92-9F215036C45E,SYN-MZ-00127,22E1EBCD-B971-5620-A5AA-1777D6269637,A0B495EE-70AD-5DD4-969B-F040BF1F810F,1001,1,TRIAL_ENTRY,FALSE,SYNTHETIC — integrated V2 (fixed),TRUE
AA60961A-2A26-5EAD-BDE3-B06CD73E59E4,ACFB6E7C-7125-530E-8180-38447CC17AE6,SYN-TR-0063,73D01A3C-D183-58B5-B11D-D2CD40EA1852,SYN-MZ-00126,306896D9-F598-5C2C-9045-ADE29E3EC159,A0B495EE-70AD-5DD4-969B-F040BF1F810F,1002,1,TRIAL_ENTRY,FALSE,SYNTHETIC — integrated V2 (fixed),TRUE
8770FF88-4BFC-55E2-BBF0-B0F8BBBCEC41,ACFB6E7C-7125-530E-8180-38447CC17AE6,SYN-TR-0063,03B42C84-51CA-5773-8E4C-295473835D66,SYN-MZ-CHK02,A92E98DA-E476-5795-8F0C-D596AF9E41F3,A0B495EE-70AD-5DD4-969B-F040BF1F810F,1003,1,CHECK,FALSE,SYNTHETIC — integrated V2 (fixed),TRUE
B2A9F636-EF97-5A80-A572-86B6CB2FF62E,ACFB6E7C-7125-530E-8180-38447CC17AE6,SYN-TR-0063,C9E8677D-E4B2-5B43-9A17-030646404FA5,SYN-MZ-00130,F4A7BAC2-00BD-53F7-9854-4B89D48BAC06,A0B495EE-70AD-5DD4-969B-F040BF1F810F,1004,1,TRIAL_ENTRY,FALSE,SYNTHETIC — integrated V2 (fixed),TRUE
165C5426-44D9-542A-9E39-26EC46E570F2,ACFB6E7C-7125-530E-8180-38447CC17AE6,SYN-TR-0063,B1D28754-3CDD-55F8-B8B1-CC2BD54CBC86,SYN-MZ-00125,A63CBDC5-65EB-546B-8904-DA897C54448F,A0B495EE-70AD-5DD4-969B-F040BF1F810F,1005,1,TRIAL_ENTRY,TRUE,SYNTHETIC — integrated V2 (fixed),TRUE
B3883A82-534D-531D-B9F2-10CC603FFC88,ACFB6E7C-7125-530E-8180-38447CC17AE6,SYN-TR-0063,429606DB-8ABE-5CFA-9D27-93EF31C370D5,SYN-MZ-00129,F25E41EE-14D0-5673-9F5D-AE64DCFC8442,A0B495EE-70AD-5DD4-969B-F040BF1F810F,1006,1,TRIAL_ENTRY,FALSE,SYNTHETIC — integrated V2 (fixed),TRUE
A4F1D2E7-E4B4-5AA7-BB9F-68E13FEA94BB,ACFB6E7C-7125-530E-8180-38447CC17AE6,SYN-TR-0063,895C37E3-3402-5903-BB78-18E139F002E0,SYN-MZ-CHK01,42CE60AF-7FF7-55CE-8F13-7705F3D9EF4B,A0B495EE-70AD-5DD4-969B-F040BF1F810F,1007,1,CHECK,FALSE,SYNTHETIC — integrated V2 (fixed),TRUE
88282CB7-E26C-5B3C-B9F8-8B72BE2878D1,ACFB6E7C-7125-530E-8180-38447CC17AE6,SYN-TR-0063,8040C400-F38F-5834-98D2-13FDFCC541BF,SYN-MZ-00128,DB068645-3B57-594D-8EB5-8F16419FC938,A0B495EE-70AD-5DD4-969B-F040BF1F810F,1008,1,TRIAL_ENTRY,FALSE,SYNTHETIC — integrated V2 (fixed),TRUE
99D97BB6-CAE4-5972-AA97-09CD6612B3C9,ACFB6E7C-7125-530E-8180-38447CC17AE6,SYN-TR-0063,C9E8677D-E4B2-5B43-9A17-030646404FA5,SYN-MZ-00130,F4A7BAC2-00BD-53F7-9854-4B89D48BAC06,A0B495EE-70AD-5DD4-969B-F040BF1F810F,2001,2,TRIAL_ENTRY,FALSE,SYNTHETIC — integrated V2 (fixed),TRUE
CDBAE114-E3CC-50DB-9A2C-8B5D85CAB948,ACFB6E7C-7125-530E-8180-38447CC17AE6,SYN-TR-0063,03B42C84-51CA-5773-8E4C-295473835D66,SYN-MZ-CHK02,A92E98DA-E476-5795-8F0C-D596AF9E41F3,A0B495EE-70AD-5DD4-969B-F040BF1F810F,2002,2,CHECK,FALSE,SYNTHETIC — integrated V2 (fixed),TRUE
1F6B53DA-3789-5C5D-87C7-71AA488B3A74,ACFB6E7C-7125-530E-8180-38447CC17AE6,SYN-TR-0063,73D01A3C-D183-58B5-B11D-D2CD40EA1852,SYN-MZ-00126,306896D9-F598-5C2C-9045-ADE29E3EC159,A0B495EE-70AD-5DD4-969B-F040BF1F810F,2003,2,TRIAL_ENTRY,FALSE,SYNTHETIC — integrated V2 (fixed),TRUE
E750DCAF-825F-503A-A520-AF24C4BE4790,ACFB6E7C-7125-530E-8180-38447CC17AE6,SYN-TR-0063,B1D28754-3CDD-55F8-B8B1-CC2BD54CBC86,SYN-MZ-00125,A63CBDC5-65EB-546B-8904-DA897C54448F,A0B495EE-70AD-5DD4-969B-F040BF1F810F,2004,2,TRIAL_ENTRY,TRUE,SYNTHETIC — integrated V2 (fixed),TRUE
C75E4E44-14CE-5F8D-BC80-34B5E64221DA,ACFB6E7C-7125-530E-8180-38447CC17AE6,SYN-TR-0063,429606DB-8ABE-5CFA-9D27-93EF31C370D5,SYN-MZ-00129,F25E41EE-14D0-5673-9F5D-AE64DCFC8442,A0B495EE-70AD-5DD4-969B-F040BF1F810F,2005,2,TRIAL_ENTRY,FALSE,SYNTHETIC — integrated V2 (fixed),TRUE
5EFE06A9-1F41-5877-BF32-9DD2BE57288F,ACFB6E7C-7125-530E-8180-38447CC17AE6,SYN-TR-0063,8040C400-F38F-5834-98D2-13FDFCC541BF,SYN-MZ-00128,DB068645-3B57-594D-8EB5-8F16419FC938,A0B495EE-70AD-5DD4-969B-F040BF1F810F,2006,2,TRIAL_ENTRY,FALSE,SYNTHETIC — integrated V2 (fixed),TRUE
01CD1793-F4B6-5000-A70F-85E41778126B,ACFB6E7C-7125-530E-8180-38447CC17AE6,SYN-TR-0063,895C37E3-3402-5903-BB78-18E139F002E0,SYN-MZ-CHK01,42CE60AF-7FF7-55CE-8F13-7705F3D9EF4B,A0B495EE-70AD-5DD4-969B-F040BF1F810F,2007,2,CHECK,FALSE,SYNTHETIC — integrated V2 (fixed),TRUE
383D3214-4AAA-5266-937E-45F51A61824A,ACFB6E7C-7125-530E-8180-38447CC17AE6,SYN-TR-0063,A8461C6C-7A4F-54DE-9B92-9F215036C45E,SYN-MZ-00127,22E1EBCD-B971-5620-A5AA-1777D6269637,A0B495EE-70AD-5DD4-969B-F040BF1F810F,2008,2,TRIAL_ENTRY,FALSE,SYNTHETIC — integrated V2 (fixed),TRUE
A1C55115-650E-576E-AF58-D2043C0BA52B,ACFB6E7C-7125-530E-8180-38447CC17AE6,SYN-TR-0063,03B42C84-51CA-5773-8E4C-295473835D66,SYN-MZ-CHK02,A92E98DA-E476-5795-8F0C-D596AF9E41F3,A0B495EE-70AD-5DD4-969B-F040BF1F810F,3001,3,CHECK,FALSE,SYNTHETIC — integrated V2 (fixed),TRUE
4C06246A-3705-5FA4-92AC-8E55F9F638C2,ACFB6E7C-7125-530E-8180-38447CC17AE6,SYN-TR-0063,B1D28754-3CDD-55F8-B8B1-CC2BD54CBC86,SYN-MZ-00125,A63CBDC5-65EB-546B-8904-DA897C54448F,A0B495EE-70AD-5DD4-969B-F040BF1F810F,3002,3,TRIAL_ENTRY,TRUE,SYNTHETIC — integrated V2 (fixed),TRUE
25F4E97A-2E03-5512-A105-BE9E4CB2B32C,ACFB6E7C-7125-530E-8180-38447CC17AE6,SYN-TR-0063,A8461C6C-7A4F-54DE-9B92-9F215036C45E,SYN-MZ-00127,22E1EBCD-B971-5620-A5AA-1777D6269637,A0B495EE-70AD-5DD4-969B-F040BF1F810F,3003,3,TRIAL_ENTRY,FALSE,SYNTHETIC — integrated V2 (fixed),TRUE
BDFE0D61-7293-5514-9F05-3D679E3345D2,ACFB6E7C-7125-530E-8180-38447CC17AE6,SYN-TR-0063,C9E8677D-E4B2-5B43-9A17-030646404FA5,SYN-MZ-00130,F4A7BAC2-00BD-53F7-9854-4B89D48BAC06,A0B495EE-70AD-5DD4-969B-F040BF1F810F,3004,3,TRIAL_ENTRY,FALSE,SYNTHETIC — integrated V2 (fixed),TRUE
D5ED543A-608F-5B37-BEBD-9C5F3CED20CC,ACFB6E7C-7125-530E-8180-38447CC17AE6,SYN-TR-0063,895C37E3-3402-5903-BB78-18E139F002E0,SYN-MZ-CHK01,42CE60AF-7FF7-55CE-8F13-7705F3D9EF4B,A0B495EE-70AD-5DD4-969B-F040BF1F810F,3005,3,CHECK,FALSE,SYNTHETIC — integrated V2 (fixed),TRUE
648B2BCB-7AED-5267-880E-A1A91E427A7D,ACFB6E7C-7125-530E-8180-38447CC17AE6,SYN-TR-0063,73D01A3C-D183-58B5-B11D-D2CD40EA1852,SYN-MZ-00126,306896D9-F598-5C2C-9045-ADE29E3EC159,A0B495EE-70AD-5DD4-969B-F040BF1F810F,3006,3,TRIAL_ENTRY,FALSE,SYNTHETIC — integrated V2 (fixed),TRUE
2F16050B-6B21-59DF-9CA3-A720093FA240,ACFB6E7C-7125-530E-8180-38447CC17AE6,SYN-TR-0063,429606DB-8ABE-5CFA-9D27-93EF31C370D5,SYN-MZ-00129,F25E41EE-14D0-5673-9F5D-AE64DCFC8442,A0B495EE-70AD-5DD4-969B-F040BF1F810F,3007,3,TRIAL_ENTRY,FALSE,SYNTHETIC — integrated V2 (fixed),TRUE
35934E3D-EFA9-5154-AD64-6BBD391825D7,ACFB6E7C-7125-530E-8180-38447CC17AE6,SYN-TR-0063,8040C400-F38F-5834-98D2-13FDFCC541BF,SYN-MZ-00128,DB068645-3B57-594D-8EB5-8F16419FC938,A0B495EE-70AD-5DD4-969B-F040BF1F810F,3008,3,TRIAL_ENTRY,FALSE,SYNTHETIC — integrated V2 (fixed),TRUE
CA0D24CF-6295-5027-A144-D5A423D396EE,314312EB-D751-5194-89A9-E1E821DFE2DD,SYN-TR-0064,A8461C6C-7A4F-54DE-9B92-9F215036C45E,SYN-MZ-00127,22E1EBCD-B971-5620-A5AA-1777D6269637,27B868AF-6443-5034-9874-ABFE4F41A636,1001,1,TRIAL_ENTRY,TRUE,SYNTHETIC — integrated V2 (fixed),TRUE
03FDF166-A750-5481-9991-184AD2EDD064,314312EB-D751-5194-89A9-E1E821DFE2DD,SYN-TR-0064,8040C400-F38F-5834-98D2-13FDFCC541BF,SYN-MZ-00128,DB068645-3B57-594D-8EB5-8F16419FC938,27B868AF-6443-5034-9874-ABFE4F41A636,1002,1,TRIAL_ENTRY,FALSE,SYNTHETIC — integrated V2 (fixed),TRUE
1BFB2051-5509-57D6-B45A-EECCCCB325D1,314312EB-D751-5194-89A9-E1E821DFE2DD,SYN-TR-0064,429606DB-8ABE-5CFA-9D27-93EF31C370D5,SYN-MZ-00129,F25E41EE-14D0-5673-9F5D-AE64DCFC8442,27B868AF-6443-5034-9874-ABFE4F41A636,1003,1,TRIAL_ENTRY,FALSE,SYNTHETIC — integrated V2 (fixed),TRUE
69ECECB9-31EF-5B9B-80A0-44F91066B886,314312EB-D751-5194-89A9-E1E821DFE2DD,SYN-TR-0064,A94988AC-50A4-515D-98DA-190B0706A5F6,SYN-MZ-00131,ACF53692-0926-58A3-B752-4CDD4A912474,27B868AF-6443-5034-9874-ABFE4F41A636,1004,1,TRIAL_ENTRY,FALSE,SYNTHETIC — integrated V2 (fixed),TRUE
9CECFD11-AFFC-5919-8933-794C00D64F99,314312EB-D751-5194-89A9-E1E821DFE2DD,SYN-TR-0064,895C37E3-3402-5903-BB78-18E139F002E0,SYN-MZ-CHK01,42CE60AF-7FF7-55CE-8F13-7705F3D9EF4B,27B868AF-6443-5034-9874-ABFE4F41A636,1005,1,CHECK,FALSE,SYNTHETIC — integrated V2 (fixed),TRUE
D3068DCF-1062-5DB5-989D-DEE9806DAB75,314312EB-D751-5194-89A9-E1E821DFE2DD,SYN-TR-0064,C9E8677D-E4B2-5B43-9A17-030646404FA5,SYN-MZ-00130,F4A7BAC2-00BD-53F7-9854-4B89D48BAC06,27B868AF-6443-5034-9874-ABFE4F41A636,1006,1,TRIAL_ENTRY,FALSE,SYNTHETIC — integrated V2 (fixed),TRUE
C56616EA-8925-50BC-AC45-22DDAFDD96F7,314312EB-D751-5194-89A9-E1E821DFE2DD,SYN-TR-0064,EA9989C2-8AE1-5B6E-ABAA-9267432935A7,SYN-MZ-00132,98777D3C-D09D-50C6-9BBF-3E318240B2D6,27B868AF-6443-5034-9874-ABFE4F41A636,1007,1,TRIAL_ENTRY,FALSE,SYNTHETIC — integrated V2 (fixed),TRUE
E79C5695-96D9-5523-ACC0-5A70CA884A50,314312EB-D751-5194-89A9-E1E821DFE2DD,SYN-TR-0064,03B42C84-51CA-5773-8E4C-295473835D66,SYN-MZ-CHK02,A92E98DA-E476-5795-8F0C-D596AF9E41F3,27B868AF-6443-5034-9874-ABFE4F41A636,1008,1,CHECK,FALSE,SYNTHETIC — integrated V2 (fixed),TRUE
A140C89E-1EEF-57B4-A44B-246E58786686,314312EB-D751-5194-89A9-E1E821DFE2DD,SYN-TR-0064,C9E8677D-E4B2-5B43-9A17-030646404FA5,SYN-MZ-00130,F4A7BAC2-00BD-53F7-9854-4B89D48BAC06,27B868AF-6443-5034-9874-ABFE4F41A636,2001,2,TRIAL_ENTRY,FALSE,SYNTHETIC — integrated V2 (fixed),TRUE
C3CC3E13-9C53-5765-B672-6A7BF125F7E1,314312EB-D751-5194-89A9-E1E821DFE2DD,SYN-TR-0064,EA9989C2-8AE1-5B6E-ABAA-9267432935A7,SYN-MZ-00132,98777D3C-D09D-50C6-9BBF-3E318240B2D6,27B868AF-6443-5034-9874-ABFE4F41A636,2002,2,TRIAL_ENTRY,FALSE,SYNTHETIC — integrated V2 (fixed),TRUE
820B7A89-5557-598A-9AAF-A0EF3D414AFC,314312EB-D751-5194-89A9-E1E821DFE2DD,SYN-TR-0064,A94988AC-50A4-515D-98DA-190B0706A5F6,SYN-MZ-00131,ACF53692-0926-58A3-B752-4CDD4A912474,27B868AF-6443-5034-9874-ABFE4F41A636,2003,2,TRIAL_ENTRY,FALSE,SYNTHETIC — integrated V2 (fixed),TRUE
BCDF52C1-0695-5BA7-BC40-EA0EAEA6DFF3,314312EB-D751-5194-89A9-E1E821DFE2DD,SYN-TR-0064,429606DB-8ABE-5CFA-9D27-93EF31C370D5,SYN-MZ-00129,F25E41EE-14D0-5673-9F5D-AE64DCFC8442,27B868AF-6443-5034-9874-ABFE4F41A636,2004,2,TRIAL_ENTRY,FALSE,SYNTHETIC — integrated V2 (fixed),TRUE
FA8647D1-9CFA-587C-A07B-23785FE43582,314312EB-D751-5194-89A9-E1E821DFE2DD,SYN-TR-0064,03B42C84-51CA-5773-8E4C-295473835D66,SYN-MZ-CHK02,A92E98DA-E476-5795-8F0C-D596AF9E41F3,27B868AF-6443-5034-9874-ABFE4F41A636,2005,2,CHECK,FALSE,SYNTHETIC — integrated V2 (fixed),TRUE
5F3E5EED-6DC6-51DD-A7BA-978CC1BC431E,314312EB-D751-5194-89A9-E1E821DFE2DD,SYN-TR-0064,8040C400-F38F-5834-98D2-13FDFCC541BF,SYN-MZ-00128,DB068645-3B57-594D-8EB5-8F16419FC938,27B868AF-6443-5034-9874-ABFE4F41A636,2006,2,TRIAL_ENTRY,FALSE,SYNTHETIC — integrated V2 (fixed),TRUE
CFA2D0B1-7FEB-553C-91F8-054CF52F7F8B,314312EB-D751-5194-89A9-E1E821DFE2DD,SYN-TR-0064,895C37E3-3402-5903-BB78-18E139F002E0,SYN-MZ-CHK01,42CE60AF-7FF7-55CE-8F13-7705F3D9EF4B,27B868AF-6443-5034-9874-ABFE4F41A636,2007,2,CHECK,FALSE,SYNTHETIC — integrated V2 (fixed),TRUE
83C25AA7-AAC3-5F2E-883C-243CD0AC6E77,314312EB-D751-5194-89A9-E1E821DFE2DD,SYN-TR-0064,A8461C6C-7A4F-54DE-9B92-9F215036C45E,SYN-MZ-00127,22E1EBCD-B971-5620-A5AA-1777D6269637,27B868AF-6443-5034-9874-ABFE4F41A636,2008,2,TRIAL_ENTRY,TRUE,SYNTHETIC — integrated V2 (fixed),TRUE
AD9EEE8A-FBDD-5C69-B5CD-0CCA790DD719,314312EB-D751-5194-89A9-E1E821DFE2DD,SYN-TR-0064,03B42C84-51CA-5773-8E4C-295473835D66,SYN-MZ-CHK02,A92E98DA-E476-5795-8F0C-D596AF9E41F3,27B868AF-6443-5034-9874-ABFE4F41A636,3001,3,CHECK,FALSE,SYNTHETIC — integrated V2 (fixed),TRUE
40DF72D8-19CB-5E98-87A1-CE3221CE49FB,314312EB-D751-5194-89A9-E1E821DFE2DD,SYN-TR-0064,429606DB-8ABE-5CFA-9D27-93EF31C370D5,SYN-MZ-00129,F25E41EE-14D0-5673-9F5D-AE64DCFC8442,27B868AF-6443-5034-9874-ABFE4F41A636,3002,3,TRIAL_ENTRY,FALSE,SYNTHETIC — integrated V2 (fixed),TRUE
0041F5C7-72EF-5B06-8151-0FDD9BDD9502,314312EB-D751-5194-89A9-E1E821DFE2DD,SYN-TR-0064,A8461C6C-7A4F-54DE-9B92-9F215036C45E,SYN-MZ-00127,22E1EBCD-B971-5620-A5AA-1777D6269637,27B868AF-6443-5034-9874-ABFE4F41A636,3003,3,TRIAL_ENTRY,TRUE,SYNTHETIC — integrated V2 (fixed),TRUE
A77EF8E2-E25B-576C-BE8F-E630D0C3DA7F,314312EB-D751-5194-89A9-E1E821DFE2DD,SYN-TR-0064,8040C400-F38F-5834-98D2-13FDFCC541BF,SYN-MZ-00128,DB068645-3B57-594D-8EB5-8F16419FC938,27B868AF-6443-5034-9874-ABFE4F41A636,3004,3,TRIAL_ENTRY,FALSE,SYNTHETIC — integrated V2 (fixed),TRUE
6DDC18FB-85C4-5983-B2DD-408E4383AB25,314312EB-D751-5194-89A9-E1E821DFE2DD,SYN-TR-0064,A94988AC-50A4-515D-98DA-190B0706A5F6,SYN-MZ-00131,ACF53692-0926-58A3-B752-4CDD4A912474,27B868AF-6443-5034-9874-ABFE4F41A636,3005,3,TRIAL_ENTRY,FALSE,SYNTHETIC — integrated V2 (fixed),TRUE
2AAFC23C-F305-59B7-B339-17D3ACD5A2DF,314312EB-D751-5194-89A9-E1E821DFE2DD,SYN-TR-0064,C9E8677D-E4B2-5B43-9A17-030646404FA5,SYN-MZ-00130,F4A7BAC2-00BD-53F7-9854-4B89D48BAC06,27B868AF-6443-5034-9874-ABFE4F41A636,3006,3,TRIAL_ENTRY,FALSE,SYNTHETIC — integrated V2 (fixed),TRUE
7D469FF4-7429-53E3-B520-676A5CDF4C23,314312EB-D751-5194-89A9-E1E821DFE2DD,SYN-TR-0064,895C37E3-3402-5903-BB78-18E139F002E0,SYN-MZ-CHK01,42CE60AF-7FF7-55CE-8F13-7705F3D9EF4B,27B868AF-6443-5034-9874-ABFE4F41A636,3007,3,CHECK,FALSE,SYNTHETIC — integrated V2 (fixed),TRUE
86C68831-ADA0-5B1D-9C45-1189E45B2345,314312EB-D751-5194-89A9-E1E821DFE2DD,SYN-TR-0064,EA9989C2-8AE1-5B6E-ABAA-9267432935A7,SYN-MZ-00132,98777D3C-D09D-50C6-9BBF-3E318240B2D6,27B868AF-6443-5034-9874-ABFE4F41A636,3008,3,TRIAL_ENTRY,FALSE,SYNTHETIC — integrated V2 (fixed),TRUE
D68FF59A-0D03-59E7-A79F-09AFD85259B4,BB0DDB23-0F68-5B2F-B562-923882636910,SYN-TR-0065,4FF93F22-1CD9-5FC7-BB9E-3A854E35348C,SYN-MZ-00133,55AD7E9F-DEC2-564D-9161-22BF9A228B31,59E41927-F17E-54A4-9F4C-2A13534CC91B,1001,1,TRIAL_ENTRY,FALSE,SYNTHETIC — integrated V2 (fixed),TRUE
EB673EAC-9B47-5F70-A580-CB8B655758AA,BB0DDB23-0F68-5B2F-B562-923882636910,SYN-TR-0065,03B42C84-51CA-5773-8E4C-295473835D66,SYN-MZ-CHK02,A92E98DA-E476-5795-8F0C-D596AF9E41F3,59E41927-F17E-54A4-9F4C-2A13534CC91B,1002,1,CHECK,FALSE,SYNTHETIC — integrated V2 (fixed),TRUE
9DDDE996-40D8-599B-9931-030D304C14B7,BB0DDB23-0F68-5B2F-B562-923882636910,SYN-TR-0065,429606DB-8ABE-5CFA-9D27-93EF31C370D5,SYN-MZ-00129,F25E41EE-14D0-5673-9F5D-AE64DCFC8442,59E41927-F17E-54A4-9F4C-2A13534CC91B,1003,1,TRIAL_ENTRY,TRUE,SYNTHETIC — integrated V2 (fixed),TRUE
50908AA2-29CC-57B3-A820-72FD913A5D3B,BB0DDB23-0F68-5B2F-B562-923882636910,SYN-TR-0065,EA9989C2-8AE1-5B6E-ABAA-9267432935A7,SYN-MZ-00132,98777D3C-D09D-50C6-9BBF-3E318240B2D6,59E41927-F17E-54A4-9F4C-2A13534CC91B,1004,1,TRIAL_ENTRY,FALSE,SYNTHETIC — integrated V2 (fixed),TRUE
7E2087A5-C7FA-53FA-8209-CBEF6CA68337,BB0DDB23-0F68-5B2F-B562-923882636910,SYN-TR-0065,2C90876A-3033-52FD-A2B0-D7957122C89B,SYN-MZ-00134,AFA77B45-30E6-5313-A439-C3FD87216910,59E41927-F17E-54A4-9F4C-2A13534CC91B,1005,1,TRIAL_ENTRY,FALSE,SYNTHETIC — integrated V2 (fixed),TRUE
4E3B7B2E-D749-5BD1-9E67-C3C889956840,BB0DDB23-0F68-5B2F-B562-923882636910,SYN-TR-0065,895C37E3-3402-5903-BB78-18E139F002E0,SYN-MZ-CHK01,42CE60AF-7FF7-55CE-8F13-7705F3D9EF4B,59E41927-F17E-54A4-9F4C-2A13534CC91B,1006,1,CHECK,FALSE,SYNTHETIC — integrated V2 (fixed),TRUE
F55BF8F2-75C3-5F56-AC78-241997105311,BB0DDB23-0F68-5B2F-B562-923882636910,SYN-TR-0065,C9E8677D-E4B2-5B43-9A17-030646404FA5,SYN-MZ-00130,F4A7BAC2-00BD-53F7-9854-4B89D48BAC06,59E41927-F17E-54A4-9F4C-2A13534CC91B,1007,1,TRIAL_ENTRY,FALSE,SYNTHETIC — integrated V2 (fixed),TRUE
36B887CE-617D-501C-9424-C3691C61E14E,BB0DDB23-0F68-5B2F-B562-923882636910,SYN-TR-0065,A94988AC-50A4-515D-98DA-190B0706A5F6,SYN-MZ-00131,ACF53692-0926-58A3-B752-4CDD4A912474,59E41927-F17E-54A4-9F4C-2A13534CC91B,1008,1,TRIAL_ENTRY,FALSE,SYNTHETIC — integrated V2 (fixed),TRUE
8ADAFE84-25A4-5EEC-A8B0-2C8204C89A54,BB0DDB23-0F68-5B2F-B562-923882636910,SYN-TR-0065,895C37E3-3402-5903-BB78-18E139F002E0,SYN-MZ-CHK01,42CE60AF-7FF7-55CE-8F13-7705F3D9EF4B,59E41927-F17E-54A4-9F4C-2A13534CC91B,2001,2,CHECK,FALSE,SYNTHETIC — integrated V2 (fixed),TRUE
1060CAA1-BA0B-589A-BEDD-6ED940C4DD9E,BB0DDB23-0F68-5B2F-B562-923882636910,SYN-TR-0065,EA9989C2-8AE1-5B6E-ABAA-9267432935A7,SYN-MZ-00132,98777D3C-D09D-50C6-9BBF-3E318240B2D6,59E41927-F17E-54A4-9F4C-2A13534CC91B,2002,2,TRIAL_ENTRY,FALSE,SYNTHETIC — integrated V2 (fixed),TRUE
F39C9652-33F6-571C-99C9-512033AB417C,BB0DDB23-0F68-5B2F-B562-923882636910,SYN-TR-0065,A94988AC-50A4-515D-98DA-190B0706A5F6,SYN-MZ-00131,ACF53692-0926-58A3-B752-4CDD4A912474,59E41927-F17E-54A4-9F4C-2A13534CC91B,2003,2,TRIAL_ENTRY,FALSE,SYNTHETIC — integrated V2 (fixed),TRUE
7DDBA645-A5AA-5CE6-AC0F-25F3B21C1365,BB0DDB23-0F68-5B2F-B562-923882636910,SYN-TR-0065,C9E8677D-E4B2-5B43-9A17-030646404FA5,SYN-MZ-00130,F4A7BAC2-00BD-53F7-9854-4B89D48BAC06,59E41927-F17E-54A4-9F4C-2A13534CC91B,2004,2,TRIAL_ENTRY,FALSE,SYNTHETIC — integrated V2 (fixed),TRUE
C20C4BA0-C033-52B4-8666-EB252C7285DA,BB0DDB23-0F68-5B2F-B562-923882636910,SYN-TR-0065,4FF93F22-1CD9-5FC7-BB9E-3A854E35348C,SYN-MZ-00133,55AD7E9F-DEC2-564D-9161-22BF9A228B31,59E41927-F17E-54A4-9F4C-2A13534CC91B,2005,2,TRIAL_ENTRY,FALSE,SYNTHETIC — integrated V2 (fixed),TRUE
19250345-2B1D-5976-91C3-9ABB792DC5A3,BB0DDB23-0F68-5B2F-B562-923882636910,SYN-TR-0065,429606DB-8ABE-5CFA-9D27-93EF31C370D5,SYN-MZ-00129,F25E41EE-14D0-5673-9F5D-AE64DCFC8442,59E41927-F17E-54A4-9F4C-2A13534CC91B,2006,2,TRIAL_ENTRY,TRUE,SYNTHETIC — integrated V2 (fixed),TRUE
63EEA7F3-F1D1-598F-8945-DD4815D73A4D,BB0DDB23-0F68-5B2F-B562-923882636910,SYN-TR-0065,2C90876A-3033-52FD-A2B0-D7957122C89B,SYN-MZ-00134,AFA77B45-30E6-5313-A439-C3FD87216910,59E41927-F17E-54A4-9F4C-2A13534CC91B,2007,2,TRIAL_ENTRY,FALSE,SYNTHETIC — integrated V2 (fixed),TRUE
E33B4A04-21B8-5568-87E5-A65933051A21,BB0DDB23-0F68-5B2F-B562-923882636910,SYN-TR-0065,03B42C84-51CA-5773-8E4C-295473835D66,SYN-MZ-CHK02,A92E98DA-E476-5795-8F0C-D596AF9E41F3,59E41927-F17E-54A4-9F4C-2A13534CC91B,2008,2,CHECK,FALSE,SYNTHETIC — integrated V2 (fixed),TRUE
09E978A8-3888-5A8C-A507-2F82292BCAA4,BB0DDB23-0F68-5B2F-B562-923882636910,SYN-TR-0065,03B42C84-51CA-5773-8E4C-295473835D66,SYN-MZ-CHK02,A92E98DA-E476-5795-8F0C-D596AF9E41F3,59E41927-F17E-54A4-9F4C-2A13534CC91B,3001,3,CHECK,FALSE,SYNTHETIC — integrated V2 (fixed),TRUE
EBCF9D3C-79F8-57C1-A1E4-2AC7EBF94AD6,BB0DDB23-0F68-5B2F-B562-923882636910,SYN-TR-0065,C9E8677D-E4B2-5B43-9A17-030646404FA5,SYN-MZ-00130,F4A7BAC2-00BD-53F7-9854-4B89D48BAC06,59E41927-F17E-54A4-9F4C-2A13534CC91B,3002,3,TRIAL_ENTRY,FALSE,SYNTHETIC — integrated V2 (fixed),TRUE
1BE322D9-388C-587D-9129-19D5AF694B39,BB0DDB23-0F68-5B2F-B562-923882636910,SYN-TR-0065,429606DB-8ABE-5CFA-9D27-93EF31C370D5,SYN-MZ-00129,F25E41EE-14D0-5673-9F5D-AE64DCFC8442,59E41927-F17E-54A4-9F4C-2A13534CC91B,3003,3,TRIAL_ENTRY,TRUE,SYNTHETIC — integrated V2 (fixed),TRUE
C3E67291-69B9-5198-A80D-F1B8C7CDB544,BB0DDB23-0F68-5B2F-B562-923882636910,SYN-TR-0065,4FF93F22-1CD9-5FC7-BB9E-3A854E35348C,SYN-MZ-00133,55AD7E9F-DEC2-564D-9161-22BF9A228B31,59E41927-F17E-54A4-9F4C-2A13534CC91B,3004,3,TRIAL_ENTRY,FALSE,SYNTHETIC — integrated V2 (fixed),TRUE
BC35803A-9F87-597B-BCF3-EB0090A792C3,BB0DDB23-0F68-5B2F-B562-923882636910,SYN-TR-0065,EA9989C2-8AE1-5B6E-ABAA-9267432935A7,SYN-MZ-00132,98777D3C-D09D-50C6-9BBF-3E318240B2D6,59E41927-F17E-54A4-9F4C-2A13534CC91B,3005,3,TRIAL_ENTRY,FALSE,SYNTHETIC — integrated V2 (fixed),TRUE
19931286-FBF8-53E5-BDA3-0F26BDAD2E28,BB0DDB23-0F68-5B2F-B562-923882636910,SYN-TR-0065,A94988AC-50A4-515D-98DA-190B0706A5F6,SYN-MZ-00131,ACF53692-0926-58A3-B752-4CDD4A912474,59E41927-F17E-54A4-9F4C-2A13534CC91B,3006,3,TRIAL_ENTRY,FALSE,SYNTHETIC — integrated V2 (fixed),TRUE
95AA18EA-7FF9-5F3E-B1FF-31629845167B,BB0DDB23-0F68-5B2F-B562-923882636910,SYN-TR-0065,895C37E3-3402-5903-BB78-18E139F002E0,SYN-MZ-CHK01,42CE60AF-7FF7-55CE-8F13-7705F3D9EF4B,59E41927-F17E-54A4-9F4C-2A13534CC91B,3007,3,CHECK,FALSE,SYNTHETIC — integrated V2 (fixed),TRUE
CC0403B6-1FC3-5625-BDEA-F28D715390B2,BB0DDB23-0F68-5B2F-B562-923882636910,SYN-TR-0065,2C90876A-3033-52FD-A2B0-D7957122C89B,SYN-MZ-00134,AFA77B45-30E6-5313-A439-C3FD87216910,59E41927-F17E-54A4-9F4C-2A13534CC91B,3008,3,TRIAL_ENTRY,FALSE,SYNTHETIC — integrated V2 (fixed),TRUE
3584051E-4247-534E-B9F5-74B809E78922,5361C32D-C07B-5D93-A589-66492ED15074,SYN-TR-0066,895C37E3-3402-5903-BB78-18E139F002E0,SYN-MZ-CHK01,42CE60AF-7FF7-55CE-8F13-7705F3D9EF4B,B6246898-929C-52F3-8AE7-DE3917863B0A,1001,1,CHECK,FALSE,SYNTHETIC — integrated V2 (fixed),TRUE
DEA27478-2E87-5A41-8A73-4501D91D2082,5361C32D-C07B-5D93-A589-66492ED15074,SYN-TR-0066,4FF93F22-1CD9-5FC7-BB9E-3A854E35348C,SYN-MZ-00133,55AD7E9F-DEC2-564D-9161-22BF9A228B31,B6246898-929C-52F3-8AE7-DE3917863B0A,1002,1,TRIAL_ENTRY,FALSE,SYNTHETIC — integrated V2 (fixed),TRUE
29BA2239-F971-5675-A974-B9336AC9D78D,5361C32D-C07B-5D93-A589-66492ED15074,SYN-TR-0066,209BD3AD-17D6-5EF4-AB69-737AAC8CEEDB,SYN-MZ-00136,B33C1AB5-9B9D-5FD2-BEB6-BC2F7FB9DE7E,B6246898-929C-52F3-8AE7-DE3917863B0A,1003,1,TRIAL_ENTRY,FALSE,SYNTHETIC — integrated V2 (fixed),TRUE
BE0ADCFB-CCBA-56EB-86E4-F9749B48F276,5361C32D-C07B-5D93-A589-66492ED15074,SYN-TR-0066,A94988AC-50A4-515D-98DA-190B0706A5F6,SYN-MZ-00131,ACF53692-0926-58A3-B752-4CDD4A912474,B6246898-929C-52F3-8AE7-DE3917863B0A,1004,1,TRIAL_ENTRY,TRUE,SYNTHETIC — integrated V2 (fixed),TRUE
3D65E223-E4A6-57DE-B469-2889FC61D2DE,5361C32D-C07B-5D93-A589-66492ED15074,SYN-TR-0066,03B42C84-51CA-5773-8E4C-295473835D66,SYN-MZ-CHK02,A92E98DA-E476-5795-8F0C-D596AF9E41F3,B6246898-929C-52F3-8AE7-DE3917863B0A,1005,1,CHECK,FALSE,SYNTHETIC — integrated V2 (fixed),TRUE
5512ED9F-CAFC-53F4-B323-20EB897A57CB,5361C32D-C07B-5D93-A589-66492ED15074,SYN-TR-0066,EA9989C2-8AE1-5B6E-ABAA-9267432935A7,SYN-MZ-00132,98777D3C-D09D-50C6-9BBF-3E318240B2D6,B6246898-929C-52F3-8AE7-DE3917863B0A,1006,1,TRIAL_ENTRY,FALSE,SYNTHETIC — integrated V2 (fixed),TRUE
B7A24971-B2B6-58A7-A7C0-E54174F45B04,5361C32D-C07B-5D93-A589-66492ED15074,SYN-TR-0066,2C90876A-3033-52FD-A2B0-D7957122C89B,SYN-MZ-00134,AFA77B45-30E6-5313-A439-C3FD87216910,B6246898-929C-52F3-8AE7-DE3917863B0A,1007,1,TRIAL_ENTRY,FALSE,SYNTHETIC — integrated V2 (fixed),TRUE
B2629FA4-B691-59DD-B437-51C49434B6F3,5361C32D-C07B-5D93-A589-66492ED15074,SYN-TR-0066,4521A948-8DB4-57C9-AD7A-DE07CBC7D66A,SYN-MZ-00135,8E068C9A-0E7A-56E6-9769-A800839D6EB1,B6246898-929C-52F3-8AE7-DE3917863B0A,1008,1,TRIAL_ENTRY,FALSE,SYNTHETIC — integrated V2 (fixed),TRUE
53E1AA9D-F7E9-5B83-B4ED-E5B3F46073C4,5361C32D-C07B-5D93-A589-66492ED15074,SYN-TR-0066,2C90876A-3033-52FD-A2B0-D7957122C89B,SYN-MZ-00134,AFA77B45-30E6-5313-A439-C3FD87216910,B6246898-929C-52F3-8AE7-DE3917863B0A,2001,2,TRIAL_ENTRY,FALSE,SYNTHETIC — integrated V2 (fixed),TRUE
C53625CB-FA02-579C-BB69-9FD8C66335E4,5361C32D-C07B-5D93-A589-66492ED15074,SYN-TR-0066,895C37E3-3402-5903-BB78-18E139F002E0,SYN-MZ-CHK01,42CE60AF-7FF7-55CE-8F13-7705F3D9EF4B,B6246898-929C-52F3-8AE7-DE3917863B0A,2002,2,CHECK,FALSE,SYNTHETIC — integrated V2 (fixed),TRUE
1690ABFC-3DC0-558F-B3BC-4FF8EDDB4C61,5361C32D-C07B-5D93-A589-66492ED15074,SYN-TR-0066,EA9989C2-8AE1-5B6E-ABAA-9267432935A7,SYN-MZ-00132,98777D3C-D09D-50C6-9BBF-3E318240B2D6,B6246898-929C-52F3-8AE7-DE3917863B0A,2003,2,TRIAL_ENTRY,FALSE,SYNTHETIC — integrated V2 (fixed),TRUE
51EBFC84-A67C-501D-A808-DB1A4D254B4A,5361C32D-C07B-5D93-A589-66492ED15074,SYN-TR-0066,03B42C84-51CA-5773-8E4C-295473835D66,SYN-MZ-CHK02,A92E98DA-E476-5795-8F0C-D596AF9E41F3,B6246898-929C-52F3-8AE7-DE3917863B0A,2004,2,CHECK,FALSE,SYNTHETIC — integrated V2 (fixed),TRUE
3EFF52F1-0079-5C1E-BF7B-4855110CDBB6,5361C32D-C07B-5D93-A589-66492ED15074,SYN-TR-0066,4FF93F22-1CD9-5FC7-BB9E-3A854E35348C,SYN-MZ-00133,55AD7E9F-DEC2-564D-9161-22BF9A228B31,B6246898-929C-52F3-8AE7-DE3917863B0A,2005,2,TRIAL_ENTRY,FALSE,SYNTHETIC — integrated V2 (fixed),TRUE
FE0A6E0A-C5D9-5058-B1BE-50EB2C16023D,5361C32D-C07B-5D93-A589-66492ED15074,SYN-TR-0066,A94988AC-50A4-515D-98DA-190B0706A5F6,SYN-MZ-00131,ACF53692-0926-58A3-B752-4CDD4A912474,B6246898-929C-52F3-8AE7-DE3917863B0A,2006,2,TRIAL_ENTRY,TRUE,SYNTHETIC — integrated V2 (fixed),TRUE
956FF091-0E31-576A-A483-AAA142650DE1,5361C32D-C07B-5D93-A589-66492ED15074,SYN-TR-0066,209BD3AD-17D6-5EF4-AB69-737AAC8CEEDB,SYN-MZ-00136,B33C1AB5-9B9D-5FD2-BEB6-BC2F7FB9DE7E,B6246898-929C-52F3-8AE7-DE3917863B0A,2007,2,TRIAL_ENTRY,FALSE,SYNTHETIC — integrated V2 (fixed),TRUE
A07B0DBE-5CB0-5DB7-A07D-19005A8B6AEC,5361C32D-C07B-5D93-A589-66492ED15074,SYN-TR-0066,4521A948-8DB4-57C9-AD7A-DE07CBC7D66A,SYN-MZ-00135,8E068C9A-0E7A-56E6-9769-A800839D6EB1,B6246898-929C-52F3-8AE7-DE3917863B0A,2008,2,TRIAL_ENTRY,FALSE,SYNTHETIC — integrated V2 (fixed),TRUE
0DFB21AD-7076-5022-9CA9-70F64A2E623B,5361C32D-C07B-5D93-A589-66492ED15074,SYN-TR-0066,03B42C84-51CA-5773-8E4C-295473835D66,SYN-MZ-CHK02,A92E98DA-E476-5795-8F0C-D596AF9E41F3,B6246898-929C-52F3-8AE7-DE3917863B0A,3001,3,CHECK,FALSE,SYNTHETIC — integrated V2 (fixed),TRUE
31B35168-90F2-52D1-98EE-7EDAABDE0ECD,5361C32D-C07B-5D93-A589-66492ED15074,SYN-TR-0066,4FF93F22-1CD9-5FC7-BB9E-3A854E35348C,SYN-MZ-00133,55AD7E9F-DEC2-564D-9161-22BF9A228B31,B6246898-929C-52F3-8AE7-DE3917863B0A,3002,3,TRIAL_ENTRY,FALSE,SYNTHETIC — integrated V2 (fixed),TRUE
A2C8AD03-3988-535B-9C75-9B5BAB0BEB1C,5361C32D-C07B-5D93-A589-66492ED15074,SYN-TR-0066,A94988AC-50A4-515D-98DA-190B0706A5F6,SYN-MZ-00131,ACF53692-0926-58A3-B752-4CDD4A912474,B6246898-929C-52F3-8AE7-DE3917863B0A,3003,3,TRIAL_ENTRY,TRUE,SYNTHETIC — integrated V2 (fixed),TRUE
7FD4A03F-CC46-5508-AD84-852B8E093CC3,5361C32D-C07B-5D93-A589-66492ED15074,SYN-TR-0066,895C37E3-3402-5903-BB78-18E139F002E0,SYN-MZ-CHK01,42CE60AF-7FF7-55CE-8F13-7705F3D9EF4B,B6246898-929C-52F3-8AE7-DE3917863B0A,3004,3,CHECK,FALSE,SYNTHETIC — integrated V2 (fixed),TRUE
1CFB2325-D2E7-597A-B412-AD8DB91557C7,5361C32D-C07B-5D93-A589-66492ED15074,SYN-TR-0066,4521A948-8DB4-57C9-AD7A-DE07CBC7D66A,SYN-MZ-00135,8E068C9A-0E7A-56E6-9769-A800839D6EB1,B6246898-929C-52F3-8AE7-DE3917863B0A,3005,3,TRIAL_ENTRY,FALSE,SYNTHETIC — integrated V2 (fixed),TRUE
A69A4D89-8716-5EC7-9F96-E8307667CB86,5361C32D-C07B-5D93-A589-66492ED15074,SYN-TR-0066,EA9989C2-8AE1-5B6E-ABAA-9267432935A7,SYN-MZ-00132,98777D3C-D09D-50C6-9BBF-3E318240B2D6,B6246898-929C-52F3-8AE7-DE3917863B0A,3006,3,TRIAL_ENTRY,FALSE,SYNTHETIC — integrated V2 (fixed),TRUE
7B1A8213-A850-5246-AB8B-808F8F4B5CCB,5361C32D-C07B-5D93-A589-66492ED15074,SYN-TR-0066,2C90876A-3033-52FD-A2B0-D7957122C89B,SYN-MZ-00134,AFA77B45-30E6-5313-A439-C3FD87216910,B6246898-929C-52F3-8AE7-DE3917863B0A,3007,3,TRIAL_ENTRY,FALSE,SYNTHETIC — integrated V2 (fixed),TRUE
62CFB36C-D151-558F-BEA7-CFCFAA30C389,5361C32D-C07B-5D93-A589-66492ED15074,SYN-TR-0066,209BD3AD-17D6-5EF4-AB69-737AAC8CEEDB,SYN-MZ-00136,B33C1AB5-9B9D-5FD2-BEB6-BC2F7FB9DE7E,B6246898-929C-52F3-8AE7-DE3917863B0A,3008,3,TRIAL_ENTRY,FALSE,SYNTHETIC — integrated V2 (fixed),TRUE
463A12E8-607E-54F2-9912-FD4E69A47207,933CC9AA-C7F8-5CAE-A741-56EF5FCFB362,SYN-TR-0067,4521A948-8DB4-57C9-AD7A-DE07CBC7D66A,SYN-MZ-00135,8E068C9A-0E7A-56E6-9769-A800839D6EB1,04A8AA2E-CB53-515B-9C8E-32B7BEDCE3FA,1001,1,TRIAL_ENTRY,FALSE,SYNTHETIC — integrated V2 (fixed),TRUE
10BE08DA-C562-5A68-909F-D851BAABDBDA,933CC9AA-C7F8-5CAE-A741-56EF5FCFB362,SYN-TR-0067,895C37E3-3402-5903-BB78-18E139F002E0,SYN-MZ-CHK01,42CE60AF-7FF7-55CE-8F13-7705F3D9EF4B,04A8AA2E-CB53-515B-9C8E-32B7BEDCE3FA,1002,1,CHECK,FALSE,SYNTHETIC — integrated V2 (fixed),TRUE
0AF83B4B-11C0-52CC-A3C4-1F9B65E6BBD3,933CC9AA-C7F8-5CAE-A741-56EF5FCFB362,SYN-TR-0067,4FF93F22-1CD9-5FC7-BB9E-3A854E35348C,SYN-MZ-00133,55AD7E9F-DEC2-564D-9161-22BF9A228B31,04A8AA2E-CB53-515B-9C8E-32B7BEDCE3FA,1003,1,TRIAL_ENTRY,TRUE,SYNTHETIC — integrated V2 (fixed),TRUE
60D51029-01FB-5BEA-BDD4-9C2AB1D7A268,933CC9AA-C7F8-5CAE-A741-56EF5FCFB362,SYN-TR-0067,21CB14E4-98B8-5908-8539-D73D75F044FB,SYN-MZ-00138,914BF51E-2048-5112-9553-455987FC87EC,04A8AA2E-CB53-515B-9C8E-32B7BEDCE3FA,1004,1,TRIAL_ENTRY,FALSE,SYNTHETIC — integrated V2 (fixed),TRUE
E7CF8769-2647-5B16-A3DA-9DD95FB869DD,933CC9AA-C7F8-5CAE-A741-56EF5FCFB362,SYN-TR-0067,209BD3AD-17D6-5EF4-AB69-737AAC8CEEDB,SYN-MZ-00136,B33C1AB5-9B9D-5FD2-BEB6-BC2F7FB9DE7E,04A8AA2E-CB53-515B-9C8E-32B7BEDCE3FA,1005,1,TRIAL_ENTRY,FALSE,SYNTHETIC — integrated V2 (fixed),TRUE
12A1DF16-D5BB-5322-8CB8-6E3DE35154CE,933CC9AA-C7F8-5CAE-A741-56EF5FCFB362,SYN-TR-0067,2C90876A-3033-52FD-A2B0-D7957122C89B,SYN-MZ-00134,AFA77B45-30E6-5313-A439-C3FD87216910,04A8AA2E-CB53-515B-9C8E-32B7BEDCE3FA,1006,1,TRIAL_ENTRY,FALSE,SYNTHETIC — integrated V2 (fixed),TRUE
18A087DE-390C-5E86-83F6-77D27A9D12C4,933CC9AA-C7F8-5CAE-A741-56EF5FCFB362,SYN-TR-0067,F3B70947-7AB8-55DB-AB66-D6A0A31ADB28,SYN-MZ-00137,3D089BC5-D1AC-53CC-867A-6438A060F840,04A8AA2E-CB53-515B-9C8E-32B7BEDCE3FA,1007,1,TRIAL_ENTRY,FALSE,SYNTHETIC — integrated V2 (fixed),TRUE
3935D5A7-886C-5BB9-9E51-4FBE58406070,933CC9AA-C7F8-5CAE-A741-56EF5FCFB362,SYN-TR-0067,03B42C84-51CA-5773-8E4C-295473835D66,SYN-MZ-CHK02,A92E98DA-E476-5795-8F0C-D596AF9E41F3,04A8AA2E-CB53-515B-9C8E-32B7BEDCE3FA,1008,1,CHECK,FALSE,SYNTHETIC — integrated V2 (fixed),TRUE
D94F09DD-183A-5C9A-BD0D-D0AB6F60C6B4,933CC9AA-C7F8-5CAE-A741-56EF5FCFB362,SYN-TR-0067,895C37E3-3402-5903-BB78-18E139F002E0,SYN-MZ-CHK01,42CE60AF-7FF7-55CE-8F13-7705F3D9EF4B,04A8AA2E-CB53-515B-9C8E-32B7BEDCE3FA,2001,2,CHECK,FALSE,SYNTHETIC — integrated V2 (fixed),TRUE
85ED382A-CE23-57A1-9617-ABC85D0FBD98,933CC9AA-C7F8-5CAE-A741-56EF5FCFB362,SYN-TR-0067,4521A948-8DB4-57C9-AD7A-DE07CBC7D66A,SYN-MZ-00135,8E068C9A-0E7A-56E6-9769-A800839D6EB1,04A8AA2E-CB53-515B-9C8E-32B7BEDCE3FA,2002,2,TRIAL_ENTRY,FALSE,SYNTHETIC — integrated V2 (fixed),TRUE
9BD33DF0-B765-5829-84B1-ACA8B9FD7C51,933CC9AA-C7F8-5CAE-A741-56EF5FCFB362,SYN-TR-0067,209BD3AD-17D6-5EF4-AB69-737AAC8CEEDB,SYN-MZ-00136,B33C1AB5-9B9D-5FD2-BEB6-BC2F7FB9DE7E,04A8AA2E-CB53-515B-9C8E-32B7BEDCE3FA,2003,2,TRIAL_ENTRY,FALSE,SYNTHETIC — integrated V2 (fixed),TRUE
802561AE-C717-5F0A-8BE9-CDF33D28B086,933CC9AA-C7F8-5CAE-A741-56EF5FCFB362,SYN-TR-0067,21CB14E4-98B8-5908-8539-D73D75F044FB,SYN-MZ-00138,914BF51E-2048-5112-9553-455987FC87EC,04A8AA2E-CB53-515B-9C8E-32B7BEDCE3FA,2004,2,TRIAL_ENTRY,FALSE,SYNTHETIC — integrated V2 (fixed),TRUE
4E9A74E6-0778-5B4D-90EF-ADAA78ED6F16,933CC9AA-C7F8-5CAE-A741-56EF5FCFB362,SYN-TR-0067,2C90876A-3033-52FD-A2B0-D7957122C89B,SYN-MZ-00134,AFA77B45-30E6-5313-A439-C3FD87216910,04A8AA2E-CB53-515B-9C8E-32B7BEDCE3FA,2005,2,TRIAL_ENTRY,FALSE,SYNTHETIC — integrated V2 (fixed),TRUE
B29315D1-42EC-594C-8DEA-3A54B4E85105,933CC9AA-C7F8-5CAE-A741-56EF5FCFB362,SYN-TR-0067,03B42C84-51CA-5773-8E4C-295473835D66,SYN-MZ-CHK02,A92E98DA-E476-5795-8F0C-D596AF9E41F3,04A8AA2E-CB53-515B-9C8E-32B7BEDCE3FA,2006,2,CHECK,FALSE,SYNTHETIC — integrated V2 (fixed),TRUE
25A159F4-8E83-589C-B35A-B4EEA712F5BA,933CC9AA-C7F8-5CAE-A741-56EF5FCFB362,SYN-TR-0067,F3B70947-7AB8-55DB-AB66-D6A0A31ADB28,SYN-MZ-00137,3D089BC5-D1AC-53CC-867A-6438A060F840,04A8AA2E-CB53-515B-9C8E-32B7BEDCE3FA,2007,2,TRIAL_ENTRY,FALSE,SYNTHETIC — integrated V2 (fixed),TRUE
61176F1B-810A-5DA8-98FD-FD5AB7EE40B5,933CC9AA-C7F8-5CAE-A741-56EF5FCFB362,SYN-TR-0067,4FF93F22-1CD9-5FC7-BB9E-3A854E35348C,SYN-MZ-00133,55AD7E9F-DEC2-564D-9161-22BF9A228B31,04A8AA2E-CB53-515B-9C8E-32B7BEDCE3FA,2008,2,TRIAL_ENTRY,TRUE,SYNTHETIC — integrated V2 (fixed),TRUE
78017556-8325-5CD9-A4F0-940741FFA454,933CC9AA-C7F8-5CAE-A741-56EF5FCFB362,SYN-TR-0067,895C37E3-3402-5903-BB78-18E139F002E0,SYN-MZ-CHK01,42CE60AF-7FF7-55CE-8F13-7705F3D9EF4B,04A8AA2E-CB53-515B-9C8E-32B7BEDCE3FA,3001,3,CHECK,FALSE,SYNTHETIC — integrated V2 (fixed),TRUE
23D60CB3-A511-5A83-AA04-BB785A566BEE,933CC9AA-C7F8-5CAE-A741-56EF5FCFB362,SYN-TR-0067,2C90876A-3033-52FD-A2B0-D7957122C89B,SYN-MZ-00134,AFA77B45-30E6-5313-A439-C3FD87216910,04A8AA2E-CB53-515B-9C8E-32B7BEDCE3FA,3002,3,TRIAL_ENTRY,FALSE,SYNTHETIC — integrated V2 (fixed),TRUE
D985D0A4-2781-5FA2-A52B-C3DCF6F4AD6D,933CC9AA-C7F8-5CAE-A741-56EF5FCFB362,SYN-TR-0067,209BD3AD-17D6-5EF4-AB69-737AAC8CEEDB,SYN-MZ-00136,B33C1AB5-9B9D-5FD2-BEB6-BC2F7FB9DE7E,04A8AA2E-CB53-515B-9C8E-32B7BEDCE3FA,3003,3,TRIAL_ENTRY,FALSE,SYNTHETIC — integrated V2 (fixed),TRUE
6D1A8A56-FE5A-504E-BAB4-CFEA5B9D9192,933CC9AA-C7F8-5CAE-A741-56EF5FCFB362,SYN-TR-0067,F3B70947-7AB8-55DB-AB66-D6A0A31ADB28,SYN-MZ-00137,3D089BC5-D1AC-53CC-867A-6438A060F840,04A8AA2E-CB53-515B-9C8E-32B7BEDCE3FA,3004,3,TRIAL_ENTRY,FALSE,SYNTHETIC — integrated V2 (fixed),TRUE
7027EB97-B742-5675-B224-1A8A00279C3E,933CC9AA-C7F8-5CAE-A741-56EF5FCFB362,SYN-TR-0067,4521A948-8DB4-57C9-AD7A-DE07CBC7D66A,SYN-MZ-00135,8E068C9A-0E7A-56E6-9769-A800839D6EB1,04A8AA2E-CB53-515B-9C8E-32B7BEDCE3FA,3005,3,TRIAL_ENTRY,FALSE,SYNTHETIC — integrated V2 (fixed),TRUE
1CCBBE4D-B18D-553D-A870-2407C11928AF,933CC9AA-C7F8-5CAE-A741-56EF5FCFB362,SYN-TR-0067,4FF93F22-1CD9-5FC7-BB9E-3A854E35348C,SYN-MZ-00133,55AD7E9F-DEC2-564D-9161-22BF9A228B31,04A8AA2E-CB53-515B-9C8E-32B7BEDCE3FA,3006,3,TRIAL_ENTRY,TRUE,SYNTHETIC — integrated V2 (fixed),TRUE
E2D88804-9CB8-57BC-A69B-785A6491AC6C,933CC9AA-C7F8-5CAE-A741-56EF5FCFB362,SYN-TR-0067,21CB14E4-98B8-5908-8539-D73D75F044FB,SYN-MZ-00138,914BF51E-2048-5112-9553-455987FC87EC,04A8AA2E-CB53-515B-9C8E-32B7BEDCE3FA,3007,3,TRIAL_ENTRY,FALSE,SYNTHETIC — integrated V2 (fixed),TRUE
AF8960D8-9480-5721-9B7B-24859881C0B7,933CC9AA-C7F8-5CAE-A741-56EF5FCFB362,SYN-TR-0067,03B42C84-51CA-5773-8E4C-295473835D66,SYN-MZ-CHK02,A92E98DA-E476-5795-8F0C-D596AF9E41F3,04A8AA2E-CB53-515B-9C8E-32B7BEDCE3FA,3008,3,CHECK,FALSE,SYNTHETIC — integrated V2 (fixed),TRUE
81169DE5-92C3-52BC-8267-E303CFCFA763,56218FE2-F83F-5AE1-B05B-88E351B6DEDD,SYN-TR-0068,F3B70947-7AB8-55DB-AB66-D6A0A31ADB28,SYN-MZ-00137,3D089BC5-D1AC-53CC-867A-6438A060F840,C31B94A9-D4AA-5668-9325-91A3B6FC7ADB,1001,1,TRIAL_ENTRY,FALSE,SYNTHETIC — integrated V2 (fixed),TRUE
921CDA79-6C3F-5400-9D2D-0A43004C5F72,56218FE2-F83F-5AE1-B05B-88E351B6DEDD,SYN-TR-0068,03B42C84-51CA-5773-8E4C-295473835D66,SYN-MZ-CHK02,A92E98DA-E476-5795-8F0C-D596AF9E41F3,C31B94A9-D4AA-5668-9325-91A3B6FC7ADB,1002,1,CHECK,FALSE,SYNTHETIC — integrated V2 (fixed),TRUE
A38ECB48-ED99-5E57-BD6F-A911312457D0,56218FE2-F83F-5AE1-B05B-88E351B6DEDD,SYN-TR-0068,E1CFB207-FA7D-5CE8-936D-2B35530B6FCB,SYN-MZ-00139,ADEC29EE-8503-5435-999D-91F166FB039E,C31B94A9-D4AA-5668-9325-91A3B6FC7ADB,1003,1,TRIAL_ENTRY,FALSE,SYNTHETIC — integrated V2 (fixed),TRUE
D2B57358-82AD-5D56-8A0B-485292A88D28,56218FE2-F83F-5AE1-B05B-88E351B6DEDD,SYN-TR-0068,209BD3AD-17D6-5EF4-AB69-737AAC8CEEDB,SYN-MZ-00136,B33C1AB5-9B9D-5FD2-BEB6-BC2F7FB9DE7E,C31B94A9-D4AA-5668-9325-91A3B6FC7ADB,1004,1,TRIAL_ENTRY,FALSE,SYNTHETIC — integrated V2 (fixed),TRUE
ABD1BE44-B20D-5D0F-830E-44A27E01B23A,56218FE2-F83F-5AE1-B05B-88E351B6DEDD,SYN-TR-0068,4521A948-8DB4-57C9-AD7A-DE07CBC7D66A,SYN-MZ-00135,8E068C9A-0E7A-56E6-9769-A800839D6EB1,C31B94A9-D4AA-5668-9325-91A3B6FC7ADB,1005,1,TRIAL_ENTRY,TRUE,SYNTHETIC — integrated V2 (fixed),TRUE
ACA5D868-11F5-51A0-BAFF-8D63985BB710,56218FE2-F83F-5AE1-B05B-88E351B6DEDD,SYN-TR-0068,895C37E3-3402-5903-BB78-18E139F002E0,SYN-MZ-CHK01,42CE60AF-7FF7-55CE-8F13-7705F3D9EF4B,C31B94A9-D4AA-5668-9325-91A3B6FC7ADB,1006,1,CHECK,FALSE,SYNTHETIC — integrated V2 (fixed),TRUE
715AE5A9-216C-5F55-B5C0-DB75E71F2785,56218FE2-F83F-5AE1-B05B-88E351B6DEDD,SYN-TR-0068,21CB14E4-98B8-5908-8539-D73D75F044FB,SYN-MZ-00138,914BF51E-2048-5112-9553-455987FC87EC,C31B94A9-D4AA-5668-9325-91A3B6FC7ADB,1007,1,TRIAL_ENTRY,FALSE,SYNTHETIC — integrated V2 (fixed),TRUE
69849071-4206-53D3-B99A-98C90CD3A190,56218FE2-F83F-5AE1-B05B-88E351B6DEDD,SYN-TR-0068,CBC9BD95-73A5-59BF-BCFD-F30992314688,SYN-MZ-00140,C0F1C0F5-E9B0-52E7-9C91-552848997073,C31B94A9-D4AA-5668-9325-91A3B6FC7ADB,1008,1,TRIAL_ENTRY,FALSE,SYNTHETIC — integrated V2 (fixed),TRUE
4F2AFDF4-1EAD-5AAF-B08D-9EA4259A8831,56218FE2-F83F-5AE1-B05B-88E351B6DEDD,SYN-TR-0068,CBC9BD95-73A5-59BF-BCFD-F30992314688,SYN-MZ-00140,C0F1C0F5-E9B0-52E7-9C91-552848997073,C31B94A9-D4AA-5668-9325-91A3B6FC7ADB,2001,2,TRIAL_ENTRY,FALSE,SYNTHETIC — integrated V2 (fixed),TRUE
FCA4F398-E65C-5594-93ED-D6481B6B2D9D,56218FE2-F83F-5AE1-B05B-88E351B6DEDD,SYN-TR-0068,03B42C84-51CA-5773-8E4C-295473835D66,SYN-MZ-CHK02,A92E98DA-E476-5795-8F0C-D596AF9E41F3,C31B94A9-D4AA-5668-9325-91A3B6FC7ADB,2002,2,CHECK,FALSE,SYNTHETIC — integrated V2 (fixed),TRUE
084BFB71-CCD6-5616-8C4F-9E1E99EEFC40,56218FE2-F83F-5AE1-B05B-88E351B6DEDD,SYN-TR-0068,E1CFB207-FA7D-5CE8-936D-2B35530B6FCB,SYN-MZ-00139,ADEC29EE-8503-5435-999D-91F166FB039E,C31B94A9-D4AA-5668-9325-91A3B6FC7ADB,2003,2,TRIAL_ENTRY,FALSE,SYNTHETIC — integrated V2 (fixed),TRUE
5787CA2C-0C89-5D90-98F1-EF16A317A3CA,56218FE2-F83F-5AE1-B05B-88E351B6DEDD,SYN-TR-0068,895C37E3-3402-5903-BB78-18E139F002E0,SYN-MZ-CHK01,42CE60AF-7FF7-55CE-8F13-7705F3D9EF4B,C31B94A9-D4AA-5668-9325-91A3B6FC7ADB,2004,2,CHECK,FALSE,SYNTHETIC — integrated V2 (fixed),TRUE
CC0D4585-8AC2-57B2-B8B2-5706583E61E7,56218FE2-F83F-5AE1-B05B-88E351B6DEDD,SYN-TR-0068,F3B70947-7AB8-55DB-AB66-D6A0A31ADB28,SYN-MZ-00137,3D089BC5-D1AC-53CC-867A-6438A060F840,C31B94A9-D4AA-5668-9325-91A3B6FC7ADB,2005,2,TRIAL_ENTRY,FALSE,SYNTHETIC — integrated V2 (fixed),TRUE
AEBB58FD-224B-50B7-B754-703BBA4583E1,56218FE2-F83F-5AE1-B05B-88E351B6DEDD,SYN-TR-0068,21CB14E4-98B8-5908-8539-D73D75F044FB,SYN-MZ-00138,914BF51E-2048-5112-9553-455987FC87EC,C31B94A9-D4AA-5668-9325-91A3B6FC7ADB,2006,2,TRIAL_ENTRY,FALSE,SYNTHETIC — integrated V2 (fixed),TRUE
C751F736-63A4-541E-A917-E8E01818DE0B,56218FE2-F83F-5AE1-B05B-88E351B6DEDD,SYN-TR-0068,209BD3AD-17D6-5EF4-AB69-737AAC8CEEDB,SYN-MZ-00136,B33C1AB5-9B9D-5FD2-BEB6-BC2F7FB9DE7E,C31B94A9-D4AA-5668-9325-91A3B6FC7ADB,2007,2,TRIAL_ENTRY,FALSE,SYNTHETIC — integrated V2 (fixed),TRUE
00D765C2-CECD-5147-93DF-F9FFCED8BAD8,56218FE2-F83F-5AE1-B05B-88E351B6DEDD,SYN-TR-0068,4521A948-8DB4-57C9-AD7A-DE07CBC7D66A,SYN-MZ-00135,8E068C9A-0E7A-56E6-9769-A800839D6EB1,C31B94A9-D4AA-5668-9325-91A3B6FC7ADB,2008,2,TRIAL_ENTRY,TRUE,SYNTHETIC — integrated V2 (fixed),TRUE
C2447F0B-859D-5BF1-AA9F-B0D8067A02C3,56218FE2-F83F-5AE1-B05B-88E351B6DEDD,SYN-TR-0068,21CB14E4-98B8-5908-8539-D73D75F044FB,SYN-MZ-00138,914BF51E-2048-5112-9553-455987FC87EC,C31B94A9-D4AA-5668-9325-91A3B6FC7ADB,3001,3,TRIAL_ENTRY,FALSE,SYNTHETIC — integrated V2 (fixed),TRUE
543E72E3-4BE9-546C-BCC5-94B442F3C877,56218FE2-F83F-5AE1-B05B-88E351B6DEDD,SYN-TR-0068,895C37E3-3402-5903-BB78-18E139F002E0,SYN-MZ-CHK01,42CE60AF-7FF7-55CE-8F13-7705F3D9EF4B,C31B94A9-D4AA-5668-9325-91A3B6FC7ADB,3002,3,CHECK,FALSE,SYNTHETIC — integrated V2 (fixed),TRUE
3D105502-7B9E-5534-A98F-83715B614091,56218FE2-F83F-5AE1-B05B-88E351B6DEDD,SYN-TR-0068,209BD3AD-17D6-5EF4-AB69-737AAC8CEEDB,SYN-MZ-00136,B33C1AB5-9B9D-5FD2-BEB6-BC2F7FB9DE7E,C31B94A9-D4AA-5668-9325-91A3B6FC7ADB,3003,3,TRIAL_ENTRY,FALSE,SYNTHETIC — integrated V2 (fixed),TRUE
4DBAC1F5-CBB2-5E5C-BEA9-ED10B90FE990,56218FE2-F83F-5AE1-B05B-88E351B6DEDD,SYN-TR-0068,4521A948-8DB4-57C9-AD7A-DE07CBC7D66A,SYN-MZ-00135,8E068C9A-0E7A-56E6-9769-A800839D6EB1,C31B94A9-D4AA-5668-9325-91A3B6FC7ADB,3004,3,TRIAL_ENTRY,TRUE,SYNTHETIC — integrated V2 (fixed),TRUE
B30DA9A8-8AEC-5E60-BF4C-070010153444,56218FE2-F83F-5AE1-B05B-88E351B6DEDD,SYN-TR-0068,03B42C84-51CA-5773-8E4C-295473835D66,SYN-MZ-CHK02,A92E98DA-E476-5795-8F0C-D596AF9E41F3,C31B94A9-D4AA-5668-9325-91A3B6FC7ADB,3005,3,CHECK,FALSE,SYNTHETIC — integrated V2 (fixed),TRUE
B99BB0B1-0F73-5A88-990C-72F27485A724,56218FE2-F83F-5AE1-B05B-88E351B6DEDD,SYN-TR-0068,E1CFB207-FA7D-5CE8-936D-2B35530B6FCB,SYN-MZ-00139,ADEC29EE-8503-5435-999D-91F166FB039E,C31B94A9-D4AA-5668-9325-91A3B6FC7ADB,3006,3,TRIAL_ENTRY,FALSE,SYNTHETIC — integrated V2 (fixed),TRUE
2597361B-4A22-5E09-BC96-A5EC8ABFF671,56218FE2-F83F-5AE1-B05B-88E351B6DEDD,SYN-TR-0068,F3B70947-7AB8-55DB-AB66-D6A0A31ADB28,SYN-MZ-00137,3D089BC5-D1AC-53CC-867A-6438A060F840,C31B94A9-D4AA-5668-9325-91A3B6FC7ADB,3007,3,TRIAL_ENTRY,FALSE,SYNTHETIC — integrated V2 (fixed),TRUE
4C0002B9-9EC0-5B6D-A970-F1BA318798E5,56218FE2-F83F-5AE1-B05B-88E351B6DEDD,SYN-TR-0068,CBC9BD95-73A5-59BF-BCFD-F30992314688,SYN-MZ-00140,C0F1C0F5-E9B0-52E7-9C91-552848997073,C31B94A9-D4AA-5668-9325-91A3B6FC7ADB,3008,3,TRIAL_ENTRY,FALSE,SYNTHETIC — integrated V2 (fixed),TRUE
36B0474E-1FFE-5F3A-83F6-2A3C281C2490,7069BC03-22A8-53A8-BAEB-14FC724AA6EE,SYN-TR-0069,DB0593B1-E991-5A37-B5FA-BC3E7A2016F1,SYN-MZ-00142,9B87EBB8-4FC4-5620-83CB-71092DBB2222,3D178CC3-6323-5700-8966-D35D3D161DAC,1001,1,TRIAL_ENTRY,FALSE,SYNTHETIC — integrated V2 (fixed),TRUE
09EC5A23-B773-569C-AC21-48ADCDCAB51D,7069BC03-22A8-53A8-BAEB-14FC724AA6EE,SYN-TR-0069,895C37E3-3402-5903-BB78-18E139F002E0,SYN-MZ-CHK01,42CE60AF-7FF7-55CE-8F13-7705F3D9EF4B,3D178CC3-6323-5700-8966-D35D3D161DAC,1002,1,CHECK,FALSE,SYNTHETIC — integrated V2 (fixed),TRUE
712B05A8-BA1B-52FF-A065-C3431666AC28,7069BC03-22A8-53A8-BAEB-14FC724AA6EE,SYN-TR-0069,03B42C84-51CA-5773-8E4C-295473835D66,SYN-MZ-CHK02,A92E98DA-E476-5795-8F0C-D596AF9E41F3,3D178CC3-6323-5700-8966-D35D3D161DAC,1003,1,CHECK,FALSE,SYNTHETIC — integrated V2 (fixed),TRUE
CAF055A9-D2ED-5016-9126-E350C161018D,7069BC03-22A8-53A8-BAEB-14FC724AA6EE,SYN-TR-0069,A851DD56-866F-5923-B0A6-19BDB0B11A8B,SYN-MZ-00141,94FF659C-B70C-555F-9278-1032E9831878,3D178CC3-6323-5700-8966-D35D3D161DAC,1004,1,TRIAL_ENTRY,FALSE,SYNTHETIC — integrated V2 (fixed),TRUE
73A26134-F724-5C7F-9996-3F9A1B81D7D2,7069BC03-22A8-53A8-BAEB-14FC724AA6EE,SYN-TR-0069,E1CFB207-FA7D-5CE8-936D-2B35530B6FCB,SYN-MZ-00139,ADEC29EE-8503-5435-999D-91F166FB039E,3D178CC3-6323-5700-8966-D35D3D161DAC,1005,1,TRIAL_ENTRY,FALSE,SYNTHETIC — integrated V2 (fixed),TRUE
C4D34037-6E7C-53CF-AA1E-35008F7466EE,7069BC03-22A8-53A8-BAEB-14FC724AA6EE,SYN-TR-0069,CBC9BD95-73A5-59BF-BCFD-F30992314688,SYN-MZ-00140,C0F1C0F5-E9B0-52E7-9C91-552848997073,3D178CC3-6323-5700-8966-D35D3D161DAC,1006,1,TRIAL_ENTRY,FALSE,SYNTHETIC — integrated V2 (fixed),TRUE
B0C4AE45-A20C-53FC-B339-C3CA3A483AA6,7069BC03-22A8-53A8-BAEB-14FC724AA6EE,SYN-TR-0069,F3B70947-7AB8-55DB-AB66-D6A0A31ADB28,SYN-MZ-00137,3D089BC5-D1AC-53CC-867A-6438A060F840,3D178CC3-6323-5700-8966-D35D3D161DAC,1007,1,TRIAL_ENTRY,TRUE,SYNTHETIC — integrated V2 (fixed),TRUE
7F89E432-8F6B-5DAD-BC99-54A884DCF9D9,7069BC03-22A8-53A8-BAEB-14FC724AA6EE,SYN-TR-0069,21CB14E4-98B8-5908-8539-D73D75F044FB,SYN-MZ-00138,914BF51E-2048-5112-9553-455987FC87EC,3D178CC3-6323-5700-8966-D35D3D161DAC,1008,1,TRIAL_ENTRY,FALSE,SYNTHETIC — integrated V2 (fixed),TRUE
3A1877A6-04C0-51F9-B3ED-0A7F95340175,7069BC03-22A8-53A8-BAEB-14FC724AA6EE,SYN-TR-0069,F3B70947-7AB8-55DB-AB66-D6A0A31ADB28,SYN-MZ-00137,3D089BC5-D1AC-53CC-867A-6438A060F840,3D178CC3-6323-5700-8966-D35D3D161DAC,2001,2,TRIAL_ENTRY,TRUE,SYNTHETIC — integrated V2 (fixed),TRUE
E801E0DE-90C8-5B04-9EA6-538199DAD983,7069BC03-22A8-53A8-BAEB-14FC724AA6EE,SYN-TR-0069,A851DD56-866F-5923-B0A6-19BDB0B11A8B,SYN-MZ-00141,94FF659C-B70C-555F-9278-1032E9831878,3D178CC3-6323-5700-8966-D35D3D161DAC,2002,2,TRIAL_ENTRY,FALSE,SYNTHETIC — integrated V2 (fixed),TRUE
B50041F5-ECEF-5D6A-99D0-6D5EE5521EFB,7069BC03-22A8-53A8-BAEB-14FC724AA6EE,SYN-TR-0069,DB0593B1-E991-5A37-B5FA-BC3E7A2016F1,SYN-MZ-00142,9B87EBB8-4FC4-5620-83CB-71092DBB2222,3D178CC3-6323-5700-8966-D35D3D161DAC,2003,2,TRIAL_ENTRY,FALSE,SYNTHETIC — integrated V2 (fixed),TRUE
F71961D9-D51A-53A8-983D-6FF64D689AD0,7069BC03-22A8-53A8-BAEB-14FC724AA6EE,SYN-TR-0069,03B42C84-51CA-5773-8E4C-295473835D66,SYN-MZ-CHK02,A92E98DA-E476-5795-8F0C-D596AF9E41F3,3D178CC3-6323-5700-8966-D35D3D161DAC,2004,2,CHECK,FALSE,SYNTHETIC — integrated V2 (fixed),TRUE
B7CBDDED-9E38-5626-881F-55B225A68C12,7069BC03-22A8-53A8-BAEB-14FC724AA6EE,SYN-TR-0069,21CB14E4-98B8-5908-8539-D73D75F044FB,SYN-MZ-00138,914BF51E-2048-5112-9553-455987FC87EC,3D178CC3-6323-5700-8966-D35D3D161DAC,2005,2,TRIAL_ENTRY,FALSE,SYNTHETIC — integrated V2 (fixed),TRUE
474BEADC-1C0B-5631-8B3B-9879D120DB60,7069BC03-22A8-53A8-BAEB-14FC724AA6EE,SYN-TR-0069,E1CFB207-FA7D-5CE8-936D-2B35530B6FCB,SYN-MZ-00139,ADEC29EE-8503-5435-999D-91F166FB039E,3D178CC3-6323-5700-8966-D35D3D161DAC,2006,2,TRIAL_ENTRY,FALSE,SYNTHETIC — integrated V2 (fixed),TRUE
ED0AD807-A060-54D1-8446-853D314A1A48,7069BC03-22A8-53A8-BAEB-14FC724AA6EE,SYN-TR-0069,CBC9BD95-73A5-59BF-BCFD-F30992314688,SYN-MZ-00140,C0F1C0F5-E9B0-52E7-9C91-552848997073,3D178CC3-6323-5700-8966-D35D3D161DAC,2007,2,TRIAL_ENTRY,FALSE,SYNTHETIC — integrated V2 (fixed),TRUE
813EB1FC-2943-5D3C-9FAA-1B0CBBAAE229,7069BC03-22A8-53A8-BAEB-14FC724AA6EE,SYN-TR-0069,895C37E3-3402-5903-BB78-18E139F002E0,SYN-MZ-CHK01,42CE60AF-7FF7-55CE-8F13-7705F3D9EF4B,3D178CC3-6323-5700-8966-D35D3D161DAC,2008,2,CHECK,FALSE,SYNTHETIC — integrated V2 (fixed),TRUE
3BB4678B-B3A2-5C3F-9E3F-A40EB70D7271,7069BC03-22A8-53A8-BAEB-14FC724AA6EE,SYN-TR-0069,A851DD56-866F-5923-B0A6-19BDB0B11A8B,SYN-MZ-00141,94FF659C-B70C-555F-9278-1032E9831878,3D178CC3-6323-5700-8966-D35D3D161DAC,3001,3,TRIAL_ENTRY,FALSE,SYNTHETIC — integrated V2 (fixed),TRUE
C7864A6E-B846-5EBA-929A-B2328E81F183,7069BC03-22A8-53A8-BAEB-14FC724AA6EE,SYN-TR-0069,21CB14E4-98B8-5908-8539-D73D75F044FB,SYN-MZ-00138,914BF51E-2048-5112-9553-455987FC87EC,3D178CC3-6323-5700-8966-D35D3D161DAC,3002,3,TRIAL_ENTRY,FALSE,SYNTHETIC — integrated V2 (fixed),TRUE
BD424C5E-2E1A-5322-AF91-C8798E68A4C1,7069BC03-22A8-53A8-BAEB-14FC724AA6EE,SYN-TR-0069,F3B70947-7AB8-55DB-AB66-D6A0A31ADB28,SYN-MZ-00137,3D089BC5-D1AC-53CC-867A-6438A060F840,3D178CC3-6323-5700-8966-D35D3D161DAC,3003,3,TRIAL_ENTRY,TRUE,SYNTHETIC — integrated V2 (fixed),TRUE
79961C4E-EBF1-507B-8630-489F98A72872,7069BC03-22A8-53A8-BAEB-14FC724AA6EE,SYN-TR-0069,E1CFB207-FA7D-5CE8-936D-2B35530B6FCB,SYN-MZ-00139,ADEC29EE-8503-5435-999D-91F166FB039E,3D178CC3-6323-5700-8966-D35D3D161DAC,3004,3,TRIAL_ENTRY,FALSE,SYNTHETIC — integrated V2 (fixed),TRUE
3B7EDF27-A812-5EC6-A9E2-783A02347FFE,7069BC03-22A8-53A8-BAEB-14FC724AA6EE,SYN-TR-0069,CBC9BD95-73A5-59BF-BCFD-F30992314688,SYN-MZ-00140,C0F1C0F5-E9B0-52E7-9C91-552848997073,3D178CC3-6323-5700-8966-D35D3D161DAC,3005,3,TRIAL_ENTRY,FALSE,SYNTHETIC — integrated V2 (fixed),TRUE
EC8357A2-535E-51A0-A903-34DD57EEBA48,7069BC03-22A8-53A8-BAEB-14FC724AA6EE,SYN-TR-0069,895C37E3-3402-5903-BB78-18E139F002E0,SYN-MZ-CHK01,42CE60AF-7FF7-55CE-8F13-7705F3D9EF4B,3D178CC3-6323-5700-8966-D35D3D161DAC,3006,3,CHECK,FALSE,SYNTHETIC — integrated V2 (fixed),TRUE
6D4F169A-471E-5E1F-8431-26F87F29E7D7,7069BC03-22A8-53A8-BAEB-14FC724AA6EE,SYN-TR-0069,DB0593B1-E991-5A37-B5FA-BC3E7A2016F1,SYN-MZ-00142,9B87EBB8-4FC4-5620-83CB-71092DBB2222,3D178CC3-6323-5700-8966-D35D3D161DAC,3007,3,TRIAL_ENTRY,FALSE,SYNTHETIC — integrated V2 (fixed),TRUE
773CEBCB-67FA-543E-96EA-524AF82FF2A8,7069BC03-22A8-53A8-BAEB-14FC724AA6EE,SYN-TR-0069,03B42C84-51CA-5773-8E4C-295473835D66,SYN-MZ-CHK02,A92E98DA-E476-5795-8F0C-D596AF9E41F3,3D178CC3-6323-5700-8966-D35D3D161DAC,3008,3,CHECK,FALSE,SYNTHETIC — integrated V2 (fixed),TRUE
2B78D054-3287-50E9-9DE6-45733E4093B3,508C3FA5-26D3-570B-B415-4B1B3FCF3271,SYN-TR-0070,32AF3857-19CC-5F20-B54E-D3EF4EB2E05B,SYN-MZ-00143,515CAAF4-0E10-5960-806F-9DE2CD292D92,642F537B-53B7-5165-BB1E-BF6A40C28548,1001,1,TRIAL_ENTRY,FALSE,SYNTHETIC — integrated V2 (fixed),TRUE
AE43F1F6-52AA-50BB-A2AC-5AE17B24EADF,508C3FA5-26D3-570B-B415-4B1B3FCF3271,SYN-TR-0070,895C37E3-3402-5903-BB78-18E139F002E0,SYN-MZ-CHK01,42CE60AF-7FF7-55CE-8F13-7705F3D9EF4B,642F537B-53B7-5165-BB1E-BF6A40C28548,1002,1,CHECK,FALSE,SYNTHETIC — integrated V2 (fixed),TRUE
586F284C-1A6B-5568-9C30-6E77DDD0505F,508C3FA5-26D3-570B-B415-4B1B3FCF3271,SYN-TR-0070,03B42C84-51CA-5773-8E4C-295473835D66,SYN-MZ-CHK02,A92E98DA-E476-5795-8F0C-D596AF9E41F3,642F537B-53B7-5165-BB1E-BF6A40C28548,1003,1,CHECK,FALSE,SYNTHETIC — integrated V2 (fixed),TRUE
8004511B-D334-5A49-8750-2B40899A08A4,508C3FA5-26D3-570B-B415-4B1B3FCF3271,SYN-TR-0070,E5CE3662-1D34-5A4A-AAD6-8F5B9A767126,SYN-MZ-00144,CFDA0ACE-471E-56C9-825D-C9E802536309,642F537B-53B7-5165-BB1E-BF6A40C28548,1004,1,TRIAL_ENTRY,FALSE,SYNTHETIC — integrated V2 (fixed),TRUE
D840F359-BC38-523C-8AB5-798DD0D3DB3D,508C3FA5-26D3-570B-B415-4B1B3FCF3271,SYN-TR-0070,DB0593B1-E991-5A37-B5FA-BC3E7A2016F1,SYN-MZ-00142,9B87EBB8-4FC4-5620-83CB-71092DBB2222,642F537B-53B7-5165-BB1E-BF6A40C28548,1005,1,TRIAL_ENTRY,FALSE,SYNTHETIC — integrated V2 (fixed),TRUE
B1FDAB15-DE15-50A5-B165-C6C3ABD39252,508C3FA5-26D3-570B-B415-4B1B3FCF3271,SYN-TR-0070,A851DD56-866F-5923-B0A6-19BDB0B11A8B,SYN-MZ-00141,94FF659C-B70C-555F-9278-1032E9831878,642F537B-53B7-5165-BB1E-BF6A40C28548,1006,1,TRIAL_ENTRY,FALSE,SYNTHETIC — integrated V2 (fixed),TRUE
B92B999A-8923-53C5-990A-1C077BF5B779,508C3FA5-26D3-570B-B415-4B1B3FCF3271,SYN-TR-0070,CBC9BD95-73A5-59BF-BCFD-F30992314688,SYN-MZ-00140,C0F1C0F5-E9B0-52E7-9C91-552848997073,642F537B-53B7-5165-BB1E-BF6A40C28548,1007,1,TRIAL_ENTRY,FALSE,SYNTHETIC — integrated V2 (fixed),TRUE
5F7EE1CB-2BD2-5F76-BC3E-9B42431AF7FF,508C3FA5-26D3-570B-B415-4B1B3FCF3271,SYN-TR-0070,E1CFB207-FA7D-5CE8-936D-2B35530B6FCB,SYN-MZ-00139,ADEC29EE-8503-5435-999D-91F166FB039E,642F537B-53B7-5165-BB1E-BF6A40C28548,1008,1,TRIAL_ENTRY,TRUE,SYNTHETIC — integrated V2 (fixed),TRUE
75E7C94A-8A3C-59CA-9C97-E3E6DA4639E5,508C3FA5-26D3-570B-B415-4B1B3FCF3271,SYN-TR-0070,DB0593B1-E991-5A37-B5FA-BC3E7A2016F1,SYN-MZ-00142,9B87EBB8-4FC4-5620-83CB-71092DBB2222,642F537B-53B7-5165-BB1E-BF6A40C28548,2001,2,TRIAL_ENTRY,FALSE,SYNTHETIC — integrated V2 (fixed),TRUE
A076BB2D-9E90-55ED-9DDC-1C9CC818742E,508C3FA5-26D3-570B-B415-4B1B3FCF3271,SYN-TR-0070,A851DD56-866F-5923-B0A6-19BDB0B11A8B,SYN-MZ-00141,94FF659C-B70C-555F-9278-1032E9831878,642F537B-53B7-5165-BB1E-BF6A40C28548,2002,2,TRIAL_ENTRY,FALSE,SYNTHETIC — integrated V2 (fixed),TRUE
72820E8A-55DD-5164-ADAD-BC2A5C00C49F,508C3FA5-26D3-570B-B415-4B1B3FCF3271,SYN-TR-0070,E5CE3662-1D34-5A4A-AAD6-8F5B9A767126,SYN-MZ-00144,CFDA0ACE-471E-56C9-825D-C9E802536309,642F537B-53B7-5165-BB1E-BF6A40C28548,2003,2,TRIAL_ENTRY,FALSE,SYNTHETIC — integrated V2 (fixed),TRUE
B0E75627-138F-5850-867E-098D63350475,508C3FA5-26D3-570B-B415-4B1B3FCF3271,SYN-TR-0070,CBC9BD95-73A5-59BF-BCFD-F30992314688,SYN-MZ-00140,C0F1C0F5-E9B0-52E7-9C91-552848997073,642F537B-53B7-5165-BB1E-BF6A40C28548,2004,2,TRIAL_ENTRY,FALSE,SYNTHETIC — integrated V2 (fixed),TRUE
BF616B37-AB01-5467-BC44-0BB1D5F36333,508C3FA5-26D3-570B-B415-4B1B3FCF3271,SYN-TR-0070,32AF3857-19CC-5F20-B54E-D3EF4EB2E05B,SYN-MZ-00143,515CAAF4-0E10-5960-806F-9DE2CD292D92,642F537B-53B7-5165-BB1E-BF6A40C28548,2005,2,TRIAL_ENTRY,FALSE,SYNTHETIC — integrated V2 (fixed),TRUE
6EF05F13-90A4-59BE-99F1-1627D700CBC7,508C3FA5-26D3-570B-B415-4B1B3FCF3271,SYN-TR-0070,E1CFB207-FA7D-5CE8-936D-2B35530B6FCB,SYN-MZ-00139,ADEC29EE-8503-5435-999D-91F166FB039E,642F537B-53B7-5165-BB1E-BF6A40C28548,2006,2,TRIAL_ENTRY,TRUE,SYNTHETIC — integrated V2 (fixed),TRUE
1290C53E-D4AC-5D46-B5EA-E89EC57DE508,508C3FA5-26D3-570B-B415-4B1B3FCF3271,SYN-TR-0070,895C37E3-3402-5903-BB78-18E139F002E0,SYN-MZ-CHK01,42CE60AF-7FF7-55CE-8F13-7705F3D9EF4B,642F537B-53B7-5165-BB1E-BF6A40C28548,2007,2,CHECK,FALSE,SYNTHETIC — integrated V2 (fixed),TRUE
75FCB1DC-6B3D-55D9-B081-98F80F39F510,508C3FA5-26D3-570B-B415-4B1B3FCF3271,SYN-TR-0070,03B42C84-51CA-5773-8E4C-295473835D66,SYN-MZ-CHK02,A92E98DA-E476-5795-8F0C-D596AF9E41F3,642F537B-53B7-5165-BB1E-BF6A40C28548,2008,2,CHECK,FALSE,SYNTHETIC — integrated V2 (fixed),TRUE
1863A918-0B65-5E57-9DF7-4CB3A73EE041,508C3FA5-26D3-570B-B415-4B1B3FCF3271,SYN-TR-0070,03B42C84-51CA-5773-8E4C-295473835D66,SYN-MZ-CHK02,A92E98DA-E476-5795-8F0C-D596AF9E41F3,642F537B-53B7-5165-BB1E-BF6A40C28548,3001,3,CHECK,FALSE,SYNTHETIC — integrated V2 (fixed),TRUE
33D3C9C2-DAEC-50B7-B09C-F457A13BBEDA,508C3FA5-26D3-570B-B415-4B1B3FCF3271,SYN-TR-0070,895C37E3-3402-5903-BB78-18E139F002E0,SYN-MZ-CHK01,42CE60AF-7FF7-55CE-8F13-7705F3D9EF4B,642F537B-53B7-5165-BB1E-BF6A40C28548,3002,3,CHECK,FALSE,SYNTHETIC — integrated V2 (fixed),TRUE
A75C36F9-7581-5CC5-BC2F-31A7ACBE0F5B,508C3FA5-26D3-570B-B415-4B1B3FCF3271,SYN-TR-0070,32AF3857-19CC-5F20-B54E-D3EF4EB2E05B,SYN-MZ-00143,515CAAF4-0E10-5960-806F-9DE2CD292D92,642F537B-53B7-5165-BB1E-BF6A40C28548,3003,3,TRIAL_ENTRY,FALSE,SYNTHETIC — integrated V2 (fixed),TRUE
186DA45C-A10B-53B9-9538-EDD09929B5E4,508C3FA5-26D3-570B-B415-4B1B3FCF3271,SYN-TR-0070,A851DD56-866F-5923-B0A6-19BDB0B11A8B,SYN-MZ-00141,94FF659C-B70C-555F-9278-1032E9831878,642F537B-53B7-5165-BB1E-BF6A40C28548,3004,3,TRIAL_ENTRY,FALSE,SYNTHETIC — integrated V2 (fixed),TRUE
8561F1A6-6CB0-5150-A679-BFF41617A310,508C3FA5-26D3-570B-B415-4B1B3FCF3271,SYN-TR-0070,DB0593B1-E991-5A37-B5FA-BC3E7A2016F1,SYN-MZ-00142,9B87EBB8-4FC4-5620-83CB-71092DBB2222,642F537B-53B7-5165-BB1E-BF6A40C28548,3005,3,TRIAL_ENTRY,FALSE,SYNTHETIC — integrated V2 (fixed),TRUE
91AD4B96-EB85-5A40-899A-EE61BA8BD276,508C3FA5-26D3-570B-B415-4B1B3FCF3271,SYN-TR-0070,CBC9BD95-73A5-59BF-BCFD-F30992314688,SYN-MZ-00140,C0F1C0F5-E9B0-52E7-9C91-552848997073,642F537B-53B7-5165-BB1E-BF6A40C28548,3006,3,TRIAL_ENTRY,FALSE,SYNTHETIC — integrated V2 (fixed),TRUE
A0417008-B956-53EE-A0D4-42789F23CEC3,508C3FA5-26D3-570B-B415-4B1B3FCF3271,SYN-TR-0070,E5CE3662-1D34-5A4A-AAD6-8F5B9A767126,SYN-MZ-00144,CFDA0ACE-471E-56C9-825D-C9E802536309,642F537B-53B7-5165-BB1E-BF6A40C28548,3007,3,TRIAL_ENTRY,FALSE,SYNTHETIC — integrated V2 (fixed),TRUE
80363C7F-8B29-597A-BED2-220FF0297EF6,508C3FA5-26D3-570B-B415-4B1B3FCF3271,SYN-TR-0070,E1CFB207-FA7D-5CE8-936D-2B35530B6FCB,SYN-MZ-00139,ADEC29EE-8503-5435-999D-91F166FB039E,642F537B-53B7-5165-BB1E-BF6A40C28548,3008,3,TRIAL_ENTRY,TRUE,SYNTHETIC — integrated V2 (fixed),TRUE
53311DCF-8F97-5388-A3D5-8B3C00248446,6AE6D350-3E6F-5576-92AD-11D7FA4C3E02,SYN-TR-0071,DB0593B1-E991-5A37-B5FA-BC3E7A2016F1,SYN-MZ-00142,9B87EBB8-4FC4-5620-83CB-71092DBB2222,EFBB7F62-2602-5E8D-82CE-EDF1E511799F,1001,1,TRIAL_ENTRY,FALSE,SYNTHETIC — integrated V2 (fixed),TRUE
5CA534AC-4B72-5C48-BCE5-6116E9ED24F2,6AE6D350-3E6F-5576-92AD-11D7FA4C3E02,SYN-TR-0071,03B42C84-51CA-5773-8E4C-295473835D66,SYN-MZ-CHK02,A92E98DA-E476-5795-8F0C-D596AF9E41F3,EFBB7F62-2602-5E8D-82CE-EDF1E511799F,1002,1,CHECK,FALSE,SYNTHETIC — integrated V2 (fixed),TRUE
8ABD3828-6028-51AB-908A-4352F6BF10D2,6AE6D350-3E6F-5576-92AD-11D7FA4C3E02,SYN-TR-0071,32AF3857-19CC-5F20-B54E-D3EF4EB2E05B,SYN-MZ-00143,515CAAF4-0E10-5960-806F-9DE2CD292D92,EFBB7F62-2602-5E8D-82CE-EDF1E511799F,1003,1,TRIAL_ENTRY,FALSE,SYNTHETIC — integrated V2 (fixed),TRUE
18B92942-581B-5398-B687-4686BCD55B5A,6AE6D350-3E6F-5576-92AD-11D7FA4C3E02,SYN-TR-0071,1CEB7127-A7F9-58EA-AD95-89A5CC12EA06,SYN-MZ-00146,CA03F0C4-16FB-56B2-88F1-1F9BDC9A7D2A,EFBB7F62-2602-5E8D-82CE-EDF1E511799F,1004,1,TRIAL_ENTRY,FALSE,SYNTHETIC — integrated V2 (fixed),TRUE
572FE9AC-E0CB-5E03-8605-F141042F61EE,6AE6D350-3E6F-5576-92AD-11D7FA4C3E02,SYN-TR-0071,895C37E3-3402-5903-BB78-18E139F002E0,SYN-MZ-CHK01,42CE60AF-7FF7-55CE-8F13-7705F3D9EF4B,EFBB7F62-2602-5E8D-82CE-EDF1E511799F,1005,1,CHECK,FALSE,SYNTHETIC — integrated V2 (fixed),TRUE
24FB68F2-3561-5C6D-9EBD-3E1E8EC5FD13,6AE6D350-3E6F-5576-92AD-11D7FA4C3E02,SYN-TR-0071,B7858025-7776-5C12-B209-88B3225A9E24,SYN-MZ-00145,19D389BA-5EE0-5401-A1B6-EDAB7521176A,EFBB7F62-2602-5E8D-82CE-EDF1E511799F,1006,1,TRIAL_ENTRY,FALSE,SYNTHETIC — integrated V2 (fixed),TRUE
B2C63011-A96B-5553-A00F-5F3445F5FE22,6AE6D350-3E6F-5576-92AD-11D7FA4C3E02,SYN-TR-0071,E5CE3662-1D34-5A4A-AAD6-8F5B9A767126,SYN-MZ-00144,CFDA0ACE-471E-56C9-825D-C9E802536309,EFBB7F62-2602-5E8D-82CE-EDF1E511799F,1007,1,TRIAL_ENTRY,FALSE,SYNTHETIC — integrated V2 (fixed),TRUE
2F674435-E864-5731-B9CD-D5F65C0858C3,6AE6D350-3E6F-5576-92AD-11D7FA4C3E02,SYN-TR-0071,A851DD56-866F-5923-B0A6-19BDB0B11A8B,SYN-MZ-00141,94FF659C-B70C-555F-9278-1032E9831878,EFBB7F62-2602-5E8D-82CE-EDF1E511799F,1008,1,TRIAL_ENTRY,TRUE,SYNTHETIC — integrated V2 (fixed),TRUE
EA166415-D492-5C33-900C-0B2518F04F47,6AE6D350-3E6F-5576-92AD-11D7FA4C3E02,SYN-TR-0071,895C37E3-3402-5903-BB78-18E139F002E0,SYN-MZ-CHK01,42CE60AF-7FF7-55CE-8F13-7705F3D9EF4B,EFBB7F62-2602-5E8D-82CE-EDF1E511799F,2001,2,CHECK,FALSE,SYNTHETIC — integrated V2 (fixed),TRUE
A3760DF9-0B0E-5764-AAF5-435BF095C613,6AE6D350-3E6F-5576-92AD-11D7FA4C3E02,SYN-TR-0071,B7858025-7776-5C12-B209-88B3225A9E24,SYN-MZ-00145,19D389BA-5EE0-5401-A1B6-EDAB7521176A,EFBB7F62-2602-5E8D-82CE-EDF1E511799F,2002,2,TRIAL_ENTRY,FALSE,SYNTHETIC — integrated V2 (fixed),TRUE
F7BEB60D-82BA-5A00-B8BC-916898F943FC,6AE6D350-3E6F-5576-92AD-11D7FA4C3E02,SYN-TR-0071,E5CE3662-1D34-5A4A-AAD6-8F5B9A767126,SYN-MZ-00144,CFDA0ACE-471E-56C9-825D-C9E802536309,EFBB7F62-2602-5E8D-82CE-EDF1E511799F,2003,2,TRIAL_ENTRY,FALSE,SYNTHETIC — integrated V2 (fixed),TRUE
ACFC81BD-E0DC-5304-BA5E-C4CEE83FA828,6AE6D350-3E6F-5576-92AD-11D7FA4C3E02,SYN-TR-0071,03B42C84-51CA-5773-8E4C-295473835D66,SYN-MZ-CHK02,A92E98DA-E476-5795-8F0C-D596AF9E41F3,EFBB7F62-2602-5E8D-82CE-EDF1E511799F,2004,2,CHECK,FALSE,SYNTHETIC — integrated V2 (fixed),TRUE
82466AE7-621F-57A7-97BC-EF7B96632DC0,6AE6D350-3E6F-5576-92AD-11D7FA4C3E02,SYN-TR-0071,32AF3857-19CC-5F20-B54E-D3EF4EB2E05B,SYN-MZ-00143,515CAAF4-0E10-5960-806F-9DE2CD292D92,EFBB7F62-2602-5E8D-82CE-EDF1E511799F,2005,2,TRIAL_ENTRY,FALSE,SYNTHETIC — integrated V2 (fixed),TRUE
7EA29C60-2879-5798-9AB5-1CDC2A5F98E5,6AE6D350-3E6F-5576-92AD-11D7FA4C3E02,SYN-TR-0071,DB0593B1-E991-5A37-B5FA-BC3E7A2016F1,SYN-MZ-00142,9B87EBB8-4FC4-5620-83CB-71092DBB2222,EFBB7F62-2602-5E8D-82CE-EDF1E511799F,2006,2,TRIAL_ENTRY,FALSE,SYNTHETIC — integrated V2 (fixed),TRUE
A7033A88-B073-5894-BAA0-758A1FA37DA2,6AE6D350-3E6F-5576-92AD-11D7FA4C3E02,SYN-TR-0071,1CEB7127-A7F9-58EA-AD95-89A5CC12EA06,SYN-MZ-00146,CA03F0C4-16FB-56B2-88F1-1F9BDC9A7D2A,EFBB7F62-2602-5E8D-82CE-EDF1E511799F,2007,2,TRIAL_ENTRY,FALSE,SYNTHETIC — integrated V2 (fixed),TRUE
A394EA24-A516-5233-B29D-2F536F5418F2,6AE6D350-3E6F-5576-92AD-11D7FA4C3E02,SYN-TR-0071,A851DD56-866F-5923-B0A6-19BDB0B11A8B,SYN-MZ-00141,94FF659C-B70C-555F-9278-1032E9831878,EFBB7F62-2602-5E8D-82CE-EDF1E511799F,2008,2,TRIAL_ENTRY,TRUE,SYNTHETIC — integrated V2 (fixed),TRUE
A2EA305C-CB80-5093-A0FE-D89A78C559E5,6AE6D350-3E6F-5576-92AD-11D7FA4C3E02,SYN-TR-0071,E5CE3662-1D34-5A4A-AAD6-8F5B9A767126,SYN-MZ-00144,CFDA0ACE-471E-56C9-825D-C9E802536309,EFBB7F62-2602-5E8D-82CE-EDF1E511799F,3001,3,TRIAL_ENTRY,FALSE,SYNTHETIC — integrated V2 (fixed),TRUE
3EB9E041-FA04-5EE4-B701-93E4D842ECC8,6AE6D350-3E6F-5576-92AD-11D7FA4C3E02,SYN-TR-0071,DB0593B1-E991-5A37-B5FA-BC3E7A2016F1,SYN-MZ-00142,9B87EBB8-4FC4-5620-83CB-71092DBB2222,EFBB7F62-2602-5E8D-82CE-EDF1E511799F,3002,3,TRIAL_ENTRY,FALSE,SYNTHETIC — integrated V2 (fixed),TRUE
8779637C-F9AC-5D59-8954-4F2E70DE2C58,6AE6D350-3E6F-5576-92AD-11D7FA4C3E02,SYN-TR-0071,895C37E3-3402-5903-BB78-18E139F002E0,SYN-MZ-CHK01,42CE60AF-7FF7-55CE-8F13-7705F3D9EF4B,EFBB7F62-2602-5E8D-82CE-EDF1E511799F,3003,3,CHECK,FALSE,SYNTHETIC — integrated V2 (fixed),TRUE
9492DCCF-6C27-58A0-BA43-18A92FD195AD,6AE6D350-3E6F-5576-92AD-11D7FA4C3E02,SYN-TR-0071,A851DD56-866F-5923-B0A6-19BDB0B11A8B,SYN-MZ-00141,94FF659C-B70C-555F-9278-1032E9831878,EFBB7F62-2602-5E8D-82CE-EDF1E511799F,3004,3,TRIAL_ENTRY,TRUE,SYNTHETIC — integrated V2 (fixed),TRUE
3B4E4EA6-EAC1-52CF-99FD-E952994B426C,6AE6D350-3E6F-5576-92AD-11D7FA4C3E02,SYN-TR-0071,B7858025-7776-5C12-B209-88B3225A9E24,SYN-MZ-00145,19D389BA-5EE0-5401-A1B6-EDAB7521176A,EFBB7F62-2602-5E8D-82CE-EDF1E511799F,3005,3,TRIAL_ENTRY,FALSE,SYNTHETIC — integrated V2 (fixed),TRUE
13718290-A6B7-55DB-BB10-0AC0BF526636,6AE6D350-3E6F-5576-92AD-11D7FA4C3E02,SYN-TR-0071,32AF3857-19CC-5F20-B54E-D3EF4EB2E05B,SYN-MZ-00143,515CAAF4-0E10-5960-806F-9DE2CD292D92,EFBB7F62-2602-5E8D-82CE-EDF1E511799F,3006,3,TRIAL_ENTRY,FALSE,SYNTHETIC — integrated V2 (fixed),TRUE
92430AC1-2553-541C-BE17-7DF60D2E4249,6AE6D350-3E6F-5576-92AD-11D7FA4C3E02,SYN-TR-0071,03B42C84-51CA-5773-8E4C-295473835D66,SYN-MZ-CHK02,A92E98DA-E476-5795-8F0C-D596AF9E41F3,EFBB7F62-2602-5E8D-82CE-EDF1E511799F,3007,3,CHECK,FALSE,SYNTHETIC — integrated V2 (fixed),TRUE
02E0A28A-005A-5E7C-806E-2D70B61BEA58,6AE6D350-3E6F-5576-92AD-11D7FA4C3E02,SYN-TR-0071,1CEB7127-A7F9-58EA-AD95-89A5CC12EA06,SYN-MZ-00146,CA03F0C4-16FB-56B2-88F1-1F9BDC9A7D2A,EFBB7F62-2602-5E8D-82CE-EDF1E511799F,3008,3,TRIAL_ENTRY,FALSE,SYNTHETIC — integrated V2 (fixed),TRUE
8E86EA81-5555-563A-AB87-85F847C6B0B5,4F83DA39-DBDB-5D2D-9B22-6EDAD3D74AA8,SYN-TR-0072,52DC85E8-1E39-59B3-A1FB-FEC6604E17E3,SYN-MZ-00148,87056DD4-4262-5B3C-8748-4E8BC48BDFFA,E7387432-FABF-54AF-AD48-6722FC1D2C8E,1001,1,TRIAL_ENTRY,FALSE,SYNTHETIC — integrated V2 (fixed),TRUE
E31D1E10-505B-59C8-97C9-F2F53D74C665,4F83DA39-DBDB-5D2D-9B22-6EDAD3D74AA8,SYN-TR-0072,32AF3857-19CC-5F20-B54E-D3EF4EB2E05B,SYN-MZ-00143,515CAAF4-0E10-5960-806F-9DE2CD292D92,E7387432-FABF-54AF-AD48-6722FC1D2C8E,1002,1,TRIAL_ENTRY,TRUE,SYNTHETIC — integrated V2 (fixed),TRUE
22171552-43CC-5A50-95E0-8B8511AC306B,4F83DA39-DBDB-5D2D-9B22-6EDAD3D74AA8,SYN-TR-0072,E5CE3662-1D34-5A4A-AAD6-8F5B9A767126,SYN-MZ-00144,CFDA0ACE-471E-56C9-825D-C9E802536309,E7387432-FABF-54AF-AD48-6722FC1D2C8E,1003,1,TRIAL_ENTRY,FALSE,SYNTHETIC — integrated V2 (fixed),TRUE
1D07808F-03CE-5F1D-B0D1-2069E25C45FC,4F83DA39-DBDB-5D2D-9B22-6EDAD3D74AA8,SYN-TR-0072,B3658393-C684-5F89-B232-1E8645DAC209,SYN-MZ-00147,97E5C4BB-027B-59A4-8837-744CB4E5802D,E7387432-FABF-54AF-AD48-6722FC1D2C8E,1004,1,TRIAL_ENTRY,FALSE,SYNTHETIC — integrated V2 (fixed),TRUE
2F8C761D-C7C6-5D8C-AB8D-55B96D2A90C5,4F83DA39-DBDB-5D2D-9B22-6EDAD3D74AA8,SYN-TR-0072,B7858025-7776-5C12-B209-88B3225A9E24,SYN-MZ-00145,19D389BA-5EE0-5401-A1B6-EDAB7521176A,E7387432-FABF-54AF-AD48-6722FC1D2C8E,1005,1,TRIAL_ENTRY,FALSE,SYNTHETIC — integrated V2 (fixed),TRUE
12BE17DB-1568-5B21-B06A-D114DCD1BE55,4F83DA39-DBDB-5D2D-9B22-6EDAD3D74AA8,SYN-TR-0072,895C37E3-3402-5903-BB78-18E139F002E0,SYN-MZ-CHK01,42CE60AF-7FF7-55CE-8F13-7705F3D9EF4B,E7387432-FABF-54AF-AD48-6722FC1D2C8E,1006,1,CHECK,FALSE,SYNTHETIC — integrated V2 (fixed),TRUE
CAC9B6EB-A468-50E2-9C63-4888C89D903D,4F83DA39-DBDB-5D2D-9B22-6EDAD3D74AA8,SYN-TR-0072,03B42C84-51CA-5773-8E4C-295473835D66,SYN-MZ-CHK02,A92E98DA-E476-5795-8F0C-D596AF9E41F3,E7387432-FABF-54AF-AD48-6722FC1D2C8E,1007,1,CHECK,FALSE,SYNTHETIC — integrated V2 (fixed),TRUE
5656D1CB-D1E4-5FF2-AE77-6F66370DC6D5,4F83DA39-DBDB-5D2D-9B22-6EDAD3D74AA8,SYN-TR-0072,1CEB7127-A7F9-58EA-AD95-89A5CC12EA06,SYN-MZ-00146,CA03F0C4-16FB-56B2-88F1-1F9BDC9A7D2A,E7387432-FABF-54AF-AD48-6722FC1D2C8E,1008,1,TRIAL_ENTRY,FALSE,SYNTHETIC — integrated V2 (fixed),TRUE
12778B97-EFBA-5C6A-888D-A02CE8748E39,4F83DA39-DBDB-5D2D-9B22-6EDAD3D74AA8,SYN-TR-0072,52DC85E8-1E39-59B3-A1FB-FEC6604E17E3,SYN-MZ-00148,87056DD4-4262-5B3C-8748-4E8BC48BDFFA,E7387432-FABF-54AF-AD48-6722FC1D2C8E,2001,2,TRIAL_ENTRY,FALSE,SYNTHETIC — integrated V2 (fixed),TRUE
43252306-7E31-5BC1-B342-892BE61602A7,4F83DA39-DBDB-5D2D-9B22-6EDAD3D74AA8,SYN-TR-0072,B7858025-7776-5C12-B209-88B3225A9E24,SYN-MZ-00145,19D389BA-5EE0-5401-A1B6-EDAB7521176A,E7387432-FABF-54AF-AD48-6722FC1D2C8E,2002,2,TRIAL_ENTRY,FALSE,SYNTHETIC — integrated V2 (fixed),TRUE
598EFFB2-D2C3-5021-9AB7-74126A8C380E,4F83DA39-DBDB-5D2D-9B22-6EDAD3D74AA8,SYN-TR-0072,E5CE3662-1D34-5A4A-AAD6-8F5B9A767126,SYN-MZ-00144,CFDA0ACE-471E-56C9-825D-C9E802536309,E7387432-FABF-54AF-AD48-6722FC1D2C8E,2003,2,TRIAL_ENTRY,FALSE,SYNTHETIC — integrated V2 (fixed),TRUE
88E1474B-DEFD-5B0A-B03B-8D0B2069A450,4F83DA39-DBDB-5D2D-9B22-6EDAD3D74AA8,SYN-TR-0072,B3658393-C684-5F89-B232-1E8645DAC209,SYN-MZ-00147,97E5C4BB-027B-59A4-8837-744CB4E5802D,E7387432-FABF-54AF-AD48-6722FC1D2C8E,2004,2,TRIAL_ENTRY,FALSE,SYNTHETIC — integrated V2 (fixed),TRUE
1A1E8A78-F946-5D8E-8B73-2B7D4EEE521D,4F83DA39-DBDB-5D2D-9B22-6EDAD3D74AA8,SYN-TR-0072,32AF3857-19CC-5F20-B54E-D3EF4EB2E05B,SYN-MZ-00143,515CAAF4-0E10-5960-806F-9DE2CD292D92,E7387432-FABF-54AF-AD48-6722FC1D2C8E,2005,2,TRIAL_ENTRY,TRUE,SYNTHETIC — integrated V2 (fixed),TRUE
40A0E05D-D2A6-54E4-B116-51648191BFBC,4F83DA39-DBDB-5D2D-9B22-6EDAD3D74AA8,SYN-TR-0072,03B42C84-51CA-5773-8E4C-295473835D66,SYN-MZ-CHK02,A92E98DA-E476-5795-8F0C-D596AF9E41F3,E7387432-FABF-54AF-AD48-6722FC1D2C8E,2006,2,CHECK,FALSE,SYNTHETIC — integrated V2 (fixed),TRUE
3F76BED8-65A4-5C25-B7DE-62CB11A49029,4F83DA39-DBDB-5D2D-9B22-6EDAD3D74AA8,SYN-TR-0072,895C37E3-3402-5903-BB78-18E139F002E0,SYN-MZ-CHK01,42CE60AF-7FF7-55CE-8F13-7705F3D9EF4B,E7387432-FABF-54AF-AD48-6722FC1D2C8E,2007,2,CHECK,FALSE,SYNTHETIC — integrated V2 (fixed),TRUE
3A3E856E-E883-5B68-8E57-C9393B03AB93,4F83DA39-DBDB-5D2D-9B22-6EDAD3D74AA8,SYN-TR-0072,1CEB7127-A7F9-58EA-AD95-89A5CC12EA06,SYN-MZ-00146,CA03F0C4-16FB-56B2-88F1-1F9BDC9A7D2A,E7387432-FABF-54AF-AD48-6722FC1D2C8E,2008,2,TRIAL_ENTRY,FALSE,SYNTHETIC — integrated V2 (fixed),TRUE
0C391D07-40B8-52FB-BAD5-959C01AD8CD4,4F83DA39-DBDB-5D2D-9B22-6EDAD3D74AA8,SYN-TR-0072,E5CE3662-1D34-5A4A-AAD6-8F5B9A767126,SYN-MZ-00144,CFDA0ACE-471E-56C9-825D-C9E802536309,E7387432-FABF-54AF-AD48-6722FC1D2C8E,3001,3,TRIAL_ENTRY,FALSE,SYNTHETIC — integrated V2 (fixed),TRUE
71E86F61-99B9-5E7B-90AB-BAE62450F555,4F83DA39-DBDB-5D2D-9B22-6EDAD3D74AA8,SYN-TR-0072,B7858025-7776-5C12-B209-88B3225A9E24,SYN-MZ-00145,19D389BA-5EE0-5401-A1B6-EDAB7521176A,E7387432-FABF-54AF-AD48-6722FC1D2C8E,3002,3,TRIAL_ENTRY,FALSE,SYNTHETIC — integrated V2 (fixed),TRUE
BCB792BA-4E65-5D35-B9C6-17819139EA61,4F83DA39-DBDB-5D2D-9B22-6EDAD3D74AA8,SYN-TR-0072,03B42C84-51CA-5773-8E4C-295473835D66,SYN-MZ-CHK02,A92E98DA-E476-5795-8F0C-D596AF9E41F3,E7387432-FABF-54AF-AD48-6722FC1D2C8E,3003,3,CHECK,FALSE,SYNTHETIC — integrated V2 (fixed),TRUE
C7415F1F-DAD3-5C26-B881-BDB89CCE6CF7,4F83DA39-DBDB-5D2D-9B22-6EDAD3D74AA8,SYN-TR-0072,52DC85E8-1E39-59B3-A1FB-FEC6604E17E3,SYN-MZ-00148,87056DD4-4262-5B3C-8748-4E8BC48BDFFA,E7387432-FABF-54AF-AD48-6722FC1D2C8E,3004,3,TRIAL_ENTRY,FALSE,SYNTHETIC — integrated V2 (fixed),TRUE
9C43D7F8-9326-51F4-9ECD-A0430469FD6A,4F83DA39-DBDB-5D2D-9B22-6EDAD3D74AA8,SYN-TR-0072,B3658393-C684-5F89-B232-1E8645DAC209,SYN-MZ-00147,97E5C4BB-027B-59A4-8837-744CB4E5802D,E7387432-FABF-54AF-AD48-6722FC1D2C8E,3005,3,TRIAL_ENTRY,FALSE,SYNTHETIC — integrated V2 (fixed),TRUE
B604DF38-C55E-549C-BB8B-3870570E6EE7,4F83DA39-DBDB-5D2D-9B22-6EDAD3D74AA8,SYN-TR-0072,1CEB7127-A7F9-58EA-AD95-89A5CC12EA06,SYN-MZ-00146,CA03F0C4-16FB-56B2-88F1-1F9BDC9A7D2A,E7387432-FABF-54AF-AD48-6722FC1D2C8E,3006,3,TRIAL_ENTRY,FALSE,SYNTHETIC — integrated V2 (fixed),TRUE
BA7CDB37-A1A9-55A1-B549-8504D266DC99,4F83DA39-DBDB-5D2D-9B22-6EDAD3D74AA8,SYN-TR-0072,32AF3857-19CC-5F20-B54E-D3EF4EB2E05B,SYN-MZ-00143,515CAAF4-0E10-5960-806F-9DE2CD292D92,E7387432-FABF-54AF-AD48-6722FC1D2C8E,3007,3,TRIAL_ENTRY,TRUE,SYNTHETIC — integrated V2 (fixed),TRUE
08E6746E-9E64-5CAC-84D8-7A831F8EE4A8,4F83DA39-DBDB-5D2D-9B22-6EDAD3D74AA8,SYN-TR-0072,895C37E3-3402-5903-BB78-18E139F002E0,SYN-MZ-CHK01,42CE60AF-7FF7-55CE-8F13-7705F3D9EF4B,E7387432-FABF-54AF-AD48-6722FC1D2C8E,3008,3,CHECK,FALSE,SYNTHETIC — integrated V2 (fixed),TRUE
