ID,OBSERVATION_UUID,OBSERVATION_ID,ATTACHED_TO_FIELD_ENTITY_ID,FIELD_ID,GID,BARCODE,TRIAL_ENTRY_RELATIONSHIP_GUID,RECORD_TYPE,REPLICATION_NO,SUBPLOT_TYPE,SUBPLOT_ID,SUB_SUBPLOT_ID,REMARK,CONTAINER_ID,PLANTS_IN_PLOT,PM_ALT_ID
1,351D935D-10A1-3BF2-0000-000000000001,SYN-OBS-00001,620A7637-3BE2-7307-0000-000000000001,69F84508-D13B-4A83-0000-000000000001,1FC9E916-899C-6A96-0000-000000000001,,,,1,,,,SYNTHETIC — hackathon mock data,,,
2,351D935D-10A1-3BF2-0000-000000000002,SYN-OBS-00002,620A7637-3BE2-7307-0000-000000000002,69F84508-D13B-4A83-0000-000000000002,1FC9E916-899C-6A96-0000-000000000002,,,,2,,,,SYNTHETIC — hackathon mock data,,,
3,351D935D-10A1-3BF2-0000-000000000003,SYN-OBS-00003,620A7637-3BE2-7307-0000-000000000003,69F84508-D13B-4A83-0000-000000000003,1FC9E916-899C-6A96-0000-000000000003,,,,3,,,,SYNTHETIC — hackathon mock data,,,
4,351D935D-10A1-3BF2-0000-000000000004,SYN-OBS-00004,620A7637-3BE2-7307-0000-000000000004,69F84508-D13B-4A83-0000-000000000004,1FC9E916-899C-6A96-0000-000000000004,,,,1,,,,SYNTHETIC — hackathon mock data,,,
5,351D935D-10A1-3BF2-0000-000000000005,SYN-OBS-00005,620A7637-3BE2-7307-0000-000000000005,69F84508-D13B-4A83-0000-000000000005,1FC9E916-899C-6A96-0000-000000000005,,,,2,,,,SYNTHETIC — hackathon mock data,,,
6,351D935D-10A1-3BF2-0000-000000000006,SYN-OBS-00006,620A7637-3BE2-7307-0000-000000000006,69F84508-D13B-4A83-0000-000000000006,1FC9E916-899C-6A96-0000-000000000006,,,,3,,,,SYNTHETIC — hackathon mock data,,,
7,351D935D-10A1-3BF2-0000-000000000007,SYN-OBS-00007,620A7637-3BE2-7307-0000-000000000007,69F84508-D13B-4A83-0000-000000000001,1FC9E916-899C-6A96-0000-000000000007,,,,1,,,,SYNTHETIC — hackathon mock data,,,
8,351D935D-10A1-3BF2-0000-000000000008,SYN-OBS-00008,620A7637-3BE2-7307-0000-000000000008,69F84508-D13B-4A83-0000-000000000002,1FC9E916-899C-6A96-0000-000000000008,,,,2,,,,SYNTHETIC — hackathon mock data,,,
9,351D935D-10A1-3BF2-0000-000000000009,SYN-OBS-00009,620A7637-3BE2-7307-0000-000000000009,69F84508-D13B-4A83-0000-000000000003,1FC9E916-899C-6A96-0000-000000000009,,,,3,,,,SYNTHETIC — hackathon mock data,,,
10,351D935D-10A1-3BF2-0000-00000000000A,SYN-OBS-00010,620A7637-3BE2-7307-0000-00000000000A,69F84508-D13B-4A83-0000-000000000004,1FC9E916-899C-6A96-0000-00000000000A,,,,1,,,,SYNTHETIC — hackathon mock data,,,
11,351D935D-10A1-3BF2-0000-00000000000B,SYN-OBS-00011,620A7637-3BE2-7307-0000-00000000000B,69F84508-D13B-4A83-0000-000000000005,1FC9E916-899C-6A96-0000-00000000000B,,,,2,,,,SYNTHETIC — hackathon mock data,,,
12,351D935D-10A1-3BF2-0000-00000000000C,SYN-OBS-00012,620A7637-3BE2-7307-0000-00000000000C,69F84508-D13B-4A83-0000-000000000006,1FC9E916-899C-6A96-0000-00000000000C,,,,3,,,,SYNTHETIC — hackathon mock data,,,
13,351D935D-10A1-3BF2-0000-00000000000D,SYN-OBS-00013,620A7637-3BE2-7307-0000-00000000000D,69F84508-D13B-4A83-0000-000000000001,1FC9E916-899C-6A96-0000-00000000000D,,,,1,,,,SYNTHETIC — hackathon mock data,,,
14,351D935D-10A1-3BF2-0000-00000000000E,SYN-OBS-00014,620A7637-3BE2-7307-0000-00000000000E,69F84508-D13B-4A83-0000-000000000002,1FC9E916-899C-6A96-0000-00000000000E,,,,2,,,,SYNTHETIC — hackathon mock data,,,
15,351D935D-10A1-3BF2-0000-00000000000F,SYN-OBS-00015,620A7637-3BE2-7307-0000-00000000000F,69F84508-D13B-4A83-0000-000000000003,1FC9E916-899C-6A96-0000-00000000000F,,,,3,,,,SYNTHETIC — hackathon mock data,,,
16,351D935D-10A1-3BF2-0000-000000000010,SYN-OBS-00016,620A7637-3BE2-7307-0000-000000000010,69F84508-D13B-4A83-0000-000000000004,1FC9E916-899C-6A96-0000-000000000010,,,,1,,,,SYNTHETIC — hackathon mock data,,,
17,351D935D-10A1-3BF2-0000-000000000011,SYN-OBS-00017,620A7637-3BE2-7307-0000-000000000011,69F84508-D13B-4A83-0000-000000000005,1FC9E916-899C-6A96-0000-000000000011,,,,2,,,,SYNTHETIC — hackathon mock data,,,
18,351D935D-10A1-3BF2-0000-000000000012,SYN-OBS-00018,620A7637-3BE2-7307-0000-000000000012,69F84508-D13B-4A83-0000-000000000006,1FC9E916-899C-6A96-0000-000000000012,,,,3,,,,SYNTHETIC — hackathon mock data,,,
19,351D935D-10A1-3BF2-0000-000000000013,SYN-OBS-00019,620A7637-3BE2-7307-0000-000000000013,69F84508-D13B-4A83-0000-000000000001,1FC9E916-899C-6A96-0000-000000000013,,,,1,,,,SYNTHETIC — hackathon mock data,,,
20,351D935D-10A1-3BF2-0000-000000000014,SYN-OBS-00020,620A7637-3BE2-7307-0000-000000000014,69F84508-D13B-4A83-0000-000000000002,1FC9E916-899C-6A96-0000-000000000014,,,,2,,,,SYNTHETIC — hackathon mock data,,,
21,351D935D-10A1-3BF2-0000-000000000015,SYN-OBS-00021,620A7637-3BE2-7307-0000-000000000015,69F84508-D13B-4A83-0000-000000000003,1FC9E916-899C-6A96-0000-000000000015,,,,3,,,,SYNTHETIC — hackathon mock data,,,
22,351D935D-10A1-3BF2-0000-000000000016,SYN-OBS-00022,620A7637-3BE2-7307-0000-000000000016,69F84508-D13B-4A83-0000-000000000004,1FC9E916-899C-6A96-0000-000000000016,,,,1,,,,SYNTHETIC — hackathon mock data,,,
23,351D935D-10A1-3BF2-0000-000000000017,SYN-OBS-00023,620A7637-3BE2-7307-0000-000000000017,69F84508-D13B-4A83-0000-000000000005,1FC9E916-899C-6A96-0000-000000000017,,,,2,,,,SYNTHETIC — hackathon mock data,,,
24,351D935D-10A1-3BF2-0000-000000000018,SYN-OBS-00024,620A7637-3BE2-7307-0000-000000000018,69F84508-D13B-4A83-0000-000000000006,1FC9E916-899C-6A96-0000-000000000018,,,,3,,,,SYNTHETIC — hackathon mock data,,,
25,351D935D-10A1-3BF2-0000-000000000019,SYN-OBS-00025,620A7637-3BE2-7307-0000-000000000019,69F84508-D13B-4A83-0000-000000000001,1FC9E916-899C-6A96-0000-000000000019,,,,1,,,,SYNTHETIC — hackathon mock data,,,
26,351D935D-10A1-3BF2-0000-00000000001A,SYN-OBS-00026,620A7637-3BE2-7307-0000-00000000001A,69F84508-D13B-4A83-0000-000000000002,1FC9E916-899C-6A96-0000-00000000001A,,,,2,,,,SYNTHETIC — hackathon mock data,,,
27,351D935D-10A1-3BF2-0000-00000000001B,SYN-OBS-00027,620A7637-3BE2-7307-0000-00000000001B,69F84508-D13B-4A83-0000-000000000003,1FC9E916-899C-6A96-0000-00000000001B,,,,3,,,,SYNTHETIC — hackathon mock data,,,
28,351D935D-10A1-3BF2-0000-00000000001C,SYN-OBS-00028,620A7637-3BE2-7307-0000-00000000001C,69F84508-D13B-4A83-0000-000000000004,1FC9E916-899C-6A96-0000-00000000001C,,,,1,,,,SYNTHETIC — hackathon mock data,,,
29,351D935D-10A1-3BF2-0000-00000000001D,SYN-OBS-00029,620A7637-3BE2-7307-0000-00000000001D,69F84508-D13B-4A83-0000-000000000005,1FC9E916-899C-6A96-0000-00000000001D,,,,2,,,,SYNTHETIC — hackathon mock data,,,
30,351D935D-10A1-3BF2-0000-00000000001E,SYN-OBS-00030,620A7637-3BE2-7307-0000-00000000001E,69F84508-D13B-4A83-0000-000000000006,1FC9E916-899C-6A96-0000-00000000001E,,,,3,,,,SYNTHETIC — hackathon mock data,,,
31,351D935D-10A1-3BF2-0000-00000000001F,SYN-OBS-00031,620A7637-3BE2-7307-0000-00000000001F,69F84508-D13B-4A83-0000-000000000001,1FC9E916-899C-6A96-0000-00000000001F,,,,1,,,,SYNTHETIC — hackathon mock data,,,
32,351D935D-10A1-3BF2-0000-000000000020,SYN-OBS-00032,620A7637-3BE2-7307-0000-000000000020,69F84508-D13B-4A83-0000-000000000002,1FC9E916-899C-6A96-0000-000000000020,,,,2,,,,SYNTHETIC — hackathon mock data,,,
33,351D935D-10A1-3BF2-0000-000000000021,SYN-OBS-00033,620A7637-3BE2-7307-0000-000000000021,69F84508-D13B-4A83-0000-000000000003,1FC9E916-899C-6A96-0000-000000000021,,,,3,,,,SYNTHETIC — hackathon mock data,,,
34,351D935D-10A1-3BF2-0000-000000000022,SYN-OBS-00034,620A7637-3BE2-7307-0000-000000000022,69F84508-D13B-4A83-0000-000000000004,1FC9E916-899C-6A96-0000-000000000022,,,,1,,,,SYNTHETIC — hackathon mock data,,,
35,351D935D-10A1-3BF2-0000-000000000023,SYN-OBS-00035,620A7637-3BE2-7307-0000-000000000023,69F84508-D13B-4A83-0000-000000000005,1FC9E916-899C-6A96-0000-000000000023,,,,2,,,,SYNTHETIC — hackathon mock data,,,
36,351D935D-10A1-3BF2-0000-000000000024,SYN-OBS-00036,620A7637-3BE2-7307-0000-000000000024,69F84508-D13B-4A83-0000-000000000006,1FC9E916-899C-6A96-0000-000000000024,,,,3,,,,SYNTHETIC — hackathon mock data,,,
37,351D935D-10A1-3BF2-0000-000000000025,SYN-OBS-00037,620A7637-3BE2-7307-0000-000000000025,69F84508-D13B-4A83-0000-000000000001,1FC9E916-899C-6A96-0000-000000000025,,,,1,,,,SYNTHETIC — hackathon mock data,,,
38,351D935D-10A1-3BF2-0000-000000000026,SYN-OBS-00038,620A7637-3BE2-7307-0000-000000000026,69F84508-D13B-4A83-0000-000000000002,1FC9E916-899C-6A96-0000-000000000026,,,,2,,,,SYNTHETIC — hackathon mock data,,,
39,351D935D-10A1-3BF2-0000-000000000027,SYN-OBS-00039,620A7637-3BE2-7307-0000-000000000027,69F84508-D13B-4A83-0000-000000000003,1FC9E916-899C-6A96-0000-000000000027,,,,3,,,,SYNTHETIC — hackathon mock data,,,
40,351D935D-10A1-3BF2-0000-000000000028,SYN-OBS-00040,620A7637-3BE2-7307-0000-000000000028,69F84508-D13B-4A83-0000-000000000004,1FC9E916-899C-6A96-0000-000000000028,,,,1,,,,SYNTHETIC — hackathon mock data,,,
41,351D935D-10A1-3BF2-0000-000000000029,SYN-OBS-00041,620A7637-3BE2-7307-0000-000000000029,69F84508-D13B-4A83-0000-000000000005,1FC9E916-899C-6A96-0000-000000000029,,,,2,,,,SYNTHETIC — hackathon mock data,,,
42,351D935D-10A1-3BF2-0000-00000000002A,SYN-OBS-00042,620A7637-3BE2-7307-0000-00000000002A,69F84508-D13B-4A83-0000-000000000006,1FC9E916-899C-6A96-0000-00000000002A,,,,3,,,,SYNTHETIC — hackathon mock data,,,
43,351D935D-10A1-3BF2-0000-00000000002B,SYN-OBS-00043,620A7637-3BE2-7307-0000-00000000002B,69F84508-D13B-4A83-0000-000000000001,1FC9E916-899C-6A96-0000-00000000002B,,,,1,,,,SYNTHETIC — hackathon mock data,,,
44,351D935D-10A1-3BF2-0000-00000000002C,SYN-OBS-00044,620A7637-3BE2-7307-0000-00000000002C,69F84508-D13B-4A83-0000-000000000002,1FC9E916-899C-6A96-0000-00000000002C,,,,2,,,,SYNTHETIC — hackathon mock data,,,
45,351D935D-10A1-3BF2-0000-00000000002D,SYN-OBS-00045,620A7637-3BE2-7307-0000-00000000002D,69F84508-D13B-4A83-0000-000000000003,1FC9E916-899C-6A96-0000-00000000002D,,,,3,,,,SYNTHETIC — hackathon mock data,,,
46,351D935D-10A1-3BF2-0000-00000000002E,SYN-OBS-00046,620A7637-3BE2-7307-0000-00000000002E,69F84508-D13B-4A83-0000-000000000004,1FC9E916-899C-6A96-0000-00000000002E,,,,1,,,,SYNTHETIC — hackathon mock data,,,
47,351D935D-10A1-3BF2-0000-00000000002F,SYN-OBS-00047,620A7637-3BE2-7307-0000-00000000002F,69F84508-D13B-4A83-0000-000000000005,1FC9E916-899C-6A96-0000-00000000002F,,,,2,,,,SYNTHETIC — hackathon mock data,,,
48,351D935D-10A1-3BF2-0000-000000000030,SYN-OBS-00048,620A7637-3BE2-7307-0000-000000000030,69F84508-D13B-4A83-0000-000000000006,1FC9E916-899C-6A96-0000-000000000030,,,,3,,,,SYNTHETIC — hackathon mock data,,,
49,351D935D-10A1-3BF2-0000-000000000031,SYN-OBS-00049,620A7637-3BE2-7307-0000-000000000031,69F84508-D13B-4A83-0000-000000000001,1FC9E916-899C-6A96-0000-000000000031,,,,1,,,,SYNTHETIC — hackathon mock data,,,
50,351D935D-10A1-3BF2-0000-000000000032,SYN-OBS-00050,620A7637-3BE2-7307-0000-000000000032,69F84508-D13B-4A83-0000-000000000002,1FC9E916-899C-6A96-0000-000000000032,,,,2,,,,SYNTHETIC — hackathon mock data,,,
51,351D935D-10A1-3BF2-0000-000000000033,SYN-OBS-00051,620A7637-3BE2-7307-0000-000000000033,69F84508-D13B-4A83-0000-000000000003,1FC9E916-899C-6A96-0000-000000000033,,,,3,,,,SYNTHETIC — hackathon mock data,,,
52,351D935D-10A1-3BF2-0000-000000000034,SYN-OBS-00052,620A7637-3BE2-7307-0000-000000000034,69F84508-D13B-4A83-0000-000000000004,1FC9E916-899C-6A96-0000-000000000034,,,,1,,,,SYNTHETIC — hackathon mock data,,,
53,351D935D-10A1-3BF2-0000-000000000035,SYN-OBS-00053,620A7637-3BE2-7307-0000-000000000035,69F84508-D13B-4A83-0000-000000000005,1FC9E916-899C-6A96-0000-000000000035,,,,2,,,,SYNTHETIC — hackathon mock data,,,
54,351D935D-10A1-3BF2-0000-000000000036,SYN-OBS-00054,620A7637-3BE2-7307-0000-000000000036,69F84508-D13B-4A83-0000-000000000006,1FC9E916-899C-6A96-0000-000000000036,,,,3,,,,SYNTHETIC — hackathon mock data,,,
55,351D935D-10A1-3BF2-0000-000000000037,SYN-OBS-00055,620A7637-3BE2-7307-0000-000000000037,69F84508-D13B-4A83-0000-000000000001,1FC9E916-899C-6A96-0000-000000000037,,,,1,,,,SYNTHETIC — hackathon mock data,,,
56,351D935D-10A1-3BF2-0000-000000000038,SYN-OBS-00056,620A7637-3BE2-7307-0000-000000000038,69F84508-D13B-4A83-0000-000000000002,1FC9E916-899C-6A96-0000-000000000038,,,,2,,,,SYNTHETIC — hackathon mock data,,,
57,351D935D-10A1-3BF2-0000-000000000039,SYN-OBS-00057,620A7637-3BE2-7307-0000-000000000039,69F84508-D13B-4A83-0000-000000000003,1FC9E916-899C-6A96-0000-000000000039,,,,3,,,,SYNTHETIC — hackathon mock data,,,
58,351D935D-10A1-3BF2-0000-00000000003A,SYN-OBS-00058,620A7637-3BE2-7307-0000-00000000003A,69F84508-D13B-4A83-0000-000000000004,1FC9E916-899C-6A96-0000-00000000003A,,,,1,,,,SYNTHETIC — hackathon mock data,,,
59,351D935D-10A1-3BF2-0000-00000000003B,SYN-OBS-00059,620A7637-3BE2-7307-0000-00000000003B,69F84508-D13B-4A83-0000-000000000005,1FC9E916-899C-6A96-0000-00000000003B,,,,2,,,,SYNTHETIC — hackathon mock data,,,
60,351D935D-10A1-3BF2-0000-00000000003C,SYN-OBS-00060,620A7637-3BE2-7307-0000-00000000003C,69F84508-D13B-4A83-0000-000000000006,1FC9E916-899C-6A96-0000-00000000003C,,,,3,,,,SYNTHETIC — hackathon mock data,,,
61,351D935D-10A1-3BF2-0000-00000000003D,SYN-OBS-00061,620A7637-3BE2-7307-0000-00000000003D,69F84508-D13B-4A83-0000-000000000001,1FC9E916-899C-6A96-0000-00000000003D,,,,1,,,,SYNTHETIC — hackathon mock data,,,
62,351D935D-10A1-3BF2-0000-00000000003E,SYN-OBS-00062,620A7637-3BE2-7307-0000-00000000003E,69F84508-D13B-4A83-0000-000000000002,1FC9E916-899C-6A96-0000-00000000003E,,,,2,,,,SYNTHETIC — hackathon mock data,,,
63,351D935D-10A1-3BF2-0000-00000000003F,SYN-OBS-00063,620A7637-3BE2-7307-0000-00000000003F,69F84508-D13B-4A83-0000-000000000003,1FC9E916-899C-6A96-0000-00000000003F,,,,3,,,,SYNTHETIC — hackathon mock data,,,
64,351D935D-10A1-3BF2-0000-000000000040,SYN-OBS-00064,620A7637-3BE2-7307-0000-000000000040,69F84508-D13B-4A83-0000-000000000004,1FC9E916-899C-6A96-0000-000000000040,,,,1,,,,SYNTHETIC — hackathon mock data,,,
65,351D935D-10A1-3BF2-0000-000000000041,SYN-OBS-00065,620A7637-3BE2-7307-0000-000000000041,69F84508-D13B-4A83-0000-000000000005,1FC9E916-899C-6A96-0000-000000000041,,,,2,,,,SYNTHETIC — hackathon mock data,,,
66,351D935D-10A1-3BF2-0000-000000000042,SYN-OBS-00066,620A7637-3BE2-7307-0000-000000000042,69F84508-D13B-4A83-0000-000000000006,1FC9E916-899C-6A96-0000-000000000042,,,,3,,,,SYNTHETIC — hackathon mock data,,,
67,351D935D-10A1-3BF2-0000-000000000043,SYN-OBS-00067,620A7637-3BE2-7307-0000-000000000043,69F84508-D13B-4A83-0000-000000000001,1FC9E916-899C-6A96-0000-000000000043,,,,1,,,,SYNTHETIC — hackathon mock data,,,
68,351D935D-10A1-3BF2-0000-000000000044,SYN-OBS-00068,620A7637-3BE2-7307-0000-000000000044,69F84508-D13B-4A83-0000-000000000002,1FC9E916-899C-6A96-0000-000000000044,,,,2,,,,SYNTHETIC — hackathon mock data,,,
69,351D935D-10A1-3BF2-0000-000000000045,SYN-OBS-00069,620A7637-3BE2-7307-0000-000000000045,69F84508-D13B-4A83-0000-000000000003,1FC9E916-899C-6A96-0000-000000000045,,,,3,,,,SYNTHETIC — hackathon mock data,,,
70,351D935D-10A1-3BF2-0000-000000000046,SYN-OBS-00070,620A7637-3BE2-7307-0000-000000000046,69F84508-D13B-4A83-0000-000000000004,1FC9E916-899C-6A96-0000-000000000046,,,,1,,,,SYNTHETIC — hackathon mock data,,,
71,351D935D-10A1-3BF2-0000-000000000047,SYN-OBS-00071,620A7637-3BE2-7307-0000-000000000047,69F84508-D13B-4A83-0000-000000000005,1FC9E916-899C-6A96-0000-000000000047,,,,2,,,,SYNTHETIC — hackathon mock data,,,
72,351D935D-10A1-3BF2-0000-000000000048,SYN-OBS-00072,620A7637-3BE2-7307-0000-000000000048,69F84508-D13B-4A83-0000-000000000006,1FC9E916-899C-6A96-0000-000000000048,,,,3,,,,SYNTHETIC — hackathon mock data,,,
73,351D935D-10A1-3BF2-0000-000000000049,SYN-OBS-00073,620A7637-3BE2-7307-0000-000000000001,69F84508-D13B-4A83-0000-000000000001,1FC9E916-899C-6A96-0000-000000000049,,,,1,,,,SYNTHETIC — hackathon mock data,,,
74,351D935D-10A1-3BF2-0000-00000000004A,SYN-OBS-00074,620A7637-3BE2-7307-0000-000000000002,69F84508-D13B-4A83-0000-000000000002,1FC9E916-899C-6A96-0000-00000000004A,,,,2,,,,SYNTHETIC — hackathon mock data,,,
75,351D935D-10A1-3BF2-0000-00000000004B,SYN-OBS-00075,620A7637-3BE2-7307-0000-000000000003,69F84508-D13B-4A83-0000-000000000003,1FC9E916-899C-6A96-0000-00000000004B,,,,3,,,,SYNTHETIC — hackathon mock data,,,
76,351D935D-10A1-3BF2-0000-00000000004C,SYN-OBS-00076,620A7637-3BE2-7307-0000-000000000004,69F84508-D13B-4A83-0000-000000000004,1FC9E916-899C-6A96-0000-00000000004C,,,,1,,,,SYNTHETIC — hackathon mock data,,,
77,351D935D-10A1-3BF2-0000-00000000004D,SYN-OBS-00077,620A7637-3BE2-7307-0000-000000000005,69F84508-D13B-4A83-0000-000000000005,1FC9E916-899C-6A96-0000-00000000004D,,,,2,,,,SYNTHETIC — hackathon mock data,,,
78,351D935D-10A1-3BF2-0000-00000000004E,SYN-OBS-00078,620A7637-3BE2-7307-0000-000000000006,69F84508-D13B-4A83-0000-000000000006,1FC9E916-899C-6A96-0000-00000000004E,,,,3,,,,SYNTHETIC — hackathon mock data,,,
79,351D935D-10A1-3BF2-0000-00000000004F,SYN-OBS-00079,620A7637-3BE2-7307-0000-000000000007,69F84508-D13B-4A83-0000-000000000001,1FC9E916-899C-6A96-0000-00000000004F,,,,1,,,,SYNTHETIC — hackathon mock data,,,
80,351D935D-10A1-3BF2-0000-000000000050,SYN-OBS-00080,620A7637-3BE2-7307-0000-000000000008,69F84508-D13B-4A83-0000-000000000002,1FC9E916-899C-6A96-0000-000000000050,,,,2,,,,SYNTHETIC — hackathon mock data,,,
81,351D935D-10A1-3BF2-0000-000000000051,SYN-OBS-00081,620A7637-3BE2-7307-0000-000000000009,69F84508-D13B-4A83-0000-000000000003,1FC9E916-899C-6A96-0000-000000000051,,,,3,,,,SYNTHETIC — hackathon mock data,,,
82,351D935D-10A1-3BF2-0000-000000000052,SYN-OBS-00082,620A7637-3BE2-7307-0000-00000000000A,69F84508-D13B-4A83-0000-000000000004,1FC9E916-899C-6A96-0000-000000000052,,,,1,,,,SYNTHETIC — hackathon mock data,,,
83,351D935D-10A1-3BF2-0000-000000000053,SYN-OBS-00083,620A7637-3BE2-7307-0000-00000000000B,69F84508-D13B-4A83-0000-000000000005,1FC9E916-899C-6A96-0000-000000000053,,,,2,,,,SYNTHETIC — hackathon mock data,,,
84,351D935D-10A1-3BF2-0000-000000000054,SYN-OBS-00084,620A7637-3BE2-7307-0000-00000000000C,69F84508-D13B-4A83-0000-000000000006,1FC9E916-899C-6A96-0000-000000000054,,,,3,,,,SYNTHETIC — hackathon mock data,,,
85,351D935D-10A1-3BF2-0000-000000000055,SYN-OBS-00085,620A7637-3BE2-7307-0000-00000000000D,69F84508-D13B-4A83-0000-000000000001,1FC9E916-899C-6A96-0000-000000000055,,,,1,,,,SYNTHETIC — hackathon mock data,,,
86,351D935D-10A1-3BF2-0000-000000000056,SYN-OBS-00086,620A7637-3BE2-7307-0000-00000000000E,69F84508-D13B-4A83-0000-000000000002,1FC9E916-899C-6A96-0000-000000000056,,,,2,,,,SYNTHETIC — hackathon mock data,,,
87,351D935D-10A1-3BF2-0000-000000000057,SYN-OBS-00087,620A7637-3BE2-7307-0000-00000000000F,69F84508-D13B-4A83-0000-000000000003,1FC9E916-899C-6A96-0000-000000000057,,,,3,,,,SYNTHETIC — hackathon mock data,,,
88,351D935D-10A1-3BF2-0000-000000000058,SYN-OBS-00088,620A7637-3BE2-7307-0000-000000000010,69F84508-D13B-4A83-0000-000000000004,1FC9E916-899C-6A96-0000-000000000058,,,,1,,,,SYNTHETIC — hackathon mock data,,,
89,351D935D-10A1-3BF2-0000-000000000059,SYN-OBS-00089,620A7637-3BE2-7307-0000-000000000011,69F84508-D13B-4A83-0000-000000000005,1FC9E916-899C-6A96-0000-000000000059,,,,2,,,,SYNTHETIC — hackathon mock data,,,
90,351D935D-10A1-3BF2-0000-00000000005A,SYN-OBS-00090,620A7637-3BE2-7307-0000-000000000012,69F84508-D13B-4A83-0000-000000000006,1FC9E916-899C-6A96-0000-00000000005A,,,,3,,,,SYNTHETIC — hackathon mock data,,,
91,351D935D-10A1-3BF2-0000-00000000005B,SYN-OBS-00091,620A7637-3BE2-7307-0000-000000000013,69F84508-D13B-4A83-0000-000000000001,1FC9E916-899C-6A96-0000-00000000005B,,,,1,,,,SYNTHETIC — hackathon mock data,,,
92,351D935D-10A1-3BF2-0000-00000000005C,SYN-OBS-00092,620A7637-3BE2-7307-0000-000000000014,69F84508-D13B-4A83-0000-000000000002,1FC9E916-899C-6A96-0000-00000000005C,,,,2,,,,SYNTHETIC — hackathon mock data,,,
93,351D935D-10A1-3BF2-0000-00000000005D,SYN-OBS-00093,620A7637-3BE2-7307-0000-000000000015,69F84508-D13B-4A83-0000-000000000003,1FC9E916-899C-6A96-0000-00000000005D,,,,3,,,,SYNTHETIC — hackathon mock data,,,
94,351D935D-10A1-3BF2-0000-00000000005E,SYN-OBS-00094,620A7637-3BE2-7307-0000-000000000016,69F84508-D13B-4A83-0000-000000000004,1FC9E916-899C-6A96-0000-00000000005E,,,,1,,,,SYNTHETIC — hackathon mock data,,,
95,351D935D-10A1-3BF2-0000-00000000005F,SYN-OBS-00095,620A7637-3BE2-7307-0000-000000000017,69F84508-D13B-4A83-0000-000000000005,1FC9E916-899C-6A96-0000-00000000005F,,,,2,,,,SYNTHETIC — hackathon mock data,,,
96,351D935D-10A1-3BF2-0000-000000000060,SYN-OBS-00096,620A7637-3BE2-7307-0000-000000000018,69F84508-D13B-4A83-0000-000000000006,1FC9E916-899C-6A96-0000-000000000060,,,,3,,,,SYNTHETIC — hackathon mock data,,,
97,351D935D-10A1-3BF2-0000-000000000061,SYN-OBS-00097,620A7637-3BE2-7307-0000-000000000019,69F84508-D13B-4A83-0000-000000000001,1FC9E916-899C-6A96-0000-000000000061,,,,1,,,,SYNTHETIC — hackathon mock data,,,
98,351D935D-10A1-3BF2-0000-000000000062,SYN-OBS-00098,620A7637-3BE2-7307-0000-00000000001A,69F84508-D13B-4A83-0000-000000000002,1FC9E916-899C-6A96-0000-000000000062,,,,2,,,,SYNTHETIC — hackathon mock data,,,
99,351D935D-10A1-3BF2-0000-000000000063,SYN-OBS-00099,620A7637-3BE2-7307-0000-00000000001B,69F84508-D13B-4A83-0000-000000000003,1FC9E916-899C-6A96-0000-000000000063,,,,3,,,,SYNTHETIC — hackathon mock data,,,
100,351D935D-10A1-3BF2-0000-000000000064,SYN-OBS-00100,620A7637-3BE2-7307-0000-00000000001C,69F84508-D13B-4A83-0000-000000000004,1FC9E916-899C-6A96-0000-000000000064,,,,1,,,,SYNTHETIC — hackathon mock data,,,
101,351D935D-10A1-3BF2-0000-000000000065,SYN-OBS-00101,620A7637-3BE2-7307-0000-00000000001D,69F84508-D13B-4A83-0000-000000000005,1FC9E916-899C-6A96-0000-000000000065,,,,2,,,,SYNTHETIC — hackathon mock data,,,
102,351D935D-10A1-3BF2-0000-000000000066,SYN-OBS-00102,620A7637-3BE2-7307-0000-00000000001E,69F84508-D13B-4A83-0000-000000000006,1FC9E916-899C-6A96-0000-000000000066,,,,3,,,,SYNTHETIC — hackathon mock data,,,
103,351D935D-10A1-3BF2-0000-000000000067,SYN-OBS-00103,620A7637-3BE2-7307-0000-00000000001F,69F84508-D13B-4A83-0000-000000000001,1FC9E916-899C-6A96-0000-000000000067,,,,1,,,,SYNTHETIC — hackathon mock data,,,
104,351D935D-10A1-3BF2-0000-000000000068,SYN-OBS-00104,620A7637-3BE2-7307-0000-000000000020,69F84508-D13B-4A83-0000-000000000002,1FC9E916-899C-6A96-0000-000000000068,,,,2,,,,SYNTHETIC — hackathon mock data,,,
105,351D935D-10A1-3BF2-0000-000000000069,SYN-OBS-00105,620A7637-3BE2-7307-0000-000000000021,69F84508-D13B-4A83-0000-000000000003,1FC9E916-899C-6A96-0000-000000000069,,,,3,,,,SYNTHETIC — hackathon mock data,,,
106,351D935D-10A1-3BF2-0000-00000000006A,SYN-OBS-00106,620A7637-3BE2-7307-0000-000000000022,69F84508-D13B-4A83-0000-000000000004,1FC9E916-899C-6A96-0000-00000000006A,,,,1,,,,SYNTHETIC — hackathon mock data,,,
107,351D935D-10A1-3BF2-0000-00000000006B,SYN-OBS-00107,620A7637-3BE2-7307-0000-000000000023,69F84508-D13B-4A83-0000-000000000005,1FC9E916-899C-6A96-0000-00000000006B,,,,2,,,,SYNTHETIC — hackathon mock data,,,
108,351D935D-10A1-3BF2-0000-00000000006C,SYN-OBS-00108,620A7637-3BE2-7307-0000-000000000024,69F84508-D13B-4A83-0000-000000000006,1FC9E916-899C-6A96-0000-00000000006C,,,,3,,,,SYNTHETIC — hackathon mock data,,,
109,351D935D-10A1-3BF2-0000-00000000006D,SYN-OBS-00109,620A7637-3BE2-7307-0000-000000000025,69F84508-D13B-4A83-0000-000000000001,1FC9E916-899C-6A96-0000-00000000006D,,,,1,,,,SYNTHETIC — hackathon mock data,,,
110,351D935D-10A1-3BF2-0000-00000000006E,SYN-OBS-00110,620A7637-3BE2-7307-0000-000000000026,69F84508-D13B-4A83-0000-000000000002,1FC9E916-899C-6A96-0000-00000000006E,,,,2,,,,SYNTHETIC — hackathon mock data,,,
111,351D935D-10A1-3BF2-0000-00000000006F,SYN-OBS-00111,620A7637-3BE2-7307-0000-000000000027,69F84508-D13B-4A83-0000-000000000003,1FC9E916-899C-6A96-0000-00000000006F,,,,3,,,,SYNTHETIC — hackathon mock data,,,
112,351D935D-10A1-3BF2-0000-000000000070,SYN-OBS-00112,620A7637-3BE2-7307-0000-000000000028,69F84508-D13B-4A83-0000-000000000004,1FC9E916-899C-6A96-0000-000000000070,,,,1,,,,SYNTHETIC — hackathon mock data,,,
113,351D935D-10A1-3BF2-0000-000000000071,SYN-OBS-00113,620A7637-3BE2-7307-0000-000000000029,69F84508-D13B-4A83-0000-000000000005,1FC9E916-899C-6A96-0000-000000000071,,,,2,,,,SYNTHETIC — hackathon mock data,,,
114,351D935D-10A1-3BF2-0000-000000000072,SYN-OBS-00114,620A7637-3BE2-7307-0000-00000000002A,69F84508-D13B-4A83-0000-000000000006,1FC9E916-899C-6A96-0000-000000000072,,,,3,,,,SYNTHETIC — hackathon mock data,,,
115,351D935D-10A1-3BF2-0000-000000000073,SYN-OBS-00115,620A7637-3BE2-7307-0000-00000000002B,69F84508-D13B-4A83-0000-000000000001,1FC9E916-899C-6A96-0000-000000000073,,,,1,,,,SYNTHETIC — hackathon mock data,,,
116,351D935D-10A1-3BF2-0000-000000000074,SYN-OBS-00116,620A7637-3BE2-7307-0000-00000000002C,69F84508-D13B-4A83-0000-000000000002,1FC9E916-899C-6A96-0000-000000000074,,,,2,,,,SYNTHETIC — hackathon mock data,,,
117,351D935D-10A1-3BF2-0000-000000000075,SYN-OBS-00117,620A7637-3BE2-7307-0000-00000000002D,69F84508-D13B-4A83-0000-000000000003,1FC9E916-899C-6A96-0000-000000000075,,,,3,,,,SYNTHETIC — hackathon mock data,,,
118,351D935D-10A1-3BF2-0000-000000000076,SYN-OBS-00118,620A7637-3BE2-7307-0000-00000000002E,69F84508-D13B-4A83-0000-000000000004,1FC9E916-899C-6A96-0000-000000000076,,,,1,,,,SYNTHETIC — hackathon mock data,,,
119,351D935D-10A1-3BF2-0000-000000000077,SYN-OBS-00119,620A7637-3BE2-7307-0000-00000000002F,69F84508-D13B-4A83-0000-000000000005,1FC9E916-899C-6A96-0000-000000000077,,,,2,,,,SYNTHETIC — hackathon mock data,,,
120,351D935D-10A1-3BF2-0000-000000000078,SYN-OBS-00120,620A7637-3BE2-7307-0000-000000000030,69F84508-D13B-4A83-0000-000000000006,1FC9E916-899C-6A96-0000-000000000078,,,,3,,,,SYNTHETIC — hackathon mock data,,,
121,351D935D-10A1-3BF2-0000-000000000079,SYN-OBS-00121,620A7637-3BE2-7307-0000-000000000031,69F84508-D13B-4A83-0000-000000000001,1FC9E916-899C-6A96-0000-000000000079,,,,1,,,,SYNTHETIC — hackathon mock data,,,
122,351D935D-10A1-3BF2-0000-00000000007A,SYN-OBS-00122,620A7637-3BE2-7307-0000-000000000032,69F84508-D13B-4A83-0000-000000000002,1FC9E916-899C-6A96-0000-00000000007A,,,,2,,,,SYNTHETIC — hackathon mock data,,,
123,351D935D-10A1-3BF2-0000-00000000007B,SYN-OBS-00123,620A7637-3BE2-7307-0000-000000000033,69F84508-D13B-4A83-0000-000000000003,1FC9E916-899C-6A96-0000-00000000007B,,,,3,,,,SYNTHETIC — hackathon mock data,,,
124,351D935D-10A1-3BF2-0000-00000000007C,SYN-OBS-00124,620A7637-3BE2-7307-0000-000000000034,69F84508-D13B-4A83-0000-000000000004,1FC9E916-899C-6A96-0000-00000000007C,,,,1,,,,SYNTHETIC — hackathon mock data,,,
125,351D935D-10A1-3BF2-0000-00000000007D,SYN-OBS-00125,620A7637-3BE2-7307-0000-000000000035,69F84508-D13B-4A83-0000-000000000005,1FC9E916-899C-6A96-0000-00000000007D,,,,2,,,,SYNTHETIC — hackathon mock data,,,
126,351D935D-10A1-3BF2-0000-00000000007E,SYN-OBS-00126,620A7637-3BE2-7307-0000-000000000036,69F84508-D13B-4A83-0000-000000000006,1FC9E916-899C-6A96-0000-00000000007E,,,,3,,,,SYNTHETIC — hackathon mock data,,,
127,351D935D-10A1-3BF2-0000-00000000007F,SYN-OBS-00127,620A7637-3BE2-7307-0000-000000000037,69F84508-D13B-4A83-0000-000000000001,1FC9E916-899C-6A96-0000-00000000007F,,,,1,,,,SYNTHETIC — hackathon mock data,,,
128,351D935D-10A1-3BF2-0000-000000000080,SYN-OBS-00128,620A7637-3BE2-7307-0000-000000000038,69F84508-D13B-4A83-0000-000000000002,1FC9E916-899C-6A96-0000-000000000080,,,,2,,,,SYNTHETIC — hackathon mock data,,,
129,351D935D-10A1-3BF2-0000-000000000081,SYN-OBS-00129,620A7637-3BE2-7307-0000-000000000039,69F84508-D13B-4A83-0000-000000000003,1FC9E916-899C-6A96-0000-000000000081,,,,3,,,,SYNTHETIC — hackathon mock data,,,
130,351D935D-10A1-3BF2-0000-000000000082,SYN-OBS-00130,620A7637-3BE2-7307-0000-00000000003A,69F84508-D13B-4A83-0000-000000000004,1FC9E916-899C-6A96-0000-000000000082,,,,1,,,,SYNTHETIC — hackathon mock data,,,
131,351D935D-10A1-3BF2-0000-000000000083,SYN-OBS-00131,620A7637-3BE2-7307-0000-00000000003B,69F84508-D13B-4A83-0000-000000000005,1FC9E916-899C-6A96-0000-000000000083,,,,2,,,,SYNTHETIC — hackathon mock data,,,
132,351D935D-10A1-3BF2-0000-000000000084,SYN-OBS-00132,620A7637-3BE2-7307-0000-00000000003C,69F84508-D13B-4A83-0000-000000000006,1FC9E916-899C-6A96-0000-000000000084,,,,3,,,,SYNTHETIC — hackathon mock data,,,
133,351D935D-10A1-3BF2-0000-000000000085,SYN-OBS-00133,620A7637-3BE2-7307-0000-00000000003D,69F84508-D13B-4A83-0000-000000000001,1FC9E916-899C-6A96-0000-000000000085,,,,1,,,,SYNTHETIC — hackathon mock data,,,
134,351D935D-10A1-3BF2-0000-000000000086,SYN-OBS-00134,620A7637-3BE2-7307-0000-00000000003E,69F84508-D13B-4A83-0000-000000000002,1FC9E916-899C-6A96-0000-000000000086,,,,2,,,,SYNTHETIC — hackathon mock data,,,
135,351D935D-10A1-3BF2-0000-000000000087,SYN-OBS-00135,620A7637-3BE2-7307-0000-00000000003F,69F84508-D13B-4A83-0000-000000000003,1FC9E916-899C-6A96-0000-000000000087,,,,3,,,,SYNTHETIC — hackathon mock data,,,
136,351D935D-10A1-3BF2-0000-000000000088,SYN-OBS-00136,620A7637-3BE2-7307-0000-000000000040,69F84508-D13B-4A83-0000-000000000004,1FC9E916-899C-6A96-0000-000000000088,,,,1,,,,SYNTHETIC — hackathon mock data,,,
137,351D935D-10A1-3BF2-0000-000000000089,SYN-OBS-00137,620A7637-3BE2-7307-0000-000000000041,69F84508-D13B-4A83-0000-000000000005,1FC9E916-899C-6A96-0000-000000000089,,,,2,,,,SYNTHETIC — hackathon mock data,,,
138,351D935D-10A1-3BF2-0000-00000000008A,SYN-OBS-00138,620A7637-3BE2-7307-0000-000000000042,69F84508-D13B-4A83-0000-000000000006,1FC9E916-899C-6A96-0000-00000000008A,,,,3,,,,SYNTHETIC — hackathon mock data,,,
139,351D935D-10A1-3BF2-0000-00000000008B,SYN-OBS-00139,620A7637-3BE2-7307-0000-000000000043,69F84508-D13B-4A83-0000-000000000001,1FC9E916-899C-6A96-0000-00000000008B,,,,1,,,,SYNTHETIC — hackathon mock data,,,
140,351D935D-10A1-3BF2-0000-00000000008C,SYN-OBS-00140,620A7637-3BE2-7307-0000-000000000044,69F84508-D13B-4A83-0000-000000000002,1FC9E916-899C-6A96-0000-00000000008C,,,,2,,,,SYNTHETIC — hackathon mock data,,,
141,351D935D-10A1-3BF2-0000-00000000008D,SYN-OBS-00141,620A7637-3BE2-7307-0000-000000000045,69F84508-D13B-4A83-0000-000000000003,1FC9E916-899C-6A96-0000-00000000008D,,,,3,,,,SYNTHETIC — hackathon mock data,,,
142,351D935D-10A1-3BF2-0000-00000000008E,SYN-OBS-00142,620A7637-3BE2-7307-0000-000000000046,69F84508-D13B-4A83-0000-000000000004,1FC9E916-899C-6A96-0000-00000000008E,,,,1,,,,SYNTHETIC — hackathon mock data,,,
143,351D935D-10A1-3BF2-0000-00000000008F,SYN-OBS-00143,620A7637-3BE2-7307-0000-000000000047,69F84508-D13B-4A83-0000-000000000005,1FC9E916-899C-6A96-0000-00000000008F,,,,2,,,,SYNTHETIC — hackathon mock data,,,
144,351D935D-10A1-3BF2-0000-000000000090,SYN-OBS-00144,620A7637-3BE2-7307-0000-000000000048,69F84508-D13B-4A83-0000-000000000006,1FC9E916-899C-6A96-0000-000000000090,,,,3,,,,SYNTHETIC — hackathon mock data,,,
145,351D935D-10A1-3BF2-0000-000000000091,SYN-OBS-00145,620A7637-3BE2-7307-0000-000000000001,69F84508-D13B-4A83-0000-000000000001,1FC9E916-899C-6A96-0000-000000000091,,,,1,,,,SYNTHETIC — hackathon mock data,,,
146,351D935D-10A1-3BF2-0000-000000000092,SYN-OBS-00146,620A7637-3BE2-7307-0000-000000000002,69F84508-D13B-4A83-0000-000000000002,1FC9E916-899C-6A96-0000-000000000092,,,,2,,,,SYNTHETIC — hackathon mock data,,,
147,351D935D-10A1-3BF2-0000-000000000093,SYN-OBS-00147,620A7637-3BE2-7307-0000-000000000003,69F84508-D13B-4A83-0000-000000000003,1FC9E916-899C-6A96-0000-000000000093,,,,3,,,,SYNTHETIC — hackathon mock data,,,
148,351D935D-10A1-3BF2-0000-000000000094,SYN-OBS-00148,620A7637-3BE2-7307-0000-000000000004,69F84508-D13B-4A83-0000-000000000004,1FC9E916-899C-6A96-0000-000000000094,,,,1,,,,SYNTHETIC — hackathon mock data,,,
149,351D935D-10A1-3BF2-0000-000000000095,SYN-OBS-00149,620A7637-3BE2-7307-0000-000000000005,69F84508-D13B-4A83-0000-000000000005,1FC9E916-899C-6A96-0000-000000000095,,,,2,,,,SYNTHETIC — hackathon mock data,,,
150,351D935D-10A1-3BF2-0000-000000000096,SYN-OBS-00150,620A7637-3BE2-7307-0000-000000000006,69F84508-D13B-4A83-0000-000000000006,1FC9E916-899C-6A96-0000-000000000096,,,,3,,,,SYNTHETIC — hackathon mock data,,,
151,351D935D-10A1-3BF2-0000-000000000097,SYN-OBS-00151,620A7637-3BE2-7307-0000-000000000007,69F84508-D13B-4A83-0000-000000000001,1FC9E916-899C-6A96-0000-000000000001,,,,1,,,,SYNTHETIC — hackathon mock data,,,
152,351D935D-10A1-3BF2-0000-000000000098,SYN-OBS-00152,620A7637-3BE2-7307-0000-000000000008,69F84508-D13B-4A83-0000-000000000002,1FC9E916-899C-6A96-0000-000000000002,,,,2,,,,SYNTHETIC — hackathon mock data,,,
153,351D935D-10A1-3BF2-0000-000000000099,SYN-OBS-00153,620A7637-3BE2-7307-0000-000000000009,69F84508-D13B-4A83-0000-000000000003,1FC9E916-899C-6A96-0000-000000000003,,,,3,,,,SYNTHETIC — hackathon mock data,,,
154,351D935D-10A1-3BF2-0000-00000000009A,SYN-OBS-00154,620A7637-3BE2-7307-0000-00000000000A,69F84508-D13B-4A83-0000-000000000004,1FC9E916-899C-6A96-0000-000000000004,,,,1,,,,SYNTHETIC — hackathon mock data,,,
155,351D935D-10A1-3BF2-0000-00000000009B,SYN-OBS-00155,620A7637-3BE2-7307-0000-00000000000B,69F84508-D13B-4A83-0000-000000000005,1FC9E916-899C-6A96-0000-000000000005,,,,2,,,,SYNTHETIC — hackathon mock data,,,
156,351D935D-10A1-3BF2-0000-00000000009C,SYN-OBS-00156,620A7637-3BE2-7307-0000-00000000000C,69F84508-D13B-4A83-0000-000000000006,1FC9E916-899C-6A96-0000-000000000006,,,,3,,,,SYNTHETIC — hackathon mock data,,,
157,351D935D-10A1-3BF2-0000-00000000009D,SYN-OBS-00157,620A7637-3BE2-7307-0000-00000000000D,69F84508-D13B-4A83-0000-000000000001,1FC9E916-899C-6A96-0000-000000000007,,,,1,,,,SYNTHETIC — hackathon mock data,,,
158,351D935D-10A1-3BF2-0000-00000000009E,SYN-OBS-00158,620A7637-3BE2-7307-0000-00000000000E,69F84508-D13B-4A83-0000-000000000002,1FC9E916-899C-6A96-0000-000000000008,,,,2,,,,SYNTHETIC — hackathon mock data,,,
159,351D935D-10A1-3BF2-0000-00000000009F,SYN-OBS-00159,620A7637-3BE2-7307-0000-00000000000F,69F84508-D13B-4A83-0000-000000000003,1FC9E916-899C-6A96-0000-000000000009,,,,3,,,,SYNTHETIC — hackathon mock data,,,
160,351D935D-10A1-3BF2-0000-0000000000A0,SYN-OBS-00160,620A7637-3BE2-7307-0000-000000000010,69F84508-D13B-4A83-0000-000000000004,1FC9E916-899C-6A96-0000-00000000000A,,,,1,,,,SYNTHETIC — hackathon mock data,,,
161,351D935D-10A1-3BF2-0000-0000000000A1,SYN-OBS-00161,620A7637-3BE2-7307-0000-000000000011,69F84508-D13B-4A83-0000-000000000005,1FC9E916-899C-6A96-0000-00000000000B,,,,2,,,,SYNTHETIC — hackathon mock data,,,
162,351D935D-10A1-3BF2-0000-0000000000A2,SYN-OBS-00162,620A7637-3BE2-7307-0000-000000000012,69F84508-D13B-4A83-0000-000000000006,1FC9E916-899C-6A96-0000-00000000000C,,,,3,,,,SYNTHETIC — hackathon mock data,,,
163,351D935D-10A1-3BF2-0000-0000000000A3,SYN-OBS-00163,620A7637-3BE2-7307-0000-000000000013,69F84508-D13B-4A83-0000-000000000001,1FC9E916-899C-6A96-0000-00000000000D,,,,1,,,,SYNTHETIC — hackathon mock data,,,
164,351D935D-10A1-3BF2-0000-0000000000A4,SYN-OBS-00164,620A7637-3BE2-7307-0000-000000000014,69F84508-D13B-4A83-0000-000000000002,1FC9E916-899C-6A96-0000-00000000000E,,,,2,,,,SYNTHETIC — hackathon mock data,,,
165,351D935D-10A1-3BF2-0000-0000000000A5,SYN-OBS-00165,620A7637-3BE2-7307-0000-000000000015,69F84508-D13B-4A83-0000-000000000003,1FC9E916-899C-6A96-0000-00000000000F,,,,3,,,,SYNTHETIC — hackathon mock data,,,
166,351D935D-10A1-3BF2-0000-0000000000A6,SYN-OBS-00166,620A7637-3BE2-7307-0000-000000000016,69F84508-D13B-4A83-0000-000000000004,1FC9E916-899C-6A96-0000-000000000010,,,,1,,,,SYNTHETIC — hackathon mock data,,,
167,351D935D-10A1-3BF2-0000-0000000000A7,SYN-OBS-00167,620A7637-3BE2-7307-0000-000000000017,69F84508-D13B-4A83-0000-000000000005,1FC9E916-899C-6A96-0000-000000000011,,,,2,,,,SYNTHETIC — hackathon mock data,,,
168,351D935D-10A1-3BF2-0000-0000000000A8,SYN-OBS-00168,620A7637-3BE2-7307-0000-000000000018,69F84508-D13B-4A83-0000-000000000006,1FC9E916-899C-6A96-0000-000000000012,,,,3,,,,SYNTHETIC — hackathon mock data,,,
169,351D935D-10A1-3BF2-0000-0000000000A9,SYN-OBS-00169,620A7637-3BE2-7307-0000-000000000019,69F84508-D13B-4A83-0000-000000000001,1FC9E916-899C-6A96-0000-000000000013,,,,1,,,,SYNTHETIC — hackathon mock data,,,
170,351D935D-10A1-3BF2-0000-0000000000AA,SYN-OBS-00170,620A7637-3BE2-7307-0000-00000000001A,69F84508-D13B-4A83-0000-000000000002,1FC9E916-899C-6A96-0000-000000000014,,,,2,,,,SYNTHETIC — hackathon mock data,,,
171,351D935D-10A1-3BF2-0000-0000000000AB,SYN-OBS-00171,620A7637-3BE2-7307-0000-00000000001B,69F84508-D13B-4A83-0000-000000000003,1FC9E916-899C-6A96-0000-000000000015,,,,3,,,,SYNTHETIC — hackathon mock data,,,
172,351D935D-10A1-3BF2-0000-0000000000AC,SYN-OBS-00172,620A7637-3BE2-7307-0000-00000000001C,69F84508-D13B-4A83-0000-000000000004,1FC9E916-899C-6A96-0000-000000000016,,,,1,,,,SYNTHETIC — hackathon mock data,,,
173,351D935D-10A1-3BF2-0000-0000000000AD,SYN-OBS-00173,620A7637-3BE2-7307-0000-00000000001D,69F84508-D13B-4A83-0000-000000000005,1FC9E916-899C-6A96-0000-000000000017,,,,2,,,,SYNTHETIC — hackathon mock data,,,
174,351D935D-10A1-3BF2-0000-0000000000AE,SYN-OBS-00174,620A7637-3BE2-7307-0000-00000000001E,69F84508-D13B-4A83-0000-000000000006,1FC9E916-899C-6A96-0000-000000000018,,,,3,,,,SYNTHETIC — hackathon mock data,,,
175,351D935D-10A1-3BF2-0000-0000000000AF,SYN-OBS-00175,620A7637-3BE2-7307-0000-00000000001F,69F84508-D13B-4A83-0000-000000000001,1FC9E916-899C-6A96-0000-000000000019,,,,1,,,,SYNTHETIC — hackathon mock data,,,
176,351D935D-10A1-3BF2-0000-0000000000B0,SYN-OBS-00176,620A7637-3BE2-7307-0000-000000000020,69F84508-D13B-4A83-0000-000000000002,1FC9E916-899C-6A96-0000-00000000001A,,,,2,,,,SYNTHETIC — hackathon mock data,,,
177,351D935D-10A1-3BF2-0000-0000000000B1,SYN-OBS-00177,620A7637-3BE2-7307-0000-000000000021,69F84508-D13B-4A83-0000-000000000003,1FC9E916-899C-6A96-0000-00000000001B,,,,3,,,,SYNTHETIC — hackathon mock data,,,
178,351D935D-10A1-3BF2-0000-0000000000B2,SYN-OBS-00178,620A7637-3BE2-7307-0000-000000000022,69F84508-D13B-4A83-0000-000000000004,1FC9E916-899C-6A96-0000-00000000001C,,,,1,,,,SYNTHETIC — hackathon mock data,,,
179,351D935D-10A1-3BF2-0000-0000000000B3,SYN-OBS-00179,620A7637-3BE2-7307-0000-000000000023,69F84508-D13B-4A83-0000-000000000005,1FC9E916-899C-6A96-0000-00000000001D,,,,2,,,,SYNTHETIC — hackathon mock data,,,
180,351D935D-10A1-3BF2-0000-0000000000B4,SYN-OBS-00180,620A7637-3BE2-7307-0000-000000000024,69F84508-D13B-4A83-0000-000000000006,1FC9E916-899C-6A96-0000-00000000001E,,,,3,,,,SYNTHETIC — hackathon mock data,,,
181,351D935D-10A1-3BF2-0000-0000000000B5,SYN-OBS-00181,620A7637-3BE2-7307-0000-000000000025,69F84508-D13B-4A83-0000-000000000001,1FC9E916-899C-6A96-0000-00000000001F,,,,1,,,,SYNTHETIC — hackathon mock data,,,
182,351D935D-10A1-3BF2-0000-0000000000B6,SYN-OBS-00182,620A7637-3BE2-7307-0000-000000000026,69F84508-D13B-4A83-0000-000000000002,1FC9E916-899C-6A96-0000-000000000020,,,,2,,,,SYNTHETIC — hackathon mock data,,,
183,351D935D-10A1-3BF2-0000-0000000000B7,SYN-OBS-00183,620A7637-3BE2-7307-0000-000000000027,69F84508-D13B-4A83-0000-000000000003,1FC9E916-899C-6A96-0000-000000000021,,,,3,,,,SYNTHETIC — hackathon mock data,,,
184,351D935D-10A1-3BF2-0000-0000000000B8,SYN-OBS-00184,620A7637-3BE2-7307-0000-000000000028,69F84508-D13B-4A83-0000-000000000004,1FC9E916-899C-6A96-0000-000000000022,,,,1,,,,SYNTHETIC — hackathon mock data,,,
185,351D935D-10A1-3BF2-0000-0000000000B9,SYN-OBS-00185,620A7637-3BE2-7307-0000-000000000029,69F84508-D13B-4A83-0000-000000000005,1FC9E916-899C-6A96-0000-000000000023,,,,2,,,,SYNTHETIC — hackathon mock data,,,
186,351D935D-10A1-3BF2-0000-0000000000BA,SYN-OBS-00186,620A7637-3BE2-7307-0000-00000000002A,69F84508-D13B-4A83-0000-000000000006,1FC9E916-899C-6A96-0000-000000000024,,,,3,,,,SYNTHETIC — hackathon mock data,,,
187,351D935D-10A1-3BF2-0000-0000000000BB,SYN-OBS-00187,620A7637-3BE2-7307-0000-00000000002B,69F84508-D13B-4A83-0000-000000000001,1FC9E916-899C-6A96-0000-000000000025,,,,1,,,,SYNTHETIC — hackathon mock data,,,
188,351D935D-10A1-3BF2-0000-0000000000BC,SYN-OBS-00188,620A7637-3BE2-7307-0000-00000000002C,69F84508-D13B-4A83-0000-000000000002,1FC9E916-899C-6A96-0000-000000000026,,,,2,,,,SYNTHETIC — hackathon mock data,,,
189,351D935D-10A1-3BF2-0000-0000000000BD,SYN-OBS-00189,620A7637-3BE2-7307-0000-00000000002D,69F84508-D13B-4A83-0000-000000000003,1FC9E916-899C-6A96-0000-000000000027,,,,3,,,,SYNTHETIC — hackathon mock data,,,
190,351D935D-10A1-3BF2-0000-0000000000BE,SYN-OBS-00190,620A7637-3BE2-7307-0000-00000000002E,69F84508-D13B-4A83-0000-000000000004,1FC9E916-899C-6A96-0000-000000000028,,,,1,,,,SYNTHETIC — hackathon mock data,,,
191,351D935D-10A1-3BF2-0000-0000000000BF,SYN-OBS-00191,620A7637-3BE2-7307-0000-00000000002F,69F84508-D13B-4A83-0000-000000000005,1FC9E916-899C-6A96-0000-000000000029,,,,2,,,,SYNTHETIC — hackathon mock data,,,
192,351D935D-10A1-3BF2-0000-0000000000C0,SYN-OBS-00192,620A7637-3BE2-7307-0000-000000000030,69F84508-D13B-4A83-0000-000000000006,1FC9E916-899C-6A96-0000-00000000002A,,,,3,,,,SYNTHETIC — hackathon mock data,,,
193,351D935D-10A1-3BF2-0000-0000000000C1,SYN-OBS-00193,620A7637-3BE2-7307-0000-000000000031,69F84508-D13B-4A83-0000-000000000001,1FC9E916-899C-6A96-0000-00000000002B,,,,1,,,,SYNTHETIC — hackathon mock data,,,
194,351D935D-10A1-3BF2-0000-0000000000C2,SYN-OBS-00194,620A7637-3BE2-7307-0000-000000000032,69F84508-D13B-4A83-0000-000000000002,1FC9E916-899C-6A96-0000-00000000002C,,,,2,,,,SYNTHETIC — hackathon mock data,,,
195,351D935D-10A1-3BF2-0000-0000000000C3,SYN-OBS-00195,620A7637-3BE2-7307-0000-000000000033,69F84508-D13B-4A83-0000-000000000003,1FC9E916-899C-6A96-0000-00000000002D,,,,3,,,,SYNTHETIC — hackathon mock data,,,
196,351D935D-10A1-3BF2-0000-0000000000C4,SYN-OBS-00196,620A7637-3BE2-7307-0000-000000000034,69F84508-D13B-4A83-0000-000000000004,1FC9E916-899C-6A96-0000-00000000002E,,,,1,,,,SYNTHETIC — hackathon mock data,,,
197,351D935D-10A1-3BF2-0000-0000000000C5,SYN-OBS-00197,620A7637-3BE2-7307-0000-000000000035,69F84508-D13B-4A83-0000-000000000005,1FC9E916-899C-6A96-0000-00000000002F,,,,2,,,,SYNTHETIC — hackathon mock data,,,
198,351D935D-10A1-3BF2-0000-0000000000C6,SYN-OBS-00198,620A7637-3BE2-7307-0000-000000000036,69F84508-D13B-4A83-0000-000000000006,1FC9E916-899C-6A96-0000-000000000030,,,,3,,,,SYNTHETIC — hackathon mock data,,,
199,351D935D-10A1-3BF2-0000-0000000000C7,SYN-OBS-00199,620A7637-3BE2-7307-0000-000000000037,69F84508-D13B-4A83-0000-000000000001,1FC9E916-899C-6A96-0000-000000000031,,,,1,,,,SYNTHETIC — hackathon mock data,,,
200,351D935D-10A1-3BF2-0000-0000000000C8,SYN-OBS-00200,620A7637-3BE2-7307-0000-000000000038,69F84508-D13B-4A83-0000-000000000002,1FC9E916-899C-6A96-0000-000000000032,,,,2,,,,SYNTHETIC — hackathon mock data,,,
201,351D935D-10A1-3BF2-0000-0000000000C9,SYN-OBS-00201,620A7637-3BE2-7307-0000-000000000039,69F84508-D13B-4A83-0000-000000000003,1FC9E916-899C-6A96-0000-000000000033,,,,3,,,,SYNTHETIC — hackathon mock data,,,
202,351D935D-10A1-3BF2-0000-0000000000CA,SYN-OBS-00202,620A7637-3BE2-7307-0000-00000000003A,69F84508-D13B-4A83-0000-000000000004,1FC9E916-899C-6A96-0000-000000000034,,,,1,,,,SYNTHETIC — hackathon mock data,,,
203,351D935D-10A1-3BF2-0000-0000000000CB,SYN-OBS-00203,620A7637-3BE2-7307-0000-00000000003B,69F84508-D13B-4A83-0000-000000000005,1FC9E916-899C-6A96-0000-000000000035,,,,2,,,,SYNTHETIC — hackathon mock data,,,
204,351D935D-10A1-3BF2-0000-0000000000CC,SYN-OBS-00204,620A7637-3BE2-7307-0000-00000000003C,69F84508-D13B-4A83-0000-000000000006,1FC9E916-899C-6A96-0000-000000000036,,,,3,,,,SYNTHETIC — hackathon mock data,,,
205,351D935D-10A1-3BF2-0000-0000000000CD,SYN-OBS-00205,620A7637-3BE2-7307-0000-00000000003D,69F84508-D13B-4A83-0000-000000000001,1FC9E916-899C-6A96-0000-000000000037,,,,1,,,,SYNTHETIC — hackathon mock data,,,
206,351D935D-10A1-3BF2-0000-0000000000CE,SYN-OBS-00206,620A7637-3BE2-7307-0000-00000000003E,69F84508-D13B-4A83-0000-000000000002,1FC9E916-899C-6A96-0000-000000000038,,,,2,,,,SYNTHETIC — hackathon mock data,,,
207,351D935D-10A1-3BF2-0000-0000000000CF,SYN-OBS-00207,620A7637-3BE2-7307-0000-00000000003F,69F84508-D13B-4A83-0000-000000000003,1FC9E916-899C-6A96-0000-000000000039,,,,3,,,,SYNTHETIC — hackathon mock data,,,
208,351D935D-10A1-3BF2-0000-0000000000D0,SYN-OBS-00208,620A7637-3BE2-7307-0000-000000000040,69F84508-D13B-4A83-0000-000000000004,1FC9E916-899C-6A96-0000-00000000003A,,,,1,,,,SYNTHETIC — hackathon mock data,,,
209,351D935D-10A1-3BF2-0000-0000000000D1,SYN-OBS-00209,620A7637-3BE2-7307-0000-000000000041,69F84508-D13B-4A83-0000-000000000005,1FC9E916-899C-6A96-0000-00000000003B,,,,2,,,,SYNTHETIC — hackathon mock data,,,
210,351D935D-10A1-3BF2-0000-0000000000D2,SYN-OBS-00210,620A7637-3BE2-7307-0000-000000000042,69F84508-D13B-4A83-0000-000000000006,1FC9E916-899C-6A96-0000-00000000003C,,,,3,,,,SYNTHETIC — hackathon mock data,,,
211,351D935D-10A1-3BF2-0000-0000000000D3,SYN-OBS-00211,620A7637-3BE2-7307-0000-000000000043,69F84508-D13B-4A83-0000-000000000001,1FC9E916-899C-6A96-0000-00000000003D,,,,1,,,,SYNTHETIC — hackathon mock data,,,
212,351D935D-10A1-3BF2-0000-0000000000D4,SYN-OBS-00212,620A7637-3BE2-7307-0000-000000000044,69F84508-D13B-4A83-0000-000000000002,1FC9E916-899C-6A96-0000-00000000003E,,,,2,,,,SYNTHETIC — hackathon mock data,,,
213,351D935D-10A1-3BF2-0000-0000000000D5,SYN-OBS-00213,620A7637-3BE2-7307-0000-000000000045,69F84508-D13B-4A83-0000-000000000003,1FC9E916-899C-6A96-0000-00000000003F,,,,3,,,,SYNTHETIC — hackathon mock data,,,
214,351D935D-10A1-3BF2-0000-0000000000D6,SYN-OBS-00214,620A7637-3BE2-7307-0000-000000000046,69F84508-D13B-4A83-0000-000000000004,1FC9E916-899C-6A96-0000-000000000040,,,,1,,,,SYNTHETIC — hackathon mock data,,,
215,351D935D-10A1-3BF2-0000-0000000000D7,SYN-OBS-00215,620A7637-3BE2-7307-0000-000000000047,69F84508-D13B-4A83-0000-000000000005,1FC9E916-899C-6A96-0000-000000000041,,,,2,,,,SYNTHETIC — hackathon mock data,,,
216,351D935D-10A1-3BF2-0000-0000000000D8,SYN-OBS-00216,620A7637-3BE2-7307-0000-000000000048,69F84508-D13B-4A83-0000-000000000006,1FC9E916-899C-6A96-0000-000000000042,,,,3,,,,SYNTHETIC — hackathon mock data,,,
217,351D935D-10A1-3BF2-0000-0000000000D9,SYN-OBS-00217,620A7637-3BE2-7307-0000-000000000001,69F84508-D13B-4A83-0000-000000000001,1FC9E916-899C-6A96-0000-000000000043,,,,1,,,,SYNTHETIC — hackathon mock data,,,
218,351D935D-10A1-3BF2-0000-0000000000DA,SYN-OBS-00218,620A7637-3BE2-7307-0000-000000000002,69F84508-D13B-4A83-0000-000000000002,1FC9E916-899C-6A96-0000-000000000044,,,,2,,,,SYNTHETIC — hackathon mock data,,,
219,351D935D-10A1-3BF2-0000-0000000000DB,SYN-OBS-00219,620A7637-3BE2-7307-0000-000000000003,69F84508-D13B-4A83-0000-000000000003,1FC9E916-899C-6A96-0000-000000000045,,,,3,,,,SYNTHETIC — hackathon mock data,,,
220,351D935D-10A1-3BF2-0000-0000000000DC,SYN-OBS-00220,620A7637-3BE2-7307-0000-000000000004,69F84508-D13B-4A83-0000-000000000004,1FC9E916-899C-6A96-0000-000000000046,,,,1,,,,SYNTHETIC — hackathon mock data,,,
221,351D935D-10A1-3BF2-0000-0000000000DD,SYN-OBS-00221,620A7637-3BE2-7307-0000-000000000005,69F84508-D13B-4A83-0000-000000000005,1FC9E916-899C-6A96-0000-000000000047,,,,2,,,,SYNTHETIC — hackathon mock data,,,
222,351D935D-10A1-3BF2-0000-0000000000DE,SYN-OBS-00222,620A7637-3BE2-7307-0000-000000000006,69F84508-D13B-4A83-0000-000000000006,1FC9E916-899C-6A96-0000-000000000048,,,,3,,,,SYNTHETIC — hackathon mock data,,,
223,351D935D-10A1-3BF2-0000-0000000000DF,SYN-OBS-00223,620A7637-3BE2-7307-0000-000000000007,69F84508-D13B-4A83-0000-000000000001,1FC9E916-899C-6A96-0000-000000000049,,,,1,,,,SYNTHETIC — hackathon mock data,,,
224,351D935D-10A1-3BF2-0000-0000000000E0,SYN-OBS-00224,620A7637-3BE2-7307-0000-000000000008,69F84508-D13B-4A83-0000-000000000002,1FC9E916-899C-6A96-0000-00000000004A,,,,2,,,,SYNTHETIC — hackathon mock data,,,
225,351D935D-10A1-3BF2-0000-0000000000E1,SYN-OBS-00225,620A7637-3BE2-7307-0000-000000000009,69F84508-D13B-4A83-0000-000000000003,1FC9E916-899C-6A96-0000-00000000004B,,,,3,,,,SYNTHETIC — hackathon mock data,,,
226,351D935D-10A1-3BF2-0000-0000000000E2,SYN-OBS-00226,620A7637-3BE2-7307-0000-00000000000A,69F84508-D13B-4A83-0000-000000000004,1FC9E916-899C-6A96-0000-00000000004C,,,,1,,,,SYNTHETIC — hackathon mock data,,,
227,351D935D-10A1-3BF2-0000-0000000000E3,SYN-OBS-00227,620A7637-3BE2-7307-0000-00000000000B,69F84508-D13B-4A83-0000-000000000005,1FC9E916-899C-6A96-0000-00000000004D,,,,2,,,,SYNTHETIC — hackathon mock data,,,
228,351D935D-10A1-3BF2-0000-0000000000E4,SYN-OBS-00228,620A7637-3BE2-7307-0000-00000000000C,69F84508-D13B-4A83-0000-000000000006,1FC9E916-899C-6A96-0000-00000000004E,,,,3,,,,SYNTHETIC — hackathon mock data,,,
229,351D935D-10A1-3BF2-0000-0000000000E5,SYN-OBS-00229,620A7637-3BE2-7307-0000-00000000000D,69F84508-D13B-4A83-0000-000000000001,1FC9E916-899C-6A96-0000-00000000004F,,,,1,,,,SYNTHETIC — hackathon mock data,,,
230,351D935D-10A1-3BF2-0000-0000000000E6,SYN-OBS-00230,620A7637-3BE2-7307-0000-00000000000E,69F84508-D13B-4A83-0000-000000000002,1FC9E916-899C-6A96-0000-000000000050,,,,2,,,,SYNTHETIC — hackathon mock data,,,
231,351D935D-10A1-3BF2-0000-0000000000E7,SYN-OBS-00231,620A7637-3BE2-7307-0000-00000000000F,69F84508-D13B-4A83-0000-000000000003,1FC9E916-899C-6A96-0000-000000000051,,,,3,,,,SYNTHETIC — hackathon mock data,,,
232,351D935D-10A1-3BF2-0000-0000000000E8,SYN-OBS-00232,620A7637-3BE2-7307-0000-000000000010,69F84508-D13B-4A83-0000-000000000004,1FC9E916-899C-6A96-0000-000000000052,,,,1,,,,SYNTHETIC — hackathon mock data,,,
233,351D935D-10A1-3BF2-0000-0000000000E9,SYN-OBS-00233,620A7637-3BE2-7307-0000-000000000011,69F84508-D13B-4A83-0000-000000000005,1FC9E916-899C-6A96-0000-000000000053,,,,2,,,,SYNTHETIC — hackathon mock data,,,
234,351D935D-10A1-3BF2-0000-0000000000EA,SYN-OBS-00234,620A7637-3BE2-7307-0000-000000000012,69F84508-D13B-4A83-0000-000000000006,1FC9E916-899C-6A96-0000-000000000054,,,,3,,,,SYNTHETIC — hackathon mock data,,,
235,351D935D-10A1-3BF2-0000-0000000000EB,SYN-OBS-00235,620A7637-3BE2-7307-0000-000000000013,69F84508-D13B-4A83-0000-000000000001,1FC9E916-899C-6A96-0000-000000000055,,,,1,,,,SYNTHETIC — hackathon mock data,,,
236,351D935D-10A1-3BF2-0000-0000000000EC,SYN-OBS-00236,620A7637-3BE2-7307-0000-000000000014,69F84508-D13B-4A83-0000-000000000002,1FC9E916-899C-6A96-0000-000000000056,,,,2,,,,SYNTHETIC — hackathon mock data,,,
237,351D935D-10A1-3BF2-0000-0000000000ED,SYN-OBS-00237,620A7637-3BE2-7307-0000-000000000015,69F84508-D13B-4A83-0000-000000000003,1FC9E916-899C-6A96-0000-000000000057,,,,3,,,,SYNTHETIC — hackathon mock data,,,
238,351D935D-10A1-3BF2-0000-0000000000EE,SYN-OBS-00238,620A7637-3BE2-7307-0000-000000000016,69F84508-D13B-4A83-0000-000000000004,1FC9E916-899C-6A96-0000-000000000058,,,,1,,,,SYNTHETIC — hackathon mock data,,,
239,351D935D-10A1-3BF2-0000-0000000000EF,SYN-OBS-00239,620A7637-3BE2-7307-0000-000000000017,69F84508-D13B-4A83-0000-000000000005,1FC9E916-899C-6A96-0000-000000000059,,,,2,,,,SYNTHETIC — hackathon mock data,,,
240,351D935D-10A1-3BF2-0000-0000000000F0,SYN-OBS-00240,620A7637-3BE2-7307-0000-000000000018,69F84508-D13B-4A83-0000-000000000006,1FC9E916-899C-6A96-0000-00000000005A,,,,3,,,,SYNTHETIC — hackathon mock data,,,
241,351D935D-10A1-3BF2-0000-0000000000F1,SYN-OBS-00241,620A7637-3BE2-7307-0000-000000000019,69F84508-D13B-4A83-0000-000000000001,1FC9E916-899C-6A96-0000-00000000005B,,,,1,,,,SYNTHETIC — hackathon mock data,,,
242,351D935D-10A1-3BF2-0000-0000000000F2,SYN-OBS-00242,620A7637-3BE2-7307-0000-00000000001A,69F84508-D13B-4A83-0000-000000000002,1FC9E916-899C-6A96-0000-00000000005C,,,,2,,,,SYNTHETIC — hackathon mock data,,,
243,351D935D-10A1-3BF2-0000-0000000000F3,SYN-OBS-00243,620A7637-3BE2-7307-0000-00000000001B,69F84508-D13B-4A83-0000-000000000003,1FC9E916-899C-6A96-0000-00000000005D,,,,3,,,,SYNTHETIC — hackathon mock data,,,
244,351D935D-10A1-3BF2-0000-0000000000F4,SYN-OBS-00244,620A7637-3BE2-7307-0000-00000000001C,69F84508-D13B-4A83-0000-000000000004,1FC9E916-899C-6A96-0000-00000000005E,,,,1,,,,SYNTHETIC — hackathon mock data,,,
245,351D935D-10A1-3BF2-0000-0000000000F5,SYN-OBS-00245,620A7637-3BE2-7307-0000-00000000001D,69F84508-D13B-4A83-0000-000000000005,1FC9E916-899C-6A96-0000-00000000005F,,,,2,,,,SYNTHETIC — hackathon mock data,,,
246,351D935D-10A1-3BF2-0000-0000000000F6,SYN-OBS-00246,620A7637-3BE2-7307-0000-00000000001E,69F84508-D13B-4A83-0000-000000000006,1FC9E916-899C-6A96-0000-000000000060,,,,3,,,,SYNTHETIC — hackathon mock data,,,
247,351D935D-10A1-3BF2-0000-0000000000F7,SYN-OBS-00247,620A7637-3BE2-7307-0000-00000000001F,69F84508-D13B-4A83-0000-000000000001,1FC9E916-899C-6A96-0000-000000000061,,,,1,,,,SYNTHETIC — hackathon mock data,,,
248,351D935D-10A1-3BF2-0000-0000000000F8,SYN-OBS-00248,620A7637-3BE2-7307-0000-000000000020,69F84508-D13B-4A83-0000-000000000002,1FC9E916-899C-6A96-0000-000000000062,,,,2,,,,SYNTHETIC — hackathon mock data,,,
249,351D935D-10A1-3BF2-0000-0000000000F9,SYN-OBS-00249,620A7637-3BE2-7307-0000-000000000021,69F84508-D13B-4A83-0000-000000000003,1FC9E916-899C-6A96-0000-000000000063,,,,3,,,,SYNTHETIC — hackathon mock data,,,
250,351D935D-10A1-3BF2-0000-0000000000FA,SYN-OBS-00250,620A7637-3BE2-7307-0000-000000000022,69F84508-D13B-4A83-0000-000000000004,1FC9E916-899C-6A96-0000-000000000064,,,,1,,,,SYNTHETIC — hackathon mock data,,,
251,351D935D-10A1-3BF2-0000-0000000000FB,SYN-OBS-00251,620A7637-3BE2-7307-0000-000000000023,69F84508-D13B-4A83-0000-000000000005,1FC9E916-899C-6A96-0000-000000000065,,,,2,,,,SYNTHETIC — hackathon mock data,,,
252,351D935D-10A1-3BF2-0000-0000000000FC,SYN-OBS-00252,620A7637-3BE2-7307-0000-000000000024,69F84508-D13B-4A83-0000-000000000006,1FC9E916-899C-6A96-0000-000000000066,,,,3,,,,SYNTHETIC — hackathon mock data,,,
253,351D935D-10A1-3BF2-0000-0000000000FD,SYN-OBS-00253,620A7637-3BE2-7307-0000-000000000025,69F84508-D13B-4A83-0000-000000000001,1FC9E916-899C-6A96-0000-000000000067,,,,1,,,,SYNTHETIC — hackathon mock data,,,
254,351D935D-10A1-3BF2-0000-0000000000FE,SYN-OBS-00254,620A7637-3BE2-7307-0000-000000000026,69F84508-D13B-4A83-0000-000000000002,1FC9E916-899C-6A96-0000-000000000068,,,,2,,,,SYNTHETIC — hackathon mock data,,,
255,351D935D-10A1-3BF2-0000-0000000000FF,SYN-OBS-00255,620A7637-3BE2-7307-0000-000000000027,69F84508-D13B-4A83-0000-000000000003,1FC9E916-899C-6A96-0000-000000000069,,,,3,,,,SYNTHETIC — hackathon mock data,,,
256,351D935D-10A1-3BF2-0000-000000000100,SYN-OBS-00256,620A7637-3BE2-7307-0000-000000000028,69F84508-D13B-4A83-0000-000000000004,1FC9E916-899C-6A96-0000-00000000006A,,,,1,,,,SYNTHETIC — hackathon mock data,,,
257,351D935D-10A1-3BF2-0000-000000000101,SYN-OBS-00257,620A7637-3BE2-7307-0000-000000000029,69F84508-D13B-4A83-0000-000000000005,1FC9E916-899C-6A96-0000-00000000006B,,,,2,,,,SYNTHETIC — hackathon mock data,,,
258,351D935D-10A1-3BF2-0000-000000000102,SYN-OBS-00258,620A7637-3BE2-7307-0000-00000000002A,69F84508-D13B-4A83-0000-000000000006,1FC9E916-899C-6A96-0000-00000000006C,,,,3,,,,SYNTHETIC — hackathon mock data,,,
259,351D935D-10A1-3BF2-0000-000000000103,SYN-OBS-00259,620A7637-3BE2-7307-0000-00000000002B,69F84508-D13B-4A83-0000-000000000001,1FC9E916-899C-6A96-0000-00000000006D,,,,1,,,,SYNTHETIC — hackathon mock data,,,
260,351D935D-10A1-3BF2-0000-000000000104,SYN-OBS-00260,620A7637-3BE2-7307-0000-00000000002C,69F84508-D13B-4A83-0000-000000000002,1FC9E916-899C-6A96-0000-00000000006E,,,,2,,,,SYNTHETIC — hackathon mock data,,,
261,351D935D-10A1-3BF2-0000-000000000105,SYN-OBS-00261,620A7637-3BE2-7307-0000-00000000002D,69F84508-D13B-4A83-0000-000000000003,1FC9E916-899C-6A96-0000-00000000006F,,,,3,,,,SYNTHETIC — hackathon mock data,,,
262,351D935D-10A1-3BF2-0000-000000000106,SYN-OBS-00262,620A7637-3BE2-7307-0000-00000000002E,69F84508-D13B-4A83-0000-000000000004,1FC9E916-899C-6A96-0000-000000000070,,,,1,,,,SYNTHETIC — hackathon mock data,,,
263,351D935D-10A1-3BF2-0000-000000000107,SYN-OBS-00263,620A7637-3BE2-7307-0000-00000000002F,69F84508-D13B-4A83-0000-000000000005,1FC9E916-899C-6A96-0000-000000000071,,,,2,,,,SYNTHETIC — hackathon mock data,,,
264,351D935D-10A1-3BF2-0000-000000000108,SYN-OBS-00264,620A7637-3BE2-7307-0000-000000000030,69F84508-D13B-4A83-0000-000000000006,1FC9E916-899C-6A96-0000-000000000072,,,,3,,,,SYNTHETIC — hackathon mock data,,,
265,351D935D-10A1-3BF2-0000-000000000109,SYN-OBS-00265,620A7637-3BE2-7307-0000-000000000031,69F84508-D13B-4A83-0000-000000000001,1FC9E916-899C-6A96-0000-000000000073,,,,1,,,,SYNTHETIC — hackathon mock data,,,
266,351D935D-10A1-3BF2-0000-00000000010A,SYN-OBS-00266,620A7637-3BE2-7307-0000-000000000032,69F84508-D13B-4A83-0000-000000000002,1FC9E916-899C-6A96-0000-000000000074,,,,2,,,,SYNTHETIC — hackathon mock data,,,
267,351D935D-10A1-3BF2-0000-00000000010B,SYN-OBS-00267,620A7637-3BE2-7307-0000-000000000033,69F84508-D13B-4A83-0000-000000000003,1FC9E916-899C-6A96-0000-000000000075,,,,3,,,,SYNTHETIC — hackathon mock data,,,
268,351D935D-10A1-3BF2-0000-00000000010C,SYN-OBS-00268,620A7637-3BE2-7307-0000-000000000034,69F84508-D13B-4A83-0000-000000000004,1FC9E916-899C-6A96-0000-000000000076,,,,1,,,,SYNTHETIC — hackathon mock data,,,
269,351D935D-10A1-3BF2-0000-00000000010D,SYN-OBS-00269,620A7637-3BE2-7307-0000-000000000035,69F84508-D13B-4A83-0000-000000000005,1FC9E916-899C-6A96-0000-000000000077,,,,2,,,,SYNTHETIC — hackathon mock data,,,
270,351D935D-10A1-3BF2-0000-00000000010E,SYN-OBS-00270,620A7637-3BE2-7307-0000-000000000036,69F84508-D13B-4A83-0000-000000000006,1FC9E916-899C-6A96-0000-000000000078,,,,3,,,,SYNTHETIC — hackathon mock data,,,
271,351D935D-10A1-3BF2-0000-00000000010F,SYN-OBS-00271,620A7637-3BE2-7307-0000-000000000037,69F84508-D13B-4A83-0000-000000000001,1FC9E916-899C-6A96-0000-000000000079,,,,1,,,,SYNTHETIC — hackathon mock data,,,
272,351D935D-10A1-3BF2-0000-000000000110,SYN-OBS-00272,620A7637-3BE2-7307-0000-000000000038,69F84508-D13B-4A83-0000-000000000002,1FC9E916-899C-6A96-0000-00000000007A,,,,2,,,,SYNTHETIC — hackathon mock data,,,
273,351D935D-10A1-3BF2-0000-000000000111,SYN-OBS-00273,620A7637-3BE2-7307-0000-000000000039,69F84508-D13B-4A83-0000-000000000003,1FC9E916-899C-6A96-0000-00000000007B,,,,3,,,,SYNTHETIC — hackathon mock data,,,
274,351D935D-10A1-3BF2-0000-000000000112,SYN-OBS-00274,620A7637-3BE2-7307-0000-00000000003A,69F84508-D13B-4A83-0000-000000000004,1FC9E916-899C-6A96-0000-00000000007C,,,,1,,,,SYNTHETIC — hackathon mock data,,,
275,351D935D-10A1-3BF2-0000-000000000113,SYN-OBS-00275,620A7637-3BE2-7307-0000-00000000003B,69F84508-D13B-4A83-0000-000000000005,1FC9E916-899C-6A96-0000-00000000007D,,,,2,,,,SYNTHETIC — hackathon mock data,,,
276,351D935D-10A1-3BF2-0000-000000000114,SYN-OBS-00276,620A7637-3BE2-7307-0000-00000000003C,69F84508-D13B-4A83-0000-000000000006,1FC9E916-899C-6A96-0000-00000000007E,,,,3,,,,SYNTHETIC — hackathon mock data,,,
277,351D935D-10A1-3BF2-0000-000000000115,SYN-OBS-00277,620A7637-3BE2-7307-0000-00000000003D,69F84508-D13B-4A83-0000-000000000001,1FC9E916-899C-6A96-0000-00000000007F,,,,1,,,,SYNTHETIC — hackathon mock data,,,
278,351D935D-10A1-3BF2-0000-000000000116,SYN-OBS-00278,620A7637-3BE2-7307-0000-00000000003E,69F84508-D13B-4A83-0000-000000000002,1FC9E916-899C-6A96-0000-000000000080,,,,2,,,,SYNTHETIC — hackathon mock data,,,
279,351D935D-10A1-3BF2-0000-000000000117,SYN-OBS-00279,620A7637-3BE2-7307-0000-00000000003F,69F84508-D13B-4A83-0000-000000000003,1FC9E916-899C-6A96-0000-000000000081,,,,3,,,,SYNTHETIC — hackathon mock data,,,
280,351D935D-10A1-3BF2-0000-000000000118,SYN-OBS-00280,620A7637-3BE2-7307-0000-000000000040,69F84508-D13B-4A83-0000-000000000004,1FC9E916-899C-6A96-0000-000000000082,,,,1,,,,SYNTHETIC — hackathon mock data,,,
281,351D935D-10A1-3BF2-0000-000000000119,SYN-OBS-00281,620A7637-3BE2-7307-0000-000000000041,69F84508-D13B-4A83-0000-000000000005,1FC9E916-899C-6A96-0000-000000000083,,,,2,,,,SYNTHETIC — hackathon mock data,,,
282,351D935D-10A1-3BF2-0000-00000000011A,SYN-OBS-00282,620A7637-3BE2-7307-0000-000000000042,69F84508-D13B-4A83-0000-000000000006,1FC9E916-899C-6A96-0000-000000000084,,,,3,,,,SYNTHETIC — hackathon mock data,,,
283,351D935D-10A1-3BF2-0000-00000000011B,SYN-OBS-00283,620A7637-3BE2-7307-0000-000000000043,69F84508-D13B-4A83-0000-000000000001,1FC9E916-899C-6A96-0000-000000000085,,,,1,,,,SYNTHETIC — hackathon mock data,,,
284,351D935D-10A1-3BF2-0000-00000000011C,SYN-OBS-00284,620A7637-3BE2-7307-0000-000000000044,69F84508-D13B-4A83-0000-000000000002,1FC9E916-899C-6A96-0000-000000000086,,,,2,,,,SYNTHETIC — hackathon mock data,,,
285,351D935D-10A1-3BF2-0000-00000000011D,SYN-OBS-00285,620A7637-3BE2-7307-0000-000000000045,69F84508-D13B-4A83-0000-000000000003,1FC9E916-899C-6A96-0000-000000000087,,,,3,,,,SYNTHETIC — hackathon mock data,,,
286,351D935D-10A1-3BF2-0000-00000000011E,SYN-OBS-00286,620A7637-3BE2-7307-0000-000000000046,69F84508-D13B-4A83-0000-000000000004,1FC9E916-899C-6A96-0000-000000000088,,,,1,,,,SYNTHETIC — hackathon mock data,,,
287,351D935D-10A1-3BF2-0000-00000000011F,SYN-OBS-00287,620A7637-3BE2-7307-0000-000000000047,69F84508-D13B-4A83-0000-000000000005,1FC9E916-899C-6A96-0000-000000000089,,,,2,,,,SYNTHETIC — hackathon mock data,,,
288,351D935D-10A1-3BF2-0000-000000000120,SYN-OBS-00288,620A7637-3BE2-7307-0000-000000000048,69F84508-D13B-4A83-0000-000000000006,1FC9E916-899C-6A96-0000-00000000008A,,,,3,,,,SYNTHETIC — hackathon mock data,,,
289,351D935D-10A1-3BF2-0000-000000000121,SYN-OBS-00289,620A7637-3BE2-7307-0000-000000000001,69F84508-D13B-4A83-0000-000000000001,1FC9E916-899C-6A96-0000-00000000008B,,,,1,,,,SYNTHETIC — hackathon mock data,,,
290,351D935D-10A1-3BF2-0000-000000000122,SYN-OBS-00290,620A7637-3BE2-7307-0000-000000000002,69F84508-D13B-4A83-0000-000000000002,1FC9E916-899C-6A96-0000-00000000008C,,,,2,,,,SYNTHETIC — hackathon mock data,,,
291,351D935D-10A1-3BF2-0000-000000000123,SYN-OBS-00291,620A7637-3BE2-7307-0000-000000000003,69F84508-D13B-4A83-0000-000000000003,1FC9E916-899C-6A96-0000-00000000008D,,,,3,,,,SYNTHETIC — hackathon mock data,,,
292,351D935D-10A1-3BF2-0000-000000000124,SYN-OBS-00292,620A7637-3BE2-7307-0000-000000000004,69F84508-D13B-4A83-0000-000000000004,1FC9E916-899C-6A96-0000-00000000008E,,,,1,,,,SYNTHETIC — hackathon mock data,,,
293,351D935D-10A1-3BF2-0000-000000000125,SYN-OBS-00293,620A7637-3BE2-7307-0000-000000000005,69F84508-D13B-4A83-0000-000000000005,1FC9E916-899C-6A96-0000-00000000008F,,,,2,,,,SYNTHETIC — hackathon mock data,,,
294,351D935D-10A1-3BF2-0000-000000000126,SYN-OBS-00294,620A7637-3BE2-7307-0000-000000000006,69F84508-D13B-4A83-0000-000000000006,1FC9E916-899C-6A96-0000-000000000090,,,,3,,,,SYNTHETIC — hackathon mock data,,,
295,351D935D-10A1-3BF2-0000-000000000127,SYN-OBS-00295,620A7637-3BE2-7307-0000-000000000007,69F84508-D13B-4A83-0000-000000000001,1FC9E916-899C-6A96-0000-000000000091,,,,1,,,,SYNTHETIC — hackathon mock data,,,
296,351D935D-10A1-3BF2-0000-000000000128,SYN-OBS-00296,620A7637-3BE2-7307-0000-000000000008,69F84508-D13B-4A83-0000-000000000002,1FC9E916-899C-6A96-0000-000000000092,,,,2,,,,SYNTHETIC — hackathon mock data,,,
297,351D935D-10A1-3BF2-0000-000000000129,SYN-OBS-00297,620A7637-3BE2-7307-0000-000000000009,69F84508-D13B-4A83-0000-000000000003,1FC9E916-899C-6A96-0000-000000000093,,,,3,,,,SYNTHETIC — hackathon mock data,,,
298,351D935D-10A1-3BF2-0000-00000000012A,SYN-OBS-00298,620A7637-3BE2-7307-0000-00000000000A,69F84508-D13B-4A83-0000-000000000004,1FC9E916-899C-6A96-0000-000000000094,,,,1,,,,SYNTHETIC — hackathon mock data,,,
299,351D935D-10A1-3BF2-0000-00000000012B,SYN-OBS-00299,620A7637-3BE2-7307-0000-00000000000B,69F84508-D13B-4A83-0000-000000000005,1FC9E916-899C-6A96-0000-000000000095,,,,2,,,,SYNTHETIC — hackathon mock data,,,
300,351D935D-10A1-3BF2-0000-00000000012C,SYN-OBS-00300,620A7637-3BE2-7307-0000-00000000000C,69F84508-D13B-4A83-0000-000000000006,1FC9E916-899C-6A96-0000-000000000096,,,,3,,,,SYNTHETIC — hackathon mock data,,,
301,351D935D-10A1-3BF2-0000-00000000012D,SYN-OBS-00301,620A7637-3BE2-7307-0000-00000000000D,69F84508-D13B-4A83-0000-000000000001,1FC9E916-899C-6A96-0000-000000000001,,,,1,,,,SYNTHETIC — hackathon mock data,,,
302,351D935D-10A1-3BF2-0000-00000000012E,SYN-OBS-00302,620A7637-3BE2-7307-0000-00000000000E,69F84508-D13B-4A83-0000-000000000002,1FC9E916-899C-6A96-0000-000000000002,,,,2,,,,SYNTHETIC — hackathon mock data,,,
303,351D935D-10A1-3BF2-0000-00000000012F,SYN-OBS-00303,620A7637-3BE2-7307-0000-00000000000F,69F84508-D13B-4A83-0000-000000000003,1FC9E916-899C-6A96-0000-000000000003,,,,3,,,,SYNTHETIC — hackathon mock data,,,
304,351D935D-10A1-3BF2-0000-000000000130,SYN-OBS-00304,620A7637-3BE2-7307-0000-000000000010,69F84508-D13B-4A83-0000-000000000004,1FC9E916-899C-6A96-0000-000000000004,,,,1,,,,SYNTHETIC — hackathon mock data,,,
305,351D935D-10A1-3BF2-0000-000000000131,SYN-OBS-00305,620A7637-3BE2-7307-0000-000000000011,69F84508-D13B-4A83-0000-000000000005,1FC9E916-899C-6A96-0000-000000000005,,,,2,,,,SYNTHETIC — hackathon mock data,,,
306,351D935D-10A1-3BF2-0000-000000000132,SYN-OBS-00306,620A7637-3BE2-7307-0000-000000000012,69F84508-D13B-4A83-0000-000000000006,1FC9E916-899C-6A96-0000-000000000006,,,,3,,,,SYNTHETIC — hackathon mock data,,,
307,351D935D-10A1-3BF2-0000-000000000133,SYN-OBS-00307,620A7637-3BE2-7307-0000-000000000013,69F84508-D13B-4A83-0000-000000000001,1FC9E916-899C-6A96-0000-000000000007,,,,1,,,,SYNTHETIC — hackathon mock data,,,
308,351D935D-10A1-3BF2-0000-000000000134,SYN-OBS-00308,620A7637-3BE2-7307-0000-000000000014,69F84508-D13B-4A83-0000-000000000002,1FC9E916-899C-6A96-0000-000000000008,,,,2,,,,SYNTHETIC — hackathon mock data,,,
309,351D935D-10A1-3BF2-0000-000000000135,SYN-OBS-00309,620A7637-3BE2-7307-0000-000000000015,69F84508-D13B-4A83-0000-000000000003,1FC9E916-899C-6A96-0000-000000000009,,,,3,,,,SYNTHETIC — hackathon mock data,,,
310,351D935D-10A1-3BF2-0000-000000000136,SYN-OBS-00310,620A7637-3BE2-7307-0000-000000000016,69F84508-D13B-4A83-0000-000000000004,1FC9E916-899C-6A96-0000-00000000000A,,,,1,,,,SYNTHETIC — hackathon mock data,,,
311,351D935D-10A1-3BF2-0000-000000000137,SYN-OBS-00311,620A7637-3BE2-7307-0000-000000000017,69F84508-D13B-4A83-0000-000000000005,1FC9E916-899C-6A96-0000-00000000000B,,,,2,,,,SYNTHETIC — hackathon mock data,,,
312,351D935D-10A1-3BF2-0000-000000000138,SYN-OBS-00312,620A7637-3BE2-7307-0000-000000000018,69F84508-D13B-4A83-0000-000000000006,1FC9E916-899C-6A96-0000-00000000000C,,,,3,,,,SYNTHETIC — hackathon mock data,,,
313,351D935D-10A1-3BF2-0000-000000000139,SYN-OBS-00313,620A7637-3BE2-7307-0000-000000000019,69F84508-D13B-4A83-0000-000000000001,1FC9E916-899C-6A96-0000-00000000000D,,,,1,,,,SYNTHETIC — hackathon mock data,,,
314,351D935D-10A1-3BF2-0000-00000000013A,SYN-OBS-00314,620A7637-3BE2-7307-0000-00000000001A,69F84508-D13B-4A83-0000-000000000002,1FC9E916-899C-6A96-0000-00000000000E,,,,2,,,,SYNTHETIC — hackathon mock data,,,
315,351D935D-10A1-3BF2-0000-00000000013B,SYN-OBS-00315,620A7637-3BE2-7307-0000-00000000001B,69F84508-D13B-4A83-0000-000000000003,1FC9E916-899C-6A96-0000-00000000000F,,,,3,,,,SYNTHETIC — hackathon mock data,,,
316,351D935D-10A1-3BF2-0000-00000000013C,SYN-OBS-00316,620A7637-3BE2-7307-0000-00000000001C,69F84508-D13B-4A83-0000-000000000004,1FC9E916-899C-6A96-0000-000000000010,,,,1,,,,SYNTHETIC — hackathon mock data,,,
317,351D935D-10A1-3BF2-0000-00000000013D,SYN-OBS-00317,620A7637-3BE2-7307-0000-00000000001D,69F84508-D13B-4A83-0000-000000000005,1FC9E916-899C-6A96-0000-000000000011,,,,2,,,,SYNTHETIC — hackathon mock data,,,
318,351D935D-10A1-3BF2-0000-00000000013E,SYN-OBS-00318,620A7637-3BE2-7307-0000-00000000001E,69F84508-D13B-4A83-0000-000000000006,1FC9E916-899C-6A96-0000-000000000012,,,,3,,,,SYNTHETIC — hackathon mock data,,,
319,351D935D-10A1-3BF2-0000-00000000013F,SYN-OBS-00319,620A7637-3BE2-7307-0000-00000000001F,69F84508-D13B-4A83-0000-000000000001,1FC9E916-899C-6A96-0000-000000000013,,,,1,,,,SYNTHETIC — hackathon mock data,,,
320,351D935D-10A1-3BF2-0000-000000000140,SYN-OBS-00320,620A7637-3BE2-7307-0000-000000000020,69F84508-D13B-4A83-0000-000000000002,1FC9E916-899C-6A96-0000-000000000014,,,,2,,,,SYNTHETIC — hackathon mock data,,,
321,351D935D-10A1-3BF2-0000-000000000141,SYN-OBS-00321,620A7637-3BE2-7307-0000-000000000021,69F84508-D13B-4A83-0000-000000000003,1FC9E916-899C-6A96-0000-000000000015,,,,3,,,,SYNTHETIC — hackathon mock data,,,
322,351D935D-10A1-3BF2-0000-000000000142,SYN-OBS-00322,620A7637-3BE2-7307-0000-000000000022,69F84508-D13B-4A83-0000-000000000004,1FC9E916-899C-6A96-0000-000000000016,,,,1,,,,SYNTHETIC — hackathon mock data,,,
323,351D935D-10A1-3BF2-0000-000000000143,SYN-OBS-00323,620A7637-3BE2-7307-0000-000000000023,69F84508-D13B-4A83-0000-000000000005,1FC9E916-899C-6A96-0000-000000000017,,,,2,,,,SYNTHETIC — hackathon mock data,,,
324,351D935D-10A1-3BF2-0000-000000000144,SYN-OBS-00324,620A7637-3BE2-7307-0000-000000000024,69F84508-D13B-4A83-0000-000000000006,1FC9E916-899C-6A96-0000-000000000018,,,,3,,,,SYNTHETIC — hackathon mock data,,,
325,351D935D-10A1-3BF2-0000-000000000145,SYN-OBS-00325,620A7637-3BE2-7307-0000-000000000025,69F84508-D13B-4A83-0000-000000000001,1FC9E916-899C-6A96-0000-000000000019,,,,1,,,,SYNTHETIC — hackathon mock data,,,
326,351D935D-10A1-3BF2-0000-000000000146,SYN-OBS-00326,620A7637-3BE2-7307-0000-000000000026,69F84508-D13B-4A83-0000-000000000002,1FC9E916-899C-6A96-0000-00000000001A,,,,2,,,,SYNTHETIC — hackathon mock data,,,
327,351D935D-10A1-3BF2-0000-000000000147,SYN-OBS-00327,620A7637-3BE2-7307-0000-000000000027,69F84508-D13B-4A83-0000-000000000003,1FC9E916-899C-6A96-0000-00000000001B,,,,3,,,,SYNTHETIC — hackathon mock data,,,
328,351D935D-10A1-3BF2-0000-000000000148,SYN-OBS-00328,620A7637-3BE2-7307-0000-000000000028,69F84508-D13B-4A83-0000-000000000004,1FC9E916-899C-6A96-0000-00000000001C,,,,1,,,,SYNTHETIC — hackathon mock data,,,
329,351D935D-10A1-3BF2-0000-000000000149,SYN-OBS-00329,620A7637-3BE2-7307-0000-000000000029,69F84508-D13B-4A83-0000-000000000005,1FC9E916-899C-6A96-0000-00000000001D,,,,2,,,,SYNTHETIC — hackathon mock data,,,
330,351D935D-10A1-3BF2-0000-00000000014A,SYN-OBS-00330,620A7637-3BE2-7307-0000-00000000002A,69F84508-D13B-4A83-0000-000000000006,1FC9E916-899C-6A96-0000-00000000001E,,,,3,,,,SYNTHETIC — hackathon mock data,,,
331,351D935D-10A1-3BF2-0000-00000000014B,SYN-OBS-00331,620A7637-3BE2-7307-0000-00000000002B,69F84508-D13B-4A83-0000-000000000001,1FC9E916-899C-6A96-0000-00000000001F,,,,1,,,,SYNTHETIC — hackathon mock data,,,
332,351D935D-10A1-3BF2-0000-00000000014C,SYN-OBS-00332,620A7637-3BE2-7307-0000-00000000002C,69F84508-D13B-4A83-0000-000000000002,1FC9E916-899C-6A96-0000-000000000020,,,,2,,,,SYNTHETIC — hackathon mock data,,,
333,351D935D-10A1-3BF2-0000-00000000014D,SYN-OBS-00333,620A7637-3BE2-7307-0000-00000000002D,69F84508-D13B-4A83-0000-000000000003,1FC9E916-899C-6A96-0000-000000000021,,,,3,,,,SYNTHETIC — hackathon mock data,,,
334,351D935D-10A1-3BF2-0000-00000000014E,SYN-OBS-00334,620A7637-3BE2-7307-0000-00000000002E,69F84508-D13B-4A83-0000-000000000004,1FC9E916-899C-6A96-0000-000000000022,,,,1,,,,SYNTHETIC — hackathon mock data,,,
335,351D935D-10A1-3BF2-0000-00000000014F,SYN-OBS-00335,620A7637-3BE2-7307-0000-00000000002F,69F84508-D13B-4A83-0000-000000000005,1FC9E916-899C-6A96-0000-000000000023,,,,2,,,,SYNTHETIC — hackathon mock data,,,
336,351D935D-10A1-3BF2-0000-000000000150,SYN-OBS-00336,620A7637-3BE2-7307-0000-000000000030,69F84508-D13B-4A83-0000-000000000006,1FC9E916-899C-6A96-0000-000000000024,,,,3,,,,SYNTHETIC — hackathon mock data,,,
337,351D935D-10A1-3BF2-0000-000000000151,SYN-OBS-00337,620A7637-3BE2-7307-0000-000000000031,69F84508-D13B-4A83-0000-000000000001,1FC9E916-899C-6A96-0000-000000000025,,,,1,,,,SYNTHETIC — hackathon mock data,,,
338,351D935D-10A1-3BF2-0000-000000000152,SYN-OBS-00338,620A7637-3BE2-7307-0000-000000000032,69F84508-D13B-4A83-0000-000000000002,1FC9E916-899C-6A96-0000-000000000026,,,,2,,,,SYNTHETIC — hackathon mock data,,,
339,351D935D-10A1-3BF2-0000-000000000153,SYN-OBS-00339,620A7637-3BE2-7307-0000-000000000033,69F84508-D13B-4A83-0000-000000000003,1FC9E916-899C-6A96-0000-000000000027,,,,3,,,,SYNTHETIC — hackathon mock data,,,
340,351D935D-10A1-3BF2-0000-000000000154,SYN-OBS-00340,620A7637-3BE2-7307-0000-000000000034,69F84508-D13B-4A83-0000-000000000004,1FC9E916-899C-6A96-0000-000000000028,,,,1,,,,SYNTHETIC — hackathon mock data,,,
341,351D935D-10A1-3BF2-0000-000000000155,SYN-OBS-00341,620A7637-3BE2-7307-0000-000000000035,69F84508-D13B-4A83-0000-000000000005,1FC9E916-899C-6A96-0000-000000000029,,,,2,,,,SYNTHETIC — hackathon mock data,,,
342,351D935D-10A1-3BF2-0000-000000000156,SYN-OBS-00342,620A7637-3BE2-7307-0000-000000000036,69F84508-D13B-4A83-0000-000000000006,1FC9E916-899C-6A96-0000-00000000002A,,,,3,,,,SYNTHETIC — hackathon mock data,,,
343,351D935D-10A1-3BF2-0000-000000000157,SYN-OBS-00343,620A7637-3BE2-7307-0000-000000000037,69F84508-D13B-4A83-0000-000000000001,1FC9E916-899C-6A96-0000-00000000002B,,,,1,,,,SYNTHETIC — hackathon mock data,,,
344,351D935D-10A1-3BF2-0000-000000000158,SYN-OBS-00344,620A7637-3BE2-7307-0000-000000000038,69F84508-D13B-4A83-0000-000000000002,1FC9E916-899C-6A96-0000-00000000002C,,,,2,,,,SYNTHETIC — hackathon mock data,,,
345,351D935D-10A1-3BF2-0000-000000000159,SYN-OBS-00345,620A7637-3BE2-7307-0000-000000000039,69F84508-D13B-4A83-0000-000000000003,1FC9E916-899C-6A96-0000-00000000002D,,,,3,,,,SYNTHETIC — hackathon mock data,,,
346,351D935D-10A1-3BF2-0000-00000000015A,SYN-OBS-00346,620A7637-3BE2-7307-0000-00000000003A,69F84508-D13B-4A83-0000-000000000004,1FC9E916-899C-6A96-0000-00000000002E,,,,1,,,,SYNTHETIC — hackathon mock data,,,
347,351D935D-10A1-3BF2-0000-00000000015B,SYN-OBS-00347,620A7637-3BE2-7307-0000-00000000003B,69F84508-D13B-4A83-0000-000000000005,1FC9E916-899C-6A96-0000-00000000002F,,,,2,,,,SYNTHETIC — hackathon mock data,,,
348,351D935D-10A1-3BF2-0000-00000000015C,SYN-OBS-00348,620A7637-3BE2-7307-0000-00000000003C,69F84508-D13B-4A83-0000-000000000006,1FC9E916-899C-6A96-0000-000000000030,,,,3,,,,SYNTHETIC — hackathon mock data,,,
349,351D935D-10A1-3BF2-0000-00000000015D,SYN-OBS-00349,620A7637-3BE2-7307-0000-00000000003D,69F84508-D13B-4A83-0000-000000000001,1FC9E916-899C-6A96-0000-000000000031,,,,1,,,,SYNTHETIC — hackathon mock data,,,
350,351D935D-10A1-3BF2-0000-00000000015E,SYN-OBS-00350,620A7637-3BE2-7307-0000-00000000003E,69F84508-D13B-4A83-0000-000000000002,1FC9E916-899C-6A96-0000-000000000032,,,,2,,,,SYNTHETIC — hackathon mock data,,,
351,351D935D-10A1-3BF2-0000-00000000015F,SYN-OBS-00351,620A7637-3BE2-7307-0000-00000000003F,69F84508-D13B-4A83-0000-000000000003,1FC9E916-899C-6A96-0000-000000000033,,,,3,,,,SYNTHETIC — hackathon mock data,,,
352,351D935D-10A1-3BF2-0000-000000000160,SYN-OBS-00352,620A7637-3BE2-7307-0000-000000000040,69F84508-D13B-4A83-0000-000000000004,1FC9E916-899C-6A96-0000-000000000034,,,,1,,,,SYNTHETIC — hackathon mock data,,,
353,351D935D-10A1-3BF2-0000-000000000161,SYN-OBS-00353,620A7637-3BE2-7307-0000-000000000041,69F84508-D13B-4A83-0000-000000000005,1FC9E916-899C-6A96-0000-000000000035,,,,2,,,,SYNTHETIC — hackathon mock data,,,
354,351D935D-10A1-3BF2-0000-000000000162,SYN-OBS-00354,620A7637-3BE2-7307-0000-000000000042,69F84508-D13B-4A83-0000-000000000006,1FC9E916-899C-6A96-0000-000000000036,,,,3,,,,SYNTHETIC — hackathon mock data,,,
355,351D935D-10A1-3BF2-0000-000000000163,SYN-OBS-00355,620A7637-3BE2-7307-0000-000000000043,69F84508-D13B-4A83-0000-000000000001,1FC9E916-899C-6A96-0000-000000000037,,,,1,,,,SYNTHETIC — hackathon mock data,,,
356,351D935D-10A1-3BF2-0000-000000000164,SYN-OBS-00356,620A7637-3BE2-7307-0000-000000000044,69F84508-D13B-4A83-0000-000000000002,1FC9E916-899C-6A96-0000-000000000038,,,,2,,,,SYNTHETIC — hackathon mock data,,,
357,351D935D-10A1-3BF2-0000-000000000165,SYN-OBS-00357,620A7637-3BE2-7307-0000-000000000045,69F84508-D13B-4A83-0000-000000000003,1FC9E916-899C-6A96-0000-000000000039,,,,3,,,,SYNTHETIC — hackathon mock data,,,
358,351D935D-10A1-3BF2-0000-000000000166,SYN-OBS-00358,620A7637-3BE2-7307-0000-000000000046,69F84508-D13B-4A83-0000-000000000004,1FC9E916-899C-6A96-0000-00000000003A,,,,1,,,,SYNTHETIC — hackathon mock data,,,
359,351D935D-10A1-3BF2-0000-000000000167,SYN-OBS-00359,620A7637-3BE2-7307-0000-000000000047,69F84508-D13B-4A83-0000-000000000005,1FC9E916-899C-6A96-0000-00000000003B,,,,2,,,,SYNTHETIC — hackathon mock data,,,
360,351D935D-10A1-3BF2-0000-000000000168,SYN-OBS-00360,620A7637-3BE2-7307-0000-000000000048,69F84508-D13B-4A83-0000-000000000006,1FC9E916-899C-6A96-0000-00000000003C,,,,3,,,,SYNTHETIC — hackathon mock data,,,
361,351D935D-10A1-3BF2-0000-000000000169,SYN-OBS-00361,620A7637-3BE2-7307-0000-000000000001,69F84508-D13B-4A83-0000-000000000001,1FC9E916-899C-6A96-0000-00000000003D,,,,1,,,,SYNTHETIC — hackathon mock data,,,
362,351D935D-10A1-3BF2-0000-00000000016A,SYN-OBS-00362,620A7637-3BE2-7307-0000-000000000002,69F84508-D13B-4A83-0000-000000000002,1FC9E916-899C-6A96-0000-00000000003E,,,,2,,,,SYNTHETIC — hackathon mock data,,,
363,351D935D-10A1-3BF2-0000-00000000016B,SYN-OBS-00363,620A7637-3BE2-7307-0000-000000000003,69F84508-D13B-4A83-0000-000000000003,1FC9E916-899C-6A96-0000-00000000003F,,,,3,,,,SYNTHETIC — hackathon mock data,,,
364,351D935D-10A1-3BF2-0000-00000000016C,SYN-OBS-00364,620A7637-3BE2-7307-0000-000000000004,69F84508-D13B-4A83-0000-000000000004,1FC9E916-899C-6A96-0000-000000000040,,,,1,,,,SYNTHETIC — hackathon mock data,,,
365,351D935D-10A1-3BF2-0000-00000000016D,SYN-OBS-00365,620A7637-3BE2-7307-0000-000000000005,69F84508-D13B-4A83-0000-000000000005,1FC9E916-899C-6A96-0000-000000000041,,,,2,,,,SYNTHETIC — hackathon mock data,,,
366,351D935D-10A1-3BF2-0000-00000000016E,SYN-OBS-00366,620A7637-3BE2-7307-0000-000000000006,69F84508-D13B-4A83-0000-000000000006,1FC9E916-899C-6A96-0000-000000000042,,,,3,,,,SYNTHETIC — hackathon mock data,,,
367,351D935D-10A1-3BF2-0000-00000000016F,SYN-OBS-00367,620A7637-3BE2-7307-0000-000000000007,69F84508-D13B-4A83-0000-000000000001,1FC9E916-899C-6A96-0000-000000000043,,,,1,,,,SYNTHETIC — hackathon mock data,,,
368,351D935D-10A1-3BF2-0000-000000000170,SYN-OBS-00368,620A7637-3BE2-7307-0000-000000000008,69F84508-D13B-4A83-0000-000000000002,1FC9E916-899C-6A96-0000-000000000044,,,,2,,,,SYNTHETIC — hackathon mock data,,,
369,351D935D-10A1-3BF2-0000-000000000171,SYN-OBS-00369,620A7637-3BE2-7307-0000-000000000009,69F84508-D13B-4A83-0000-000000000003,1FC9E916-899C-6A96-0000-000000000045,,,,3,,,,SYNTHETIC — hackathon mock data,,,
370,351D935D-10A1-3BF2-0000-000000000172,SYN-OBS-00370,620A7637-3BE2-7307-0000-00000000000A,69F84508-D13B-4A83-0000-000000000004,1FC9E916-899C-6A96-0000-000000000046,,,,1,,,,SYNTHETIC — hackathon mock data,,,
371,351D935D-10A1-3BF2-0000-000000000173,SYN-OBS-00371,620A7637-3BE2-7307-0000-00000000000B,69F84508-D13B-4A83-0000-000000000005,1FC9E916-899C-6A96-0000-000000000047,,,,2,,,,SYNTHETIC — hackathon mock data,,,
372,351D935D-10A1-3BF2-0000-000000000174,SYN-OBS-00372,620A7637-3BE2-7307-0000-00000000000C,69F84508-D13B-4A83-0000-000000000006,1FC9E916-899C-6A96-0000-000000000048,,,,3,,,,SYNTHETIC — hackathon mock data,,,
373,351D935D-10A1-3BF2-0000-000000000175,SYN-OBS-00373,620A7637-3BE2-7307-0000-00000000000D,69F84508-D13B-4A83-0000-000000000001,1FC9E916-899C-6A96-0000-000000000049,,,,1,,,,SYNTHETIC — hackathon mock data,,,
374,351D935D-10A1-3BF2-0000-000000000176,SYN-OBS-00374,620A7637-3BE2-7307-0000-00000000000E,69F84508-D13B-4A83-0000-000000000002,1FC9E916-899C-6A96-0000-00000000004A,,,,2,,,,SYNTHETIC — hackathon mock data,,,
375,351D935D-10A1-3BF2-0000-000000000177,SYN-OBS-00375,620A7637-3BE2-7307-0000-00000000000F,69F84508-D13B-4A83-0000-000000000003,1FC9E916-899C-6A96-0000-00000000004B,,,,3,,,,SYNTHETIC — hackathon mock data,,,
376,351D935D-10A1-3BF2-0000-000000000178,SYN-OBS-00376,620A7637-3BE2-7307-0000-000000000010,69F84508-D13B-4A83-0000-000000000004,1FC9E916-899C-6A96-0000-00000000004C,,,,1,,,,SYNTHETIC — hackathon mock data,,,
377,351D935D-10A1-3BF2-0000-000000000179,SYN-OBS-00377,620A7637-3BE2-7307-0000-000000000011,69F84508-D13B-4A83-0000-000000000005,1FC9E916-899C-6A96-0000-00000000004D,,,,2,,,,SYNTHETIC — hackathon mock data,,,
378,351D935D-10A1-3BF2-0000-00000000017A,SYN-OBS-00378,620A7637-3BE2-7307-0000-000000000012,69F84508-D13B-4A83-0000-000000000006,1FC9E916-899C-6A96-0000-00000000004E,,,,3,,,,SYNTHETIC — hackathon mock data,,,
379,351D935D-10A1-3BF2-0000-00000000017B,SYN-OBS-00379,620A7637-3BE2-7307-0000-000000000013,69F84508-D13B-4A83-0000-000000000001,1FC9E916-899C-6A96-0000-00000000004F,,,,1,,,,SYNTHETIC — hackathon mock data,,,
380,351D935D-10A1-3BF2-0000-00000000017C,SYN-OBS-00380,620A7637-3BE2-7307-0000-000000000014,69F84508-D13B-4A83-0000-000000000002,1FC9E916-899C-6A96-0000-000000000050,,,,2,,,,SYNTHETIC — hackathon mock data,,,
381,351D935D-10A1-3BF2-0000-00000000017D,SYN-OBS-00381,620A7637-3BE2-7307-0000-000000000015,69F84508-D13B-4A83-0000-000000000003,1FC9E916-899C-6A96-0000-000000000051,,,,3,,,,SYNTHETIC — hackathon mock data,,,
382,351D935D-10A1-3BF2-0000-00000000017E,SYN-OBS-00382,620A7637-3BE2-7307-0000-000000000016,69F84508-D13B-4A83-0000-000000000004,1FC9E916-899C-6A96-0000-000000000052,,,,1,,,,SYNTHETIC — hackathon mock data,,,
383,351D935D-10A1-3BF2-0000-00000000017F,SYN-OBS-00383,620A7637-3BE2-7307-0000-000000000017,69F84508-D13B-4A83-0000-000000000005,1FC9E916-899C-6A96-0000-000000000053,,,,2,,,,SYNTHETIC — hackathon mock data,,,
384,351D935D-10A1-3BF2-0000-000000000180,SYN-OBS-00384,620A7637-3BE2-7307-0000-000000000018,69F84508-D13B-4A83-0000-000000000006,1FC9E916-899C-6A96-0000-000000000054,,,,3,,,,SYNTHETIC — hackathon mock data,,,
385,351D935D-10A1-3BF2-0000-000000000181,SYN-OBS-00385,620A7637-3BE2-7307-0000-000000000019,69F84508-D13B-4A83-0000-000000000001,1FC9E916-899C-6A96-0000-000000000055,,,,1,,,,SYNTHETIC — hackathon mock data,,,
386,351D935D-10A1-3BF2-0000-000000000182,SYN-OBS-00386,620A7637-3BE2-7307-0000-00000000001A,69F84508-D13B-4A83-0000-000000000002,1FC9E916-899C-6A96-0000-000000000056,,,,2,,,,SYNTHETIC — hackathon mock data,,,
387,351D935D-10A1-3BF2-0000-000000000183,SYN-OBS-00387,620A7637-3BE2-7307-0000-00000000001B,69F84508-D13B-4A83-0000-000000000003,1FC9E916-899C-6A96-0000-000000000057,,,,3,,,,SYNTHETIC — hackathon mock data,,,
388,351D935D-10A1-3BF2-0000-000000000184,SYN-OBS-00388,620A7637-3BE2-7307-0000-00000000001C,69F84508-D13B-4A83-0000-000000000004,1FC9E916-899C-6A96-0000-000000000058,,,,1,,,,SYNTHETIC — hackathon mock data,,,
389,351D935D-10A1-3BF2-0000-000000000185,SYN-OBS-00389,620A7637-3BE2-7307-0000-00000000001D,69F84508-D13B-4A83-0000-000000000005,1FC9E916-899C-6A96-0000-000000000059,,,,2,,,,SYNTHETIC — hackathon mock data,,,
390,351D935D-10A1-3BF2-0000-000000000186,SYN-OBS-00390,620A7637-3BE2-7307-0000-00000000001E,69F84508-D13B-4A83-0000-000000000006,1FC9E916-899C-6A96-0000-00000000005A,,,,3,,,,SYNTHETIC — hackathon mock data,,,
391,351D935D-10A1-3BF2-0000-000000000187,SYN-OBS-00391,620A7637-3BE2-7307-0000-00000000001F,69F84508-D13B-4A83-0000-000000000001,1FC9E916-899C-6A96-0000-00000000005B,,,,1,,,,SYNTHETIC — hackathon mock data,,,
392,351D935D-10A1-3BF2-0000-000000000188,SYN-OBS-00392,620A7637-3BE2-7307-0000-000000000020,69F84508-D13B-4A83-0000-000000000002,1FC9E916-899C-6A96-0000-00000000005C,,,,2,,,,SYNTHETIC — hackathon mock data,,,
393,351D935D-10A1-3BF2-0000-000000000189,SYN-OBS-00393,620A7637-3BE2-7307-0000-000000000021,69F84508-D13B-4A83-0000-000000000003,1FC9E916-899C-6A96-0000-00000000005D,,,,3,,,,SYNTHETIC — hackathon mock data,,,
394,351D935D-10A1-3BF2-0000-00000000018A,SYN-OBS-00394,620A7637-3BE2-7307-0000-000000000022,69F84508-D13B-4A83-0000-000000000004,1FC9E916-899C-6A96-0000-00000000005E,,,,1,,,,SYNTHETIC — hackathon mock data,,,
395,351D935D-10A1-3BF2-0000-00000000018B,SYN-OBS-00395,620A7637-3BE2-7307-0000-000000000023,69F84508-D13B-4A83-0000-000000000005,1FC9E916-899C-6A96-0000-00000000005F,,,,2,,,,SYNTHETIC — hackathon mock data,,,
396,351D935D-10A1-3BF2-0000-00000000018C,SYN-OBS-00396,620A7637-3BE2-7307-0000-000000000024,69F84508-D13B-4A83-0000-000000000006,1FC9E916-899C-6A96-0000-000000000060,,,,3,,,,SYNTHETIC — hackathon mock data,,,
397,351D935D-10A1-3BF2-0000-00000000018D,SYN-OBS-00397,620A7637-3BE2-7307-0000-000000000025,69F84508-D13B-4A83-0000-000000000001,1FC9E916-899C-6A96-0000-000000000061,,,,1,,,,SYNTHETIC — hackathon mock data,,,
398,351D935D-10A1-3BF2-0000-00000000018E,SYN-OBS-00398,620A7637-3BE2-7307-0000-000000000026,69F84508-D13B-4A83-0000-000000000002,1FC9E916-899C-6A96-0000-000000000062,,,,2,,,,SYNTHETIC — hackathon mock data,,,
399,351D935D-10A1-3BF2-0000-00000000018F,SYN-OBS-00399,620A7637-3BE2-7307-0000-000000000027,69F84508-D13B-4A83-0000-000000000003,1FC9E916-899C-6A96-0000-000000000063,,,,3,,,,SYNTHETIC — hackathon mock data,,,
400,351D935D-10A1-3BF2-0000-000000000190,SYN-OBS-00400,620A7637-3BE2-7307-0000-000000000028,69F84508-D13B-4A83-0000-000000000004,1FC9E916-899C-6A96-0000-000000000064,,,,1,,,,SYNTHETIC — hackathon mock data,,,
401,351D935D-10A1-3BF2-0000-000000000191,SYN-OBS-00401,620A7637-3BE2-7307-0000-000000000029,69F84508-D13B-4A83-0000-000000000005,1FC9E916-899C-6A96-0000-000000000065,,,,2,,,,SYNTHETIC — hackathon mock data,,,
402,351D935D-10A1-3BF2-0000-000000000192,SYN-OBS-00402,620A7637-3BE2-7307-0000-00000000002A,69F84508-D13B-4A83-0000-000000000006,1FC9E916-899C-6A96-0000-000000000066,,,,3,,,,SYNTHETIC — hackathon mock data,,,
403,351D935D-10A1-3BF2-0000-000000000193,SYN-OBS-00403,620A7637-3BE2-7307-0000-00000000002B,69F84508-D13B-4A83-0000-000000000001,1FC9E916-899C-6A96-0000-000000000067,,,,1,,,,SYNTHETIC — hackathon mock data,,,
404,351D935D-10A1-3BF2-0000-000000000194,SYN-OBS-00404,620A7637-3BE2-7307-0000-00000000002C,69F84508-D13B-4A83-0000-000000000002,1FC9E916-899C-6A96-0000-000000000068,,,,2,,,,SYNTHETIC — hackathon mock data,,,
405,351D935D-10A1-3BF2-0000-000000000195,SYN-OBS-00405,620A7637-3BE2-7307-0000-00000000002D,69F84508-D13B-4A83-0000-000000000003,1FC9E916-899C-6A96-0000-000000000069,,,,3,,,,SYNTHETIC — hackathon mock data,,,
406,351D935D-10A1-3BF2-0000-000000000196,SYN-OBS-00406,620A7637-3BE2-7307-0000-00000000002E,69F84508-D13B-4A83-0000-000000000004,1FC9E916-899C-6A96-0000-00000000006A,,,,1,,,,SYNTHETIC — hackathon mock data,,,
407,351D935D-10A1-3BF2-0000-000000000197,SYN-OBS-00407,620A7637-3BE2-7307-0000-00000000002F,69F84508-D13B-4A83-0000-000000000005,1FC9E916-899C-6A96-0000-00000000006B,,,,2,,,,SYNTHETIC — hackathon mock data,,,
408,351D935D-10A1-3BF2-0000-000000000198,SYN-OBS-00408,620A7637-3BE2-7307-0000-000000000030,69F84508-D13B-4A83-0000-000000000006,1FC9E916-899C-6A96-0000-00000000006C,,,,3,,,,SYNTHETIC — hackathon mock data,,,
409,351D935D-10A1-3BF2-0000-000000000199,SYN-OBS-00409,620A7637-3BE2-7307-0000-000000000031,69F84508-D13B-4A83-0000-000000000001,1FC9E916-899C-6A96-0000-00000000006D,,,,1,,,,SYNTHETIC — hackathon mock data,,,
410,351D935D-10A1-3BF2-0000-00000000019A,SYN-OBS-00410,620A7637-3BE2-7307-0000-000000000032,69F84508-D13B-4A83-0000-000000000002,1FC9E916-899C-6A96-0000-00000000006E,,,,2,,,,SYNTHETIC — hackathon mock data,,,
411,351D935D-10A1-3BF2-0000-00000000019B,SYN-OBS-00411,620A7637-3BE2-7307-0000-000000000033,69F84508-D13B-4A83-0000-000000000003,1FC9E916-899C-6A96-0000-00000000006F,,,,3,,,,SYNTHETIC — hackathon mock data,,,
412,351D935D-10A1-3BF2-0000-00000000019C,SYN-OBS-00412,620A7637-3BE2-7307-0000-000000000034,69F84508-D13B-4A83-0000-000000000004,1FC9E916-899C-6A96-0000-000000000070,,,,1,,,,SYNTHETIC — hackathon mock data,,,
413,351D935D-10A1-3BF2-0000-00000000019D,SYN-OBS-00413,620A7637-3BE2-7307-0000-000000000035,69F84508-D13B-4A83-0000-000000000005,1FC9E916-899C-6A96-0000-000000000071,,,,2,,,,SYNTHETIC — hackathon mock data,,,
414,351D935D-10A1-3BF2-0000-00000000019E,SYN-OBS-00414,620A7637-3BE2-7307-0000-000000000036,69F84508-D13B-4A83-0000-000000000006,1FC9E916-899C-6A96-0000-000000000072,,,,3,,,,SYNTHETIC — hackathon mock data,,,
415,351D935D-10A1-3BF2-0000-00000000019F,SYN-OBS-00415,620A7637-3BE2-7307-0000-000000000037,69F84508-D13B-4A83-0000-000000000001,1FC9E916-899C-6A96-0000-000000000073,,,,1,,,,SYNTHETIC — hackathon mock data,,,
416,351D935D-10A1-3BF2-0000-0000000001A0,SYN-OBS-00416,620A7637-3BE2-7307-0000-000000000038,69F84508-D13B-4A83-0000-000000000002,1FC9E916-899C-6A96-0000-000000000074,,,,2,,,,SYNTHETIC — hackathon mock data,,,
417,351D935D-10A1-3BF2-0000-0000000001A1,SYN-OBS-00417,620A7637-3BE2-7307-0000-000000000039,69F84508-D13B-4A83-0000-000000000003,1FC9E916-899C-6A96-0000-000000000075,,,,3,,,,SYNTHETIC — hackathon mock data,,,
418,351D935D-10A1-3BF2-0000-0000000001A2,SYN-OBS-00418,620A7637-3BE2-7307-0000-00000000003A,69F84508-D13B-4A83-0000-000000000004,1FC9E916-899C-6A96-0000-000000000076,,,,1,,,,SYNTHETIC — hackathon mock data,,,
419,351D935D-10A1-3BF2-0000-0000000001A3,SYN-OBS-00419,620A7637-3BE2-7307-0000-00000000003B,69F84508-D13B-4A83-0000-000000000005,1FC9E916-899C-6A96-0000-000000000077,,,,2,,,,SYNTHETIC — hackathon mock data,,,
420,351D935D-10A1-3BF2-0000-0000000001A4,SYN-OBS-00420,620A7637-3BE2-7307-0000-00000000003C,69F84508-D13B-4A83-0000-000000000006,1FC9E916-899C-6A96-0000-000000000078,,,,3,,,,SYNTHETIC — hackathon mock data,,,
421,351D935D-10A1-3BF2-0000-0000000001A5,SYN-OBS-00421,620A7637-3BE2-7307-0000-00000000003D,69F84508-D13B-4A83-0000-000000000001,1FC9E916-899C-6A96-0000-000000000079,,,,1,,,,SYNTHETIC — hackathon mock data,,,
422,351D935D-10A1-3BF2-0000-0000000001A6,SYN-OBS-00422,620A7637-3BE2-7307-0000-00000000003E,69F84508-D13B-4A83-0000-000000000002,1FC9E916-899C-6A96-0000-00000000007A,,,,2,,,,SYNTHETIC — hackathon mock data,,,
423,351D935D-10A1-3BF2-0000-0000000001A7,SYN-OBS-00423,620A7637-3BE2-7307-0000-00000000003F,69F84508-D13B-4A83-0000-000000000003,1FC9E916-899C-6A96-0000-00000000007B,,,,3,,,,SYNTHETIC — hackathon mock data,,,
424,351D935D-10A1-3BF2-0000-0000000001A8,SYN-OBS-00424,620A7637-3BE2-7307-0000-000000000040,69F84508-D13B-4A83-0000-000000000004,1FC9E916-899C-6A96-0000-00000000007C,,,,1,,,,SYNTHETIC — hackathon mock data,,,
425,351D935D-10A1-3BF2-0000-0000000001A9,SYN-OBS-00425,620A7637-3BE2-7307-0000-000000000041,69F84508-D13B-4A83-0000-000000000005,1FC9E916-899C-6A96-0000-00000000007D,,,,2,,,,SYNTHETIC — hackathon mock data,,,
426,351D935D-10A1-3BF2-0000-0000000001AA,SYN-OBS-00426,620A7637-3BE2-7307-0000-000000000042,69F84508-D13B-4A83-0000-000000000006,1FC9E916-899C-6A96-0000-00000000007E,,,,3,,,,SYNTHETIC — hackathon mock data,,,
427,351D935D-10A1-3BF2-0000-0000000001AB,SYN-OBS-00427,620A7637-3BE2-7307-0000-000000000043,69F84508-D13B-4A83-0000-000000000001,1FC9E916-899C-6A96-0000-00000000007F,,,,1,,,,SYNTHETIC — hackathon mock data,,,
428,351D935D-10A1-3BF2-0000-0000000001AC,SYN-OBS-00428,620A7637-3BE2-7307-0000-000000000044,69F84508-D13B-4A83-0000-000000000002,1FC9E916-899C-6A96-0000-000000000080,,,,2,,,,SYNTHETIC — hackathon mock data,,,
429,351D935D-10A1-3BF2-0000-0000000001AD,SYN-OBS-00429,620A7637-3BE2-7307-0000-000000000045,69F84508-D13B-4A83-0000-000000000003,1FC9E916-899C-6A96-0000-000000000081,,,,3,,,,SYNTHETIC — hackathon mock data,,,
430,351D935D-10A1-3BF2-0000-0000000001AE,SYN-OBS-00430,620A7637-3BE2-7307-0000-000000000046,69F84508-D13B-4A83-0000-000000000004,1FC9E916-899C-6A96-0000-000000000082,,,,1,,,,SYNTHETIC — hackathon mock data,,,
431,351D935D-10A1-3BF2-0000-0000000001AF,SYN-OBS-00431,620A7637-3BE2-7307-0000-000000000047,69F84508-D13B-4A83-0000-000000000005,1FC9E916-899C-6A96-0000-000000000083,,,,2,,,,SYNTHETIC — hackathon mock data,,,
432,351D935D-10A1-3BF2-0000-0000000001B0,SYN-OBS-00432,620A7637-3BE2-7307-0000-000000000048,69F84508-D13B-4A83-0000-000000000006,1FC9E916-899C-6A96-0000-000000000084,,,,3,,,,SYNTHETIC — hackathon mock data,,,
433,351D935D-10A1-3BF2-0000-0000000001B1,SYN-OBS-00433,620A7637-3BE2-7307-0000-000000000001,69F84508-D13B-4A83-0000-000000000001,1FC9E916-899C-6A96-0000-000000000085,,,,1,,,,SYNTHETIC — hackathon mock data,,,
434,351D935D-10A1-3BF2-0000-0000000001B2,SYN-OBS-00434,620A7637-3BE2-7307-0000-000000000002,69F84508-D13B-4A83-0000-000000000002,1FC9E916-899C-6A96-0000-000000000086,,,,2,,,,SYNTHETIC — hackathon mock data,,,
435,351D935D-10A1-3BF2-0000-0000000001B3,SYN-OBS-00435,620A7637-3BE2-7307-0000-000000000003,69F84508-D13B-4A83-0000-000000000003,1FC9E916-899C-6A96-0000-000000000087,,,,3,,,,SYNTHETIC — hackathon mock data,,,
436,351D935D-10A1-3BF2-0000-0000000001B4,SYN-OBS-00436,620A7637-3BE2-7307-0000-000000000004,69F84508-D13B-4A83-0000-000000000004,1FC9E916-899C-6A96-0000-000000000088,,,,1,,,,SYNTHETIC — hackathon mock data,,,
437,351D935D-10A1-3BF2-0000-0000000001B5,SYN-OBS-00437,620A7637-3BE2-7307-0000-000000000005,69F84508-D13B-4A83-0000-000000000005,1FC9E916-899C-6A96-0000-000000000089,,,,2,,,,SYNTHETIC — hackathon mock data,,,
438,351D935D-10A1-3BF2-0000-0000000001B6,SYN-OBS-00438,620A7637-3BE2-7307-0000-000000000006,69F84508-D13B-4A83-0000-000000000006,1FC9E916-899C-6A96-0000-00000000008A,,,,3,,,,SYNTHETIC — hackathon mock data,,,
439,351D935D-10A1-3BF2-0000-0000000001B7,SYN-OBS-00439,620A7637-3BE2-7307-0000-000000000007,69F84508-D13B-4A83-0000-000000000001,1FC9E916-899C-6A96-0000-00000000008B,,,,1,,,,SYNTHETIC — hackathon mock data,,,
440,351D935D-10A1-3BF2-0000-0000000001B8,SYN-OBS-00440,620A7637-3BE2-7307-0000-000000000008,69F84508-D13B-4A83-0000-000000000002,1FC9E916-899C-6A96-0000-00000000008C,,,,2,,,,SYNTHETIC — hackathon mock data,,,
441,351D935D-10A1-3BF2-0000-0000000001B9,SYN-OBS-00441,620A7637-3BE2-7307-0000-000000000009,69F84508-D13B-4A83-0000-000000000003,1FC9E916-899C-6A96-0000-00000000008D,,,,3,,,,SYNTHETIC — hackathon mock data,,,
442,351D935D-10A1-3BF2-0000-0000000001BA,SYN-OBS-00442,620A7637-3BE2-7307-0000-00000000000A,69F84508-D13B-4A83-0000-000000000004,1FC9E916-899C-6A96-0000-00000000008E,,,,1,,,,SYNTHETIC — hackathon mock data,,,
443,351D935D-10A1-3BF2-0000-0000000001BB,SYN-OBS-00443,620A7637-3BE2-7307-0000-00000000000B,69F84508-D13B-4A83-0000-000000000005,1FC9E916-899C-6A96-0000-00000000008F,,,,2,,,,SYNTHETIC — hackathon mock data,,,
444,351D935D-10A1-3BF2-0000-0000000001BC,SYN-OBS-00444,620A7637-3BE2-7307-0000-00000000000C,69F84508-D13B-4A83-0000-000000000006,1FC9E916-899C-6A96-0000-000000000090,,,,3,,,,SYNTHETIC — hackathon mock data,,,
445,351D935D-10A1-3BF2-0000-0000000001BD,SYN-OBS-00445,620A7637-3BE2-7307-0000-00000000000D,69F84508-D13B-4A83-0000-000000000001,1FC9E916-899C-6A96-0000-000000000091,,,,1,,,,SYNTHETIC — hackathon mock data,,,
446,351D935D-10A1-3BF2-0000-0000000001BE,SYN-OBS-00446,620A7637-3BE2-7307-0000-00000000000E,69F84508-D13B-4A83-0000-000000000002,1FC9E916-899C-6A96-0000-000000000092,,,,2,,,,SYNTHETIC — hackathon mock data,,,
447,351D935D-10A1-3BF2-0000-0000000001BF,SYN-OBS-00447,620A7637-3BE2-7307-0000-00000000000F,69F84508-D13B-4A83-0000-000000000003,1FC9E916-899C-6A96-0000-000000000093,,,,3,,,,SYNTHETIC — hackathon mock data,,,
448,351D935D-10A1-3BF2-0000-0000000001C0,SYN-OBS-00448,620A7637-3BE2-7307-0000-000000000010,69F84508-D13B-4A83-0000-000000000004,1FC9E916-899C-6A96-0000-000000000094,,,,1,,,,SYNTHETIC — hackathon mock data,,,
449,351D935D-10A1-3BF2-0000-0000000001C1,SYN-OBS-00449,620A7637-3BE2-7307-0000-000000000011,69F84508-D13B-4A83-0000-000000000005,1FC9E916-899C-6A96-0000-000000000095,,,,2,,,,SYNTHETIC — hackathon mock data,,,
450,351D935D-10A1-3BF2-0000-0000000001C2,SYN-OBS-00450,620A7637-3BE2-7307-0000-000000000012,69F84508-D13B-4A83-0000-000000000006,1FC9E916-899C-6A96-0000-000000000096,,,,3,,,,SYNTHETIC — hackathon mock data,,,
451,351D935D-10A1-3BF2-0000-0000000001C3,SYN-OBS-00451,620A7637-3BE2-7307-0000-000000000013,69F84508-D13B-4A83-0000-000000000001,1FC9E916-899C-6A96-0000-000000000001,,,,1,,,,SYNTHETIC — hackathon mock data,,,
452,351D935D-10A1-3BF2-0000-0000000001C4,SYN-OBS-00452,620A7637-3BE2-7307-0000-000000000014,69F84508-D13B-4A83-0000-000000000002,1FC9E916-899C-6A96-0000-000000000002,,,,2,,,,SYNTHETIC — hackathon mock data,,,
453,351D935D-10A1-3BF2-0000-0000000001C5,SYN-OBS-00453,620A7637-3BE2-7307-0000-000000000015,69F84508-D13B-4A83-0000-000000000003,1FC9E916-899C-6A96-0000-000000000003,,,,3,,,,SYNTHETIC — hackathon mock data,,,
454,351D935D-10A1-3BF2-0000-0000000001C6,SYN-OBS-00454,620A7637-3BE2-7307-0000-000000000016,69F84508-D13B-4A83-0000-000000000004,1FC9E916-899C-6A96-0000-000000000004,,,,1,,,,SYNTHETIC — hackathon mock data,,,
455,351D935D-10A1-3BF2-0000-0000000001C7,SYN-OBS-00455,620A7637-3BE2-7307-0000-000000000017,69F84508-D13B-4A83-0000-000000000005,1FC9E916-899C-6A96-0000-000000000005,,,,2,,,,SYNTHETIC — hackathon mock data,,,
456,351D935D-10A1-3BF2-0000-0000000001C8,SYN-OBS-00456,620A7637-3BE2-7307-0000-000000000018,69F84508-D13B-4A83-0000-000000000006,1FC9E916-899C-6A96-0000-000000000006,,,,3,,,,SYNTHETIC — hackathon mock data,,,
457,351D935D-10A1-3BF2-0000-0000000001C9,SYN-OBS-00457,620A7637-3BE2-7307-0000-000000000019,69F84508-D13B-4A83-0000-000000000001,1FC9E916-899C-6A96-0000-000000000007,,,,1,,,,SYNTHETIC — hackathon mock data,,,
458,351D935D-10A1-3BF2-0000-0000000001CA,SYN-OBS-00458,620A7637-3BE2-7307-0000-00000000001A,69F84508-D13B-4A83-0000-000000000002,1FC9E916-899C-6A96-0000-000000000008,,,,2,,,,SYNTHETIC — hackathon mock data,,,
459,351D935D-10A1-3BF2-0000-0000000001CB,SYN-OBS-00459,620A7637-3BE2-7307-0000-00000000001B,69F84508-D13B-4A83-0000-000000000003,1FC9E916-899C-6A96-0000-000000000009,,,,3,,,,SYNTHETIC — hackathon mock data,,,
460,351D935D-10A1-3BF2-0000-0000000001CC,SYN-OBS-00460,620A7637-3BE2-7307-0000-00000000001C,69F84508-D13B-4A83-0000-000000000004,1FC9E916-899C-6A96-0000-00000000000A,,,,1,,,,SYNTHETIC — hackathon mock data,,,
461,351D935D-10A1-3BF2-0000-0000000001CD,SYN-OBS-00461,620A7637-3BE2-7307-0000-00000000001D,69F84508-D13B-4A83-0000-000000000005,1FC9E916-899C-6A96-0000-00000000000B,,,,2,,,,SYNTHETIC — hackathon mock data,,,
462,351D935D-10A1-3BF2-0000-0000000001CE,SYN-OBS-00462,620A7637-3BE2-7307-0000-00000000001E,69F84508-D13B-4A83-0000-000000000006,1FC9E916-899C-6A96-0000-00000000000C,,,,3,,,,SYNTHETIC — hackathon mock data,,,
463,351D935D-10A1-3BF2-0000-0000000001CF,SYN-OBS-00463,620A7637-3BE2-7307-0000-00000000001F,69F84508-D13B-4A83-0000-000000000001,1FC9E916-899C-6A96-0000-00000000000D,,,,1,,,,SYNTHETIC — hackathon mock data,,,
464,351D935D-10A1-3BF2-0000-0000000001D0,SYN-OBS-00464,620A7637-3BE2-7307-0000-000000000020,69F84508-D13B-4A83-0000-000000000002,1FC9E916-899C-6A96-0000-00000000000E,,,,2,,,,SYNTHETIC — hackathon mock data,,,
465,351D935D-10A1-3BF2-0000-0000000001D1,SYN-OBS-00465,620A7637-3BE2-7307-0000-000000000021,69F84508-D13B-4A83-0000-000000000003,1FC9E916-899C-6A96-0000-00000000000F,,,,3,,,,SYNTHETIC — hackathon mock data,,,
466,351D935D-10A1-3BF2-0000-0000000001D2,SYN-OBS-00466,620A7637-3BE2-7307-0000-000000000022,69F84508-D13B-4A83-0000-000000000004,1FC9E916-899C-6A96-0000-000000000010,,,,1,,,,SYNTHETIC — hackathon mock data,,,
467,351D935D-10A1-3BF2-0000-0000000001D3,SYN-OBS-00467,620A7637-3BE2-7307-0000-000000000023,69F84508-D13B-4A83-0000-000000000005,1FC9E916-899C-6A96-0000-000000000011,,,,2,,,,SYNTHETIC — hackathon mock data,,,
468,351D935D-10A1-3BF2-0000-0000000001D4,SYN-OBS-00468,620A7637-3BE2-7307-0000-000000000024,69F84508-D13B-4A83-0000-000000000006,1FC9E916-899C-6A96-0000-000000000012,,,,3,,,,SYNTHETIC — hackathon mock data,,,
469,351D935D-10A1-3BF2-0000-0000000001D5,SYN-OBS-00469,620A7637-3BE2-7307-0000-000000000025,69F84508-D13B-4A83-0000-000000000001,1FC9E916-899C-6A96-0000-000000000013,,,,1,,,,SYNTHETIC — hackathon mock data,,,
470,351D935D-10A1-3BF2-0000-0000000001D6,SYN-OBS-00470,620A7637-3BE2-7307-0000-000000000026,69F84508-D13B-4A83-0000-000000000002,1FC9E916-899C-6A96-0000-000000000014,,,,2,,,,SYNTHETIC — hackathon mock data,,,
471,351D935D-10A1-3BF2-0000-0000000001D7,SYN-OBS-00471,620A7637-3BE2-7307-0000-000000000027,69F84508-D13B-4A83-0000-000000000003,1FC9E916-899C-6A96-0000-000000000015,,,,3,,,,SYNTHETIC — hackathon mock data,,,
472,351D935D-10A1-3BF2-0000-0000000001D8,SYN-OBS-00472,620A7637-3BE2-7307-0000-000000000028,69F84508-D13B-4A83-0000-000000000004,1FC9E916-899C-6A96-0000-000000000016,,,,1,,,,SYNTHETIC — hackathon mock data,,,
473,351D935D-10A1-3BF2-0000-0000000001D9,SYN-OBS-00473,620A7637-3BE2-7307-0000-000000000029,69F84508-D13B-4A83-0000-000000000005,1FC9E916-899C-6A96-0000-000000000017,,,,2,,,,SYNTHETIC — hackathon mock data,,,
474,351D935D-10A1-3BF2-0000-0000000001DA,SYN-OBS-00474,620A7637-3BE2-7307-0000-00000000002A,69F84508-D13B-4A83-0000-000000000006,1FC9E916-899C-6A96-0000-000000000018,,,,3,,,,SYNTHETIC — hackathon mock data,,,
475,351D935D-10A1-3BF2-0000-0000000001DB,SYN-OBS-00475,620A7637-3BE2-7307-0000-00000000002B,69F84508-D13B-4A83-0000-000000000001,1FC9E916-899C-6A96-0000-000000000019,,,,1,,,,SYNTHETIC — hackathon mock data,,,
476,351D935D-10A1-3BF2-0000-0000000001DC,SYN-OBS-00476,620A7637-3BE2-7307-0000-00000000002C,69F84508-D13B-4A83-0000-000000000002,1FC9E916-899C-6A96-0000-00000000001A,,,,2,,,,SYNTHETIC — hackathon mock data,,,
477,351D935D-10A1-3BF2-0000-0000000001DD,SYN-OBS-00477,620A7637-3BE2-7307-0000-00000000002D,69F84508-D13B-4A83-0000-000000000003,1FC9E916-899C-6A96-0000-00000000001B,,,,3,,,,SYNTHETIC — hackathon mock data,,,
478,351D935D-10A1-3BF2-0000-0000000001DE,SYN-OBS-00478,620A7637-3BE2-7307-0000-00000000002E,69F84508-D13B-4A83-0000-000000000004,1FC9E916-899C-6A96-0000-00000000001C,,,,1,,,,SYNTHETIC — hackathon mock data,,,
479,351D935D-10A1-3BF2-0000-0000000001DF,SYN-OBS-00479,620A7637-3BE2-7307-0000-00000000002F,69F84508-D13B-4A83-0000-000000000005,1FC9E916-899C-6A96-0000-00000000001D,,,,2,,,,SYNTHETIC — hackathon mock data,,,
480,351D935D-10A1-3BF2-0000-0000000001E0,SYN-OBS-00480,620A7637-3BE2-7307-0000-000000000030,69F84508-D13B-4A83-0000-000000000006,1FC9E916-899C-6A96-0000-00000000001E,,,,3,,,,SYNTHETIC — hackathon mock data,,,
481,351D935D-10A1-3BF2-0000-0000000001E1,SYN-OBS-00481,620A7637-3BE2-7307-0000-000000000031,69F84508-D13B-4A83-0000-000000000001,1FC9E916-899C-6A96-0000-00000000001F,,,,1,,,,SYNTHETIC — hackathon mock data,,,
482,351D935D-10A1-3BF2-0000-0000000001E2,SYN-OBS-00482,620A7637-3BE2-7307-0000-000000000032,69F84508-D13B-4A83-0000-000000000002,1FC9E916-899C-6A96-0000-000000000020,,,,2,,,,SYNTHETIC — hackathon mock data,,,
483,351D935D-10A1-3BF2-0000-0000000001E3,SYN-OBS-00483,620A7637-3BE2-7307-0000-000000000033,69F84508-D13B-4A83-0000-000000000003,1FC9E916-899C-6A96-0000-000000000021,,,,3,,,,SYNTHETIC — hackathon mock data,,,
484,351D935D-10A1-3BF2-0000-0000000001E4,SYN-OBS-00484,620A7637-3BE2-7307-0000-000000000034,69F84508-D13B-4A83-0000-000000000004,1FC9E916-899C-6A96-0000-000000000022,,,,1,,,,SYNTHETIC — hackathon mock data,,,
485,351D935D-10A1-3BF2-0000-0000000001E5,SYN-OBS-00485,620A7637-3BE2-7307-0000-000000000035,69F84508-D13B-4A83-0000-000000000005,1FC9E916-899C-6A96-0000-000000000023,,,,2,,,,SYNTHETIC — hackathon mock data,,,
486,351D935D-10A1-3BF2-0000-0000000001E6,SYN-OBS-00486,620A7637-3BE2-7307-0000-000000000036,69F84508-D13B-4A83-0000-000000000006,1FC9E916-899C-6A96-0000-000000000024,,,,3,,,,SYNTHETIC — hackathon mock data,,,
487,351D935D-10A1-3BF2-0000-0000000001E7,SYN-OBS-00487,620A7637-3BE2-7307-0000-000000000037,69F84508-D13B-4A83-0000-000000000001,1FC9E916-899C-6A96-0000-000000000025,,,,1,,,,SYNTHETIC — hackathon mock data,,,
488,351D935D-10A1-3BF2-0000-0000000001E8,SYN-OBS-00488,620A7637-3BE2-7307-0000-000000000038,69F84508-D13B-4A83-0000-000000000002,1FC9E916-899C-6A96-0000-000000000026,,,,2,,,,SYNTHETIC — hackathon mock data,,,
489,351D935D-10A1-3BF2-0000-0000000001E9,SYN-OBS-00489,620A7637-3BE2-7307-0000-000000000039,69F84508-D13B-4A83-0000-000000000003,1FC9E916-899C-6A96-0000-000000000027,,,,3,,,,SYNTHETIC — hackathon mock data,,,
490,351D935D-10A1-3BF2-0000-0000000001EA,SYN-OBS-00490,620A7637-3BE2-7307-0000-00000000003A,69F84508-D13B-4A83-0000-000000000004,1FC9E916-899C-6A96-0000-000000000028,,,,1,,,,SYNTHETIC — hackathon mock data,,,
491,351D935D-10A1-3BF2-0000-0000000001EB,SYN-OBS-00491,620A7637-3BE2-7307-0000-00000000003B,69F84508-D13B-4A83-0000-000000000005,1FC9E916-899C-6A96-0000-000000000029,,,,2,,,,SYNTHETIC — hackathon mock data,,,
492,351D935D-10A1-3BF2-0000-0000000001EC,SYN-OBS-00492,620A7637-3BE2-7307-0000-00000000003C,69F84508-D13B-4A83-0000-000000000006,1FC9E916-899C-6A96-0000-00000000002A,,,,3,,,,SYNTHETIC — hackathon mock data,,,
493,351D935D-10A1-3BF2-0000-0000000001ED,SYN-OBS-00493,620A7637-3BE2-7307-0000-00000000003D,69F84508-D13B-4A83-0000-000000000001,1FC9E916-899C-6A96-0000-00000000002B,,,,1,,,,SYNTHETIC — hackathon mock data,,,
494,351D935D-10A1-3BF2-0000-0000000001EE,SYN-OBS-00494,620A7637-3BE2-7307-0000-00000000003E,69F84508-D13B-4A83-0000-000000000002,1FC9E916-899C-6A96-0000-00000000002C,,,,2,,,,SYNTHETIC — hackathon mock data,,,
495,351D935D-10A1-3BF2-0000-0000000001EF,SYN-OBS-00495,620A7637-3BE2-7307-0000-00000000003F,69F84508-D13B-4A83-0000-000000000003,1FC9E916-899C-6A96-0000-00000000002D,,,,3,,,,SYNTHETIC — hackathon mock data,,,
496,351D935D-10A1-3BF2-0000-0000000001F0,SYN-OBS-00496,620A7637-3BE2-7307-0000-000000000040,69F84508-D13B-4A83-0000-000000000004,1FC9E916-899C-6A96-0000-00000000002E,,,,1,,,,SYNTHETIC — hackathon mock data,,,
497,351D935D-10A1-3BF2-0000-0000000001F1,SYN-OBS-00497,620A7637-3BE2-7307-0000-000000000041,69F84508-D13B-4A83-0000-000000000005,1FC9E916-899C-6A96-0000-00000000002F,,,,2,,,,SYNTHETIC — hackathon mock data,,,
498,351D935D-10A1-3BF2-0000-0000000001F2,SYN-OBS-00498,620A7637-3BE2-7307-0000-000000000042,69F84508-D13B-4A83-0000-000000000006,1FC9E916-899C-6A96-0000-000000000030,,,,3,,,,SYNTHETIC — hackathon mock data,,,
499,351D935D-10A1-3BF2-0000-0000000001F3,SYN-OBS-00499,620A7637-3BE2-7307-0000-000000000043,69F84508-D13B-4A83-0000-000000000001,1FC9E916-899C-6A96-0000-000000000031,,,,1,,,,SYNTHETIC — hackathon mock data,,,
500,351D935D-10A1-3BF2-0000-0000000001F4,SYN-OBS-00500,620A7637-3BE2-7307-0000-000000000044,69F84508-D13B-4A83-0000-000000000002,1FC9E916-899C-6A96-0000-000000000032,,,,2,,,,SYNTHETIC — hackathon mock data,,,
501,351D935D-10A1-3BF2-0000-0000000001F5,SYN-OBS-00501,620A7637-3BE2-7307-0000-000000000045,69F84508-D13B-4A83-0000-000000000003,1FC9E916-899C-6A96-0000-000000000033,,,,3,,,,SYNTHETIC — hackathon mock data,,,
502,351D935D-10A1-3BF2-0000-0000000001F6,SYN-OBS-00502,620A7637-3BE2-7307-0000-000000000046,69F84508-D13B-4A83-0000-000000000004,1FC9E916-899C-6A96-0000-000000000034,,,,1,,,,SYNTHETIC — hackathon mock data,,,
503,351D935D-10A1-3BF2-0000-0000000001F7,SYN-OBS-00503,620A7637-3BE2-7307-0000-000000000047,69F84508-D13B-4A83-0000-000000000005,1FC9E916-899C-6A96-0000-000000000035,,,,2,,,,SYNTHETIC — hackathon mock data,,,
504,351D935D-10A1-3BF2-0000-0000000001F8,SYN-OBS-00504,620A7637-3BE2-7307-0000-000000000048,69F84508-D13B-4A83-0000-000000000006,1FC9E916-899C-6A96-0000-000000000036,,,,3,,,,SYNTHETIC — hackathon mock data,,,
505,351D935D-10A1-3BF2-0000-0000000001F9,SYN-OBS-00505,620A7637-3BE2-7307-0000-000000000001,69F84508-D13B-4A83-0000-000000000001,1FC9E916-899C-6A96-0000-000000000037,,,,1,,,,SYNTHETIC — hackathon mock data,,,
506,351D935D-10A1-3BF2-0000-0000000001FA,SYN-OBS-00506,620A7637-3BE2-7307-0000-000000000002,69F84508-D13B-4A83-0000-000000000002,1FC9E916-899C-6A96-0000-000000000038,,,,2,,,,SYNTHETIC — hackathon mock data,,,
507,351D935D-10A1-3BF2-0000-0000000001FB,SYN-OBS-00507,620A7637-3BE2-7307-0000-000000000003,69F84508-D13B-4A83-0000-000000000003,1FC9E916-899C-6A96-0000-000000000039,,,,3,,,,SYNTHETIC — hackathon mock data,,,
508,351D935D-10A1-3BF2-0000-0000000001FC,SYN-OBS-00508,620A7637-3BE2-7307-0000-000000000004,69F84508-D13B-4A83-0000-000000000004,1FC9E916-899C-6A96-0000-00000000003A,,,,1,,,,SYNTHETIC — hackathon mock data,,,
509,351D935D-10A1-3BF2-0000-0000000001FD,SYN-OBS-00509,620A7637-3BE2-7307-0000-000000000005,69F84508-D13B-4A83-0000-000000000005,1FC9E916-899C-6A96-0000-00000000003B,,,,2,,,,SYNTHETIC — hackathon mock data,,,
510,351D935D-10A1-3BF2-0000-0000000001FE,SYN-OBS-00510,620A7637-3BE2-7307-0000-000000000006,69F84508-D13B-4A83-0000-000000000006,1FC9E916-899C-6A96-0000-00000000003C,,,,3,,,,SYNTHETIC — hackathon mock data,,,
511,351D935D-10A1-3BF2-0000-0000000001FF,SYN-OBS-00511,620A7637-3BE2-7307-0000-000000000007,69F84508-D13B-4A83-0000-000000000001,1FC9E916-899C-6A96-0000-00000000003D,,,,1,,,,SYNTHETIC — hackathon mock data,,,
512,351D935D-10A1-3BF2-0000-000000000200,SYN-OBS-00512,620A7637-3BE2-7307-0000-000000000008,69F84508-D13B-4A83-0000-000000000002,1FC9E916-899C-6A96-0000-00000000003E,,,,2,,,,SYNTHETIC — hackathon mock data,,,
513,351D935D-10A1-3BF2-0000-000000000201,SYN-OBS-00513,620A7637-3BE2-7307-0000-000000000009,69F84508-D13B-4A83-0000-000000000003,1FC9E916-899C-6A96-0000-00000000003F,,,,3,,,,SYNTHETIC — hackathon mock data,,,
514,351D935D-10A1-3BF2-0000-000000000202,SYN-OBS-00514,620A7637-3BE2-7307-0000-00000000000A,69F84508-D13B-4A83-0000-000000000004,1FC9E916-899C-6A96-0000-000000000040,,,,1,,,,SYNTHETIC — hackathon mock data,,,
515,351D935D-10A1-3BF2-0000-000000000203,SYN-OBS-00515,620A7637-3BE2-7307-0000-00000000000B,69F84508-D13B-4A83-0000-000000000005,1FC9E916-899C-6A96-0000-000000000041,,,,2,,,,SYNTHETIC — hackathon mock data,,,
516,351D935D-10A1-3BF2-0000-000000000204,SYN-OBS-00516,620A7637-3BE2-7307-0000-00000000000C,69F84508-D13B-4A83-0000-000000000006,1FC9E916-899C-6A96-0000-000000000042,,,,3,,,,SYNTHETIC — hackathon mock data,,,
517,351D935D-10A1-3BF2-0000-000000000205,SYN-OBS-00517,620A7637-3BE2-7307-0000-00000000000D,69F84508-D13B-4A83-0000-000000000001,1FC9E916-899C-6A96-0000-000000000043,,,,1,,,,SYNTHETIC — hackathon mock data,,,
518,351D935D-10A1-3BF2-0000-000000000206,SYN-OBS-00518,620A7637-3BE2-7307-0000-00000000000E,69F84508-D13B-4A83-0000-000000000002,1FC9E916-899C-6A96-0000-000000000044,,,,2,,,,SYNTHETIC — hackathon mock data,,,
519,351D935D-10A1-3BF2-0000-000000000207,SYN-OBS-00519,620A7637-3BE2-7307-0000-00000000000F,69F84508-D13B-4A83-0000-000000000003,1FC9E916-899C-6A96-0000-000000000045,,,,3,,,,SYNTHETIC — hackathon mock data,,,
520,351D935D-10A1-3BF2-0000-000000000208,SYN-OBS-00520,620A7637-3BE2-7307-0000-000000000010,69F84508-D13B-4A83-0000-000000000004,1FC9E916-899C-6A96-0000-000000000046,,,,1,,,,SYNTHETIC — hackathon mock data,,,
521,351D935D-10A1-3BF2-0000-000000000209,SYN-OBS-00521,620A7637-3BE2-7307-0000-000000000011,69F84508-D13B-4A83-0000-000000000005,1FC9E916-899C-6A96-0000-000000000047,,,,2,,,,SYNTHETIC — hackathon mock data,,,
522,351D935D-10A1-3BF2-0000-00000000020A,SYN-OBS-00522,620A7637-3BE2-7307-0000-000000000012,69F84508-D13B-4A83-0000-000000000006,1FC9E916-899C-6A96-0000-000000000048,,,,3,,,,SYNTHETIC — hackathon mock data,,,
523,351D935D-10A1-3BF2-0000-00000000020B,SYN-OBS-00523,620A7637-3BE2-7307-0000-000000000013,69F84508-D13B-4A83-0000-000000000001,1FC9E916-899C-6A96-0000-000000000049,,,,1,,,,SYNTHETIC — hackathon mock data,,,
524,351D935D-10A1-3BF2-0000-00000000020C,SYN-OBS-00524,620A7637-3BE2-7307-0000-000000000014,69F84508-D13B-4A83-0000-000000000002,1FC9E916-899C-6A96-0000-00000000004A,,,,2,,,,SYNTHETIC — hackathon mock data,,,
525,351D935D-10A1-3BF2-0000-00000000020D,SYN-OBS-00525,620A7637-3BE2-7307-0000-000000000015,69F84508-D13B-4A83-0000-000000000003,1FC9E916-899C-6A96-0000-00000000004B,,,,3,,,,SYNTHETIC — hackathon mock data,,,
526,351D935D-10A1-3BF2-0000-00000000020E,SYN-OBS-00526,620A7637-3BE2-7307-0000-000000000016,69F84508-D13B-4A83-0000-000000000004,1FC9E916-899C-6A96-0000-00000000004C,,,,1,,,,SYNTHETIC — hackathon mock data,,,
527,351D935D-10A1-3BF2-0000-00000000020F,SYN-OBS-00527,620A7637-3BE2-7307-0000-000000000017,69F84508-D13B-4A83-0000-000000000005,1FC9E916-899C-6A96-0000-00000000004D,,,,2,,,,SYNTHETIC — hackathon mock data,,,
528,351D935D-10A1-3BF2-0000-000000000210,SYN-OBS-00528,620A7637-3BE2-7307-0000-000000000018,69F84508-D13B-4A83-0000-000000000006,1FC9E916-899C-6A96-0000-00000000004E,,,,3,,,,SYNTHETIC — hackathon mock data,,,
529,351D935D-10A1-3BF2-0000-000000000211,SYN-OBS-00529,620A7637-3BE2-7307-0000-000000000019,69F84508-D13B-4A83-0000-000000000001,1FC9E916-899C-6A96-0000-00000000004F,,,,1,,,,SYNTHETIC — hackathon mock data,,,
530,351D935D-10A1-3BF2-0000-000000000212,SYN-OBS-00530,620A7637-3BE2-7307-0000-00000000001A,69F84508-D13B-4A83-0000-000000000002,1FC9E916-899C-6A96-0000-000000000050,,,,2,,,,SYNTHETIC — hackathon mock data,,,
531,351D935D-10A1-3BF2-0000-000000000213,SYN-OBS-00531,620A7637-3BE2-7307-0000-00000000001B,69F84508-D13B-4A83-0000-000000000003,1FC9E916-899C-6A96-0000-000000000051,,,,3,,,,SYNTHETIC — hackathon mock data,,,
532,351D935D-10A1-3BF2-0000-000000000214,SYN-OBS-00532,620A7637-3BE2-7307-0000-00000000001C,69F84508-D13B-4A83-0000-000000000004,1FC9E916-899C-6A96-0000-000000000052,,,,1,,,,SYNTHETIC — hackathon mock data,,,
533,351D935D-10A1-3BF2-0000-000000000215,SYN-OBS-00533,620A7637-3BE2-7307-0000-00000000001D,69F84508-D13B-4A83-0000-000000000005,1FC9E916-899C-6A96-0000-000000000053,,,,2,,,,SYNTHETIC — hackathon mock data,,,
534,351D935D-10A1-3BF2-0000-000000000216,SYN-OBS-00534,620A7637-3BE2-7307-0000-00000000001E,69F84508-D13B-4A83-0000-000000000006,1FC9E916-899C-6A96-0000-000000000054,,,,3,,,,SYNTHETIC — hackathon mock data,,,
535,351D935D-10A1-3BF2-0000-000000000217,SYN-OBS-00535,620A7637-3BE2-7307-0000-00000000001F,69F84508-D13B-4A83-0000-000000000001,1FC9E916-899C-6A96-0000-000000000055,,,,1,,,,SYNTHETIC — hackathon mock data,,,
536,351D935D-10A1-3BF2-0000-000000000218,SYN-OBS-00536,620A7637-3BE2-7307-0000-000000000020,69F84508-D13B-4A83-0000-000000000002,1FC9E916-899C-6A96-0000-000000000056,,,,2,,,,SYNTHETIC — hackathon mock data,,,
537,351D935D-10A1-3BF2-0000-000000000219,SYN-OBS-00537,620A7637-3BE2-7307-0000-000000000021,69F84508-D13B-4A83-0000-000000000003,1FC9E916-899C-6A96-0000-000000000057,,,,3,,,,SYNTHETIC — hackathon mock data,,,
538,351D935D-10A1-3BF2-0000-00000000021A,SYN-OBS-00538,620A7637-3BE2-7307-0000-000000000022,69F84508-D13B-4A83-0000-000000000004,1FC9E916-899C-6A96-0000-000000000058,,,,1,,,,SYNTHETIC — hackathon mock data,,,
539,351D935D-10A1-3BF2-0000-00000000021B,SYN-OBS-00539,620A7637-3BE2-7307-0000-000000000023,69F84508-D13B-4A83-0000-000000000005,1FC9E916-899C-6A96-0000-000000000059,,,,2,,,,SYNTHETIC — hackathon mock data,,,
540,351D935D-10A1-3BF2-0000-00000000021C,SYN-OBS-00540,620A7637-3BE2-7307-0000-000000000024,69F84508-D13B-4A83-0000-000000000006,1FC9E916-899C-6A96-0000-00000000005A,,,,3,,,,SYNTHETIC — hackathon mock data,,,
541,351D935D-10A1-3BF2-0000-00000000021D,SYN-OBS-00541,620A7637-3BE2-7307-0000-000000000025,69F84508-D13B-4A83-0000-000000000001,1FC9E916-899C-6A96-0000-00000000005B,,,,1,,,,SYNTHETIC — hackathon mock data,,,
542,351D935D-10A1-3BF2-0000-00000000021E,SYN-OBS-00542,620A7637-3BE2-7307-0000-000000000026,69F84508-D13B-4A83-0000-000000000002,1FC9E916-899C-6A96-0000-00000000005C,,,,2,,,,SYNTHETIC — hackathon mock data,,,
543,351D935D-10A1-3BF2-0000-00000000021F,SYN-OBS-00543,620A7637-3BE2-7307-0000-000000000027,69F84508-D13B-4A83-0000-000000000003,1FC9E916-899C-6A96-0000-00000000005D,,,,3,,,,SYNTHETIC — hackathon mock data,,,
544,351D935D-10A1-3BF2-0000-000000000220,SYN-OBS-00544,620A7637-3BE2-7307-0000-000000000028,69F84508-D13B-4A83-0000-000000000004,1FC9E916-899C-6A96-0000-00000000005E,,,,1,,,,SYNTHETIC — hackathon mock data,,,
545,351D935D-10A1-3BF2-0000-000000000221,SYN-OBS-00545,620A7637-3BE2-7307-0000-000000000029,69F84508-D13B-4A83-0000-000000000005,1FC9E916-899C-6A96-0000-00000000005F,,,,2,,,,SYNTHETIC — hackathon mock data,,,
546,351D935D-10A1-3BF2-0000-000000000222,SYN-OBS-00546,620A7637-3BE2-7307-0000-00000000002A,69F84508-D13B-4A83-0000-000000000006,1FC9E916-899C-6A96-0000-000000000060,,,,3,,,,SYNTHETIC — hackathon mock data,,,
547,351D935D-10A1-3BF2-0000-000000000223,SYN-OBS-00547,620A7637-3BE2-7307-0000-00000000002B,69F84508-D13B-4A83-0000-000000000001,1FC9E916-899C-6A96-0000-000000000061,,,,1,,,,SYNTHETIC — hackathon mock data,,,
548,351D935D-10A1-3BF2-0000-000000000224,SYN-OBS-00548,620A7637-3BE2-7307-0000-00000000002C,69F84508-D13B-4A83-0000-000000000002,1FC9E916-899C-6A96-0000-000000000062,,,,2,,,,SYNTHETIC — hackathon mock data,,,
549,351D935D-10A1-3BF2-0000-000000000225,SYN-OBS-00549,620A7637-3BE2-7307-0000-00000000002D,69F84508-D13B-4A83-0000-000000000003,1FC9E916-899C-6A96-0000-000000000063,,,,3,,,,SYNTHETIC — hackathon mock data,,,
550,351D935D-10A1-3BF2-0000-000000000226,SYN-OBS-00550,620A7637-3BE2-7307-0000-00000000002E,69F84508-D13B-4A83-0000-000000000004,1FC9E916-899C-6A96-0000-000000000064,,,,1,,,,SYNTHETIC — hackathon mock data,,,
551,351D935D-10A1-3BF2-0000-000000000227,SYN-OBS-00551,620A7637-3BE2-7307-0000-00000000002F,69F84508-D13B-4A83-0000-000000000005,1FC9E916-899C-6A96-0000-000000000065,,,,2,,,,SYNTHETIC — hackathon mock data,,,
552,351D935D-10A1-3BF2-0000-000000000228,SYN-OBS-00552,620A7637-3BE2-7307-0000-000000000030,69F84508-D13B-4A83-0000-000000000006,1FC9E916-899C-6A96-0000-000000000066,,,,3,,,,SYNTHETIC — hackathon mock data,,,
553,351D935D-10A1-3BF2-0000-000000000229,SYN-OBS-00553,620A7637-3BE2-7307-0000-000000000031,69F84508-D13B-4A83-0000-000000000001,1FC9E916-899C-6A96-0000-000000000067,,,,1,,,,SYNTHETIC — hackathon mock data,,,
554,351D935D-10A1-3BF2-0000-00000000022A,SYN-OBS-00554,620A7637-3BE2-7307-0000-000000000032,69F84508-D13B-4A83-0000-000000000002,1FC9E916-899C-6A96-0000-000000000068,,,,2,,,,SYNTHETIC — hackathon mock data,,,
555,351D935D-10A1-3BF2-0000-00000000022B,SYN-OBS-00555,620A7637-3BE2-7307-0000-000000000033,69F84508-D13B-4A83-0000-000000000003,1FC9E916-899C-6A96-0000-000000000069,,,,3,,,,SYNTHETIC — hackathon mock data,,,
556,351D935D-10A1-3BF2-0000-00000000022C,SYN-OBS-00556,620A7637-3BE2-7307-0000-000000000034,69F84508-D13B-4A83-0000-000000000004,1FC9E916-899C-6A96-0000-00000000006A,,,,1,,,,SYNTHETIC — hackathon mock data,,,
557,351D935D-10A1-3BF2-0000-00000000022D,SYN-OBS-00557,620A7637-3BE2-7307-0000-000000000035,69F84508-D13B-4A83-0000-000000000005,1FC9E916-899C-6A96-0000-00000000006B,,,,2,,,,SYNTHETIC — hackathon mock data,,,
558,351D935D-10A1-3BF2-0000-00000000022E,SYN-OBS-00558,620A7637-3BE2-7307-0000-000000000036,69F84508-D13B-4A83-0000-000000000006,1FC9E916-899C-6A96-0000-00000000006C,,,,3,,,,SYNTHETIC — hackathon mock data,,,
559,351D935D-10A1-3BF2-0000-00000000022F,SYN-OBS-00559,620A7637-3BE2-7307-0000-000000000037,69F84508-D13B-4A83-0000-000000000001,1FC9E916-899C-6A96-0000-00000000006D,,,,1,,,,SYNTHETIC — hackathon mock data,,,
560,351D935D-10A1-3BF2-0000-000000000230,SYN-OBS-00560,620A7637-3BE2-7307-0000-000000000038,69F84508-D13B-4A83-0000-000000000002,1FC9E916-899C-6A96-0000-00000000006E,,,,2,,,,SYNTHETIC — hackathon mock data,,,
561,351D935D-10A1-3BF2-0000-000000000231,SYN-OBS-00561,620A7637-3BE2-7307-0000-000000000039,69F84508-D13B-4A83-0000-000000000003,1FC9E916-899C-6A96-0000-00000000006F,,,,3,,,,SYNTHETIC — hackathon mock data,,,
562,351D935D-10A1-3BF2-0000-000000000232,SYN-OBS-00562,620A7637-3BE2-7307-0000-00000000003A,69F84508-D13B-4A83-0000-000000000004,1FC9E916-899C-6A96-0000-000000000070,,,,1,,,,SYNTHETIC — hackathon mock data,,,
563,351D935D-10A1-3BF2-0000-000000000233,SYN-OBS-00563,620A7637-3BE2-7307-0000-00000000003B,69F84508-D13B-4A83-0000-000000000005,1FC9E916-899C-6A96-0000-000000000071,,,,2,,,,SYNTHETIC — hackathon mock data,,,
564,351D935D-10A1-3BF2-0000-000000000234,SYN-OBS-00564,620A7637-3BE2-7307-0000-00000000003C,69F84508-D13B-4A83-0000-000000000006,1FC9E916-899C-6A96-0000-000000000072,,,,3,,,,SYNTHETIC — hackathon mock data,,,
565,351D935D-10A1-3BF2-0000-000000000235,SYN-OBS-00565,620A7637-3BE2-7307-0000-00000000003D,69F84508-D13B-4A83-0000-000000000001,1FC9E916-899C-6A96-0000-000000000073,,,,1,,,,SYNTHETIC — hackathon mock data,,,
566,351D935D-10A1-3BF2-0000-000000000236,SYN-OBS-00566,620A7637-3BE2-7307-0000-00000000003E,69F84508-D13B-4A83-0000-000000000002,1FC9E916-899C-6A96-0000-000000000074,,,,2,,,,SYNTHETIC — hackathon mock data,,,
567,351D935D-10A1-3BF2-0000-000000000237,SYN-OBS-00567,620A7637-3BE2-7307-0000-00000000003F,69F84508-D13B-4A83-0000-000000000003,1FC9E916-899C-6A96-0000-000000000075,,,,3,,,,SYNTHETIC — hackathon mock data,,,
568,351D935D-10A1-3BF2-0000-000000000238,SYN-OBS-00568,620A7637-3BE2-7307-0000-000000000040,69F84508-D13B-4A83-0000-000000000004,1FC9E916-899C-6A96-0000-000000000076,,,,1,,,,SYNTHETIC — hackathon mock data,,,
569,351D935D-10A1-3BF2-0000-000000000239,SYN-OBS-00569,620A7637-3BE2-7307-0000-000000000041,69F84508-D13B-4A83-0000-000000000005,1FC9E916-899C-6A96-0000-000000000077,,,,2,,,,SYNTHETIC — hackathon mock data,,,
570,351D935D-10A1-3BF2-0000-00000000023A,SYN-OBS-00570,620A7637-3BE2-7307-0000-000000000042,69F84508-D13B-4A83-0000-000000000006,1FC9E916-899C-6A96-0000-000000000078,,,,3,,,,SYNTHETIC — hackathon mock data,,,
571,351D935D-10A1-3BF2-0000-00000000023B,SYN-OBS-00571,620A7637-3BE2-7307-0000-000000000043,69F84508-D13B-4A83-0000-000000000001,1FC9E916-899C-6A96-0000-000000000079,,,,1,,,,SYNTHETIC — hackathon mock data,,,
572,351D935D-10A1-3BF2-0000-00000000023C,SYN-OBS-00572,620A7637-3BE2-7307-0000-000000000044,69F84508-D13B-4A83-0000-000000000002,1FC9E916-899C-6A96-0000-00000000007A,,,,2,,,,SYNTHETIC — hackathon mock data,,,
573,351D935D-10A1-3BF2-0000-00000000023D,SYN-OBS-00573,620A7637-3BE2-7307-0000-000000000045,69F84508-D13B-4A83-0000-000000000003,1FC9E916-899C-6A96-0000-00000000007B,,,,3,,,,SYNTHETIC — hackathon mock data,,,
574,351D935D-10A1-3BF2-0000-00000000023E,SYN-OBS-00574,620A7637-3BE2-7307-0000-000000000046,69F84508-D13B-4A83-0000-000000000004,1FC9E916-899C-6A96-0000-00000000007C,,,,1,,,,SYNTHETIC — hackathon mock data,,,
575,351D935D-10A1-3BF2-0000-00000000023F,SYN-OBS-00575,620A7637-3BE2-7307-0000-000000000047,69F84508-D13B-4A83-0000-000000000005,1FC9E916-899C-6A96-0000-00000000007D,,,,2,,,,SYNTHETIC — hackathon mock data,,,
576,351D935D-10A1-3BF2-0000-000000000240,SYN-OBS-00576,620A7637-3BE2-7307-0000-000000000048,69F84508-D13B-4A83-0000-000000000006,1FC9E916-899C-6A96-0000-00000000007E,,,,3,,,,SYNTHETIC — hackathon mock data,,,
577,351D935D-10A1-3BF2-0000-000000000241,SYN-OBS-00577,620A7637-3BE2-7307-0000-000000000001,69F84508-D13B-4A83-0000-000000000001,1FC9E916-899C-6A96-0000-00000000007F,,,,1,,,,SYNTHETIC — hackathon mock data,,,
578,351D935D-10A1-3BF2-0000-000000000242,SYN-OBS-00578,620A7637-3BE2-7307-0000-000000000002,69F84508-D13B-4A83-0000-000000000002,1FC9E916-899C-6A96-0000-000000000080,,,,2,,,,SYNTHETIC — hackathon mock data,,,
579,351D935D-10A1-3BF2-0000-000000000243,SYN-OBS-00579,620A7637-3BE2-7307-0000-000000000003,69F84508-D13B-4A83-0000-000000000003,1FC9E916-899C-6A96-0000-000000000081,,,,3,,,,SYNTHETIC — hackathon mock data,,,
580,351D935D-10A1-3BF2-0000-000000000244,SYN-OBS-00580,620A7637-3BE2-7307-0000-000000000004,69F84508-D13B-4A83-0000-000000000004,1FC9E916-899C-6A96-0000-000000000082,,,,1,,,,SYNTHETIC — hackathon mock data,,,
581,351D935D-10A1-3BF2-0000-000000000245,SYN-OBS-00581,620A7637-3BE2-7307-0000-000000000005,69F84508-D13B-4A83-0000-000000000005,1FC9E916-899C-6A96-0000-000000000083,,,,2,,,,SYNTHETIC — hackathon mock data,,,
582,351D935D-10A1-3BF2-0000-000000000246,SYN-OBS-00582,620A7637-3BE2-7307-0000-000000000006,69F84508-D13B-4A83-0000-000000000006,1FC9E916-899C-6A96-0000-000000000084,,,,3,,,,SYNTHETIC — hackathon mock data,,,
583,351D935D-10A1-3BF2-0000-000000000247,SYN-OBS-00583,620A7637-3BE2-7307-0000-000000000007,69F84508-D13B-4A83-0000-000000000001,1FC9E916-899C-6A96-0000-000000000085,,,,1,,,,SYNTHETIC — hackathon mock data,,,
584,351D935D-10A1-3BF2-0000-000000000248,SYN-OBS-00584,620A7637-3BE2-7307-0000-000000000008,69F84508-D13B-4A83-0000-000000000002,1FC9E916-899C-6A96-0000-000000000086,,,,2,,,,SYNTHETIC — hackathon mock data,,,
585,351D935D-10A1-3BF2-0000-000000000249,SYN-OBS-00585,620A7637-3BE2-7307-0000-000000000009,69F84508-D13B-4A83-0000-000000000003,1FC9E916-899C-6A96-0000-000000000087,,,,3,,,,SYNTHETIC — hackathon mock data,,,
586,351D935D-10A1-3BF2-0000-00000000024A,SYN-OBS-00586,620A7637-3BE2-7307-0000-00000000000A,69F84508-D13B-4A83-0000-000000000004,1FC9E916-899C-6A96-0000-000000000088,,,,1,,,,SYNTHETIC — hackathon mock data,,,
587,351D935D-10A1-3BF2-0000-00000000024B,SYN-OBS-00587,620A7637-3BE2-7307-0000-00000000000B,69F84508-D13B-4A83-0000-000000000005,1FC9E916-899C-6A96-0000-000000000089,,,,2,,,,SYNTHETIC — hackathon mock data,,,
588,351D935D-10A1-3BF2-0000-00000000024C,SYN-OBS-00588,620A7637-3BE2-7307-0000-00000000000C,69F84508-D13B-4A83-0000-000000000006,1FC9E916-899C-6A96-0000-00000000008A,,,,3,,,,SYNTHETIC — hackathon mock data,,,
589,351D935D-10A1-3BF2-0000-00000000024D,SYN-OBS-00589,620A7637-3BE2-7307-0000-00000000000D,69F84508-D13B-4A83-0000-000000000001,1FC9E916-899C-6A96-0000-00000000008B,,,,1,,,,SYNTHETIC — hackathon mock data,,,
590,351D935D-10A1-3BF2-0000-00000000024E,SYN-OBS-00590,620A7637-3BE2-7307-0000-00000000000E,69F84508-D13B-4A83-0000-000000000002,1FC9E916-899C-6A96-0000-00000000008C,,,,2,,,,SYNTHETIC — hackathon mock data,,,
591,351D935D-10A1-3BF2-0000-00000000024F,SYN-OBS-00591,620A7637-3BE2-7307-0000-00000000000F,69F84508-D13B-4A83-0000-000000000003,1FC9E916-899C-6A96-0000-00000000008D,,,,3,,,,SYNTHETIC — hackathon mock data,,,
592,351D935D-10A1-3BF2-0000-000000000250,SYN-OBS-00592,620A7637-3BE2-7307-0000-000000000010,69F84508-D13B-4A83-0000-000000000004,1FC9E916-899C-6A96-0000-00000000008E,,,,1,,,,SYNTHETIC — hackathon mock data,,,
593,351D935D-10A1-3BF2-0000-000000000251,SYN-OBS-00593,620A7637-3BE2-7307-0000-000000000011,69F84508-D13B-4A83-0000-000000000005,1FC9E916-899C-6A96-0000-00000000008F,,,,2,,,,SYNTHETIC — hackathon mock data,,,
594,351D935D-10A1-3BF2-0000-000000000252,SYN-OBS-00594,620A7637-3BE2-7307-0000-000000000012,69F84508-D13B-4A83-0000-000000000006,1FC9E916-899C-6A96-0000-000000000090,,,,3,,,,SYNTHETIC — hackathon mock data,,,
595,351D935D-10A1-3BF2-0000-000000000253,SYN-OBS-00595,620A7637-3BE2-7307-0000-000000000013,69F84508-D13B-4A83-0000-000000000001,1FC9E916-899C-6A96-0000-000000000091,,,,1,,,,SYNTHETIC — hackathon mock data,,,
596,351D935D-10A1-3BF2-0000-000000000254,SYN-OBS-00596,620A7637-3BE2-7307-0000-000000000014,69F84508-D13B-4A83-0000-000000000002,1FC9E916-899C-6A96-0000-000000000092,,,,2,,,,SYNTHETIC — hackathon mock data,,,
597,351D935D-10A1-3BF2-0000-000000000255,SYN-OBS-00597,620A7637-3BE2-7307-0000-000000000015,69F84508-D13B-4A83-0000-000000000003,1FC9E916-899C-6A96-0000-000000000093,,,,3,,,,SYNTHETIC — hackathon mock data,,,
598,351D935D-10A1-3BF2-0000-000000000256,SYN-OBS-00598,620A7637-3BE2-7307-0000-000000000016,69F84508-D13B-4A83-0000-000000000004,1FC9E916-899C-6A96-0000-000000000094,,,,1,,,,SYNTHETIC — hackathon mock data,,,
599,351D935D-10A1-3BF2-0000-000000000257,SYN-OBS-00599,620A7637-3BE2-7307-0000-000000000017,69F84508-D13B-4A83-0000-000000000005,1FC9E916-899C-6A96-0000-000000000095,,,,2,,,,SYNTHETIC — hackathon mock data,,,
600,351D935D-10A1-3BF2-0000-000000000258,SYN-OBS-00600,620A7637-3BE2-7307-0000-000000000018,69F84508-D13B-4A83-0000-000000000006,1FC9E916-899C-6A96-0000-000000000096,,,,3,,,,SYNTHETIC — hackathon mock data,,,
601,351D935D-10A1-3BF2-0000-000000000259,SYN-OBS-00601,620A7637-3BE2-7307-0000-000000000019,69F84508-D13B-4A83-0000-000000000001,1FC9E916-899C-6A96-0000-000000000001,,,,1,,,,SYNTHETIC — hackathon mock data,,,
602,351D935D-10A1-3BF2-0000-00000000025A,SYN-OBS-00602,620A7637-3BE2-7307-0000-00000000001A,69F84508-D13B-4A83-0000-000000000002,1FC9E916-899C-6A96-0000-000000000002,,,,2,,,,SYNTHETIC — hackathon mock data,,,
603,351D935D-10A1-3BF2-0000-00000000025B,SYN-OBS-00603,620A7637-3BE2-7307-0000-00000000001B,69F84508-D13B-4A83-0000-000000000003,1FC9E916-899C-6A96-0000-000000000003,,,,3,,,,SYNTHETIC — hackathon mock data,,,
604,351D935D-10A1-3BF2-0000-00000000025C,SYN-OBS-00604,620A7637-3BE2-7307-0000-00000000001C,69F84508-D13B-4A83-0000-000000000004,1FC9E916-899C-6A96-0000-000000000004,,,,1,,,,SYNTHETIC — hackathon mock data,,,
605,351D935D-10A1-3BF2-0000-00000000025D,SYN-OBS-00605,620A7637-3BE2-7307-0000-00000000001D,69F84508-D13B-4A83-0000-000000000005,1FC9E916-899C-6A96-0000-000000000005,,,,2,,,,SYNTHETIC — hackathon mock data,,,
606,351D935D-10A1-3BF2-0000-00000000025E,SYN-OBS-00606,620A7637-3BE2-7307-0000-00000000001E,69F84508-D13B-4A83-0000-000000000006,1FC9E916-899C-6A96-0000-000000000006,,,,3,,,,SYNTHETIC — hackathon mock data,,,
607,351D935D-10A1-3BF2-0000-00000000025F,SYN-OBS-00607,620A7637-3BE2-7307-0000-00000000001F,69F84508-D13B-4A83-0000-000000000001,1FC9E916-899C-6A96-0000-000000000007,,,,1,,,,SYNTHETIC — hackathon mock data,,,
608,351D935D-10A1-3BF2-0000-000000000260,SYN-OBS-00608,620A7637-3BE2-7307-0000-000000000020,69F84508-D13B-4A83-0000-000000000002,1FC9E916-899C-6A96-0000-000000000008,,,,2,,,,SYNTHETIC — hackathon mock data,,,
609,351D935D-10A1-3BF2-0000-000000000261,SYN-OBS-00609,620A7637-3BE2-7307-0000-000000000021,69F84508-D13B-4A83-0000-000000000003,1FC9E916-899C-6A96-0000-000000000009,,,,3,,,,SYNTHETIC — hackathon mock data,,,
610,351D935D-10A1-3BF2-0000-000000000262,SYN-OBS-00610,620A7637-3BE2-7307-0000-000000000022,69F84508-D13B-4A83-0000-000000000004,1FC9E916-899C-6A96-0000-00000000000A,,,,1,,,,SYNTHETIC — hackathon mock data,,,
611,351D935D-10A1-3BF2-0000-000000000263,SYN-OBS-00611,620A7637-3BE2-7307-0000-000000000023,69F84508-D13B-4A83-0000-000000000005,1FC9E916-899C-6A96-0000-00000000000B,,,,2,,,,SYNTHETIC — hackathon mock data,,,
612,351D935D-10A1-3BF2-0000-000000000264,SYN-OBS-00612,620A7637-3BE2-7307-0000-000000000024,69F84508-D13B-4A83-0000-000000000006,1FC9E916-899C-6A96-0000-00000000000C,,,,3,,,,SYNTHETIC — hackathon mock data,,,
613,351D935D-10A1-3BF2-0000-000000000265,SYN-OBS-00613,620A7637-3BE2-7307-0000-000000000025,69F84508-D13B-4A83-0000-000000000001,1FC9E916-899C-6A96-0000-00000000000D,,,,1,,,,SYNTHETIC — hackathon mock data,,,
614,351D935D-10A1-3BF2-0000-000000000266,SYN-OBS-00614,620A7637-3BE2-7307-0000-000000000026,69F84508-D13B-4A83-0000-000000000002,1FC9E916-899C-6A96-0000-00000000000E,,,,2,,,,SYNTHETIC — hackathon mock data,,,
615,351D935D-10A1-3BF2-0000-000000000267,SYN-OBS-00615,620A7637-3BE2-7307-0000-000000000027,69F84508-D13B-4A83-0000-000000000003,1FC9E916-899C-6A96-0000-00000000000F,,,,3,,,,SYNTHETIC — hackathon mock data,,,
616,351D935D-10A1-3BF2-0000-000000000268,SYN-OBS-00616,620A7637-3BE2-7307-0000-000000000028,69F84508-D13B-4A83-0000-000000000004,1FC9E916-899C-6A96-0000-000000000010,,,,1,,,,SYNTHETIC — hackathon mock data,,,
617,351D935D-10A1-3BF2-0000-000000000269,SYN-OBS-00617,620A7637-3BE2-7307-0000-000000000029,69F84508-D13B-4A83-0000-000000000005,1FC9E916-899C-6A96-0000-000000000011,,,,2,,,,SYNTHETIC — hackathon mock data,,,
618,351D935D-10A1-3BF2-0000-00000000026A,SYN-OBS-00618,620A7637-3BE2-7307-0000-00000000002A,69F84508-D13B-4A83-0000-000000000006,1FC9E916-899C-6A96-0000-000000000012,,,,3,,,,SYNTHETIC — hackathon mock data,,,
619,351D935D-10A1-3BF2-0000-00000000026B,SYN-OBS-00619,620A7637-3BE2-7307-0000-00000000002B,69F84508-D13B-4A83-0000-000000000001,1FC9E916-899C-6A96-0000-000000000013,,,,1,,,,SYNTHETIC — hackathon mock data,,,
620,351D935D-10A1-3BF2-0000-00000000026C,SYN-OBS-00620,620A7637-3BE2-7307-0000-00000000002C,69F84508-D13B-4A83-0000-000000000002,1FC9E916-899C-6A96-0000-000000000014,,,,2,,,,SYNTHETIC — hackathon mock data,,,
621,351D935D-10A1-3BF2-0000-00000000026D,SYN-OBS-00621,620A7637-3BE2-7307-0000-00000000002D,69F84508-D13B-4A83-0000-000000000003,1FC9E916-899C-6A96-0000-000000000015,,,,3,,,,SYNTHETIC — hackathon mock data,,,
622,351D935D-10A1-3BF2-0000-00000000026E,SYN-OBS-00622,620A7637-3BE2-7307-0000-00000000002E,69F84508-D13B-4A83-0000-000000000004,1FC9E916-899C-6A96-0000-000000000016,,,,1,,,,SYNTHETIC — hackathon mock data,,,
623,351D935D-10A1-3BF2-0000-00000000026F,SYN-OBS-00623,620A7637-3BE2-7307-0000-00000000002F,69F84508-D13B-4A83-0000-000000000005,1FC9E916-899C-6A96-0000-000000000017,,,,2,,,,SYNTHETIC — hackathon mock data,,,
624,351D935D-10A1-3BF2-0000-000000000270,SYN-OBS-00624,620A7637-3BE2-7307-0000-000000000030,69F84508-D13B-4A83-0000-000000000006,1FC9E916-899C-6A96-0000-000000000018,,,,3,,,,SYNTHETIC — hackathon mock data,,,
625,351D935D-10A1-3BF2-0000-000000000271,SYN-OBS-00625,620A7637-3BE2-7307-0000-000000000031,69F84508-D13B-4A83-0000-000000000001,1FC9E916-899C-6A96-0000-000000000019,,,,1,,,,SYNTHETIC — hackathon mock data,,,
626,351D935D-10A1-3BF2-0000-000000000272,SYN-OBS-00626,620A7637-3BE2-7307-0000-000000000032,69F84508-D13B-4A83-0000-000000000002,1FC9E916-899C-6A96-0000-00000000001A,,,,2,,,,SYNTHETIC — hackathon mock data,,,
627,351D935D-10A1-3BF2-0000-000000000273,SYN-OBS-00627,620A7637-3BE2-7307-0000-000000000033,69F84508-D13B-4A83-0000-000000000003,1FC9E916-899C-6A96-0000-00000000001B,,,,3,,,,SYNTHETIC — hackathon mock data,,,
628,351D935D-10A1-3BF2-0000-000000000274,SYN-OBS-00628,620A7637-3BE2-7307-0000-000000000034,69F84508-D13B-4A83-0000-000000000004,1FC9E916-899C-6A96-0000-00000000001C,,,,1,,,,SYNTHETIC — hackathon mock data,,,
629,351D935D-10A1-3BF2-0000-000000000275,SYN-OBS-00629,620A7637-3BE2-7307-0000-000000000035,69F84508-D13B-4A83-0000-000000000005,1FC9E916-899C-6A96-0000-00000000001D,,,,2,,,,SYNTHETIC — hackathon mock data,,,
630,351D935D-10A1-3BF2-0000-000000000276,SYN-OBS-00630,620A7637-3BE2-7307-0000-000000000036,69F84508-D13B-4A83-0000-000000000006,1FC9E916-899C-6A96-0000-00000000001E,,,,3,,,,SYNTHETIC — hackathon mock data,,,
631,351D935D-10A1-3BF2-0000-000000000277,SYN-OBS-00631,620A7637-3BE2-7307-0000-000000000037,69F84508-D13B-4A83-0000-000000000001,1FC9E916-899C-6A96-0000-00000000001F,,,,1,,,,SYNTHETIC — hackathon mock data,,,
632,351D935D-10A1-3BF2-0000-000000000278,SYN-OBS-00632,620A7637-3BE2-7307-0000-000000000038,69F84508-D13B-4A83-0000-000000000002,1FC9E916-899C-6A96-0000-000000000020,,,,2,,,,SYNTHETIC — hackathon mock data,,,
633,351D935D-10A1-3BF2-0000-000000000279,SYN-OBS-00633,620A7637-3BE2-7307-0000-000000000039,69F84508-D13B-4A83-0000-000000000003,1FC9E916-899C-6A96-0000-000000000021,,,,3,,,,SYNTHETIC — hackathon mock data,,,
634,351D935D-10A1-3BF2-0000-00000000027A,SYN-OBS-00634,620A7637-3BE2-7307-0000-00000000003A,69F84508-D13B-4A83-0000-000000000004,1FC9E916-899C-6A96-0000-000000000022,,,,1,,,,SYNTHETIC — hackathon mock data,,,
635,351D935D-10A1-3BF2-0000-00000000027B,SYN-OBS-00635,620A7637-3BE2-7307-0000-00000000003B,69F84508-D13B-4A83-0000-000000000005,1FC9E916-899C-6A96-0000-000000000023,,,,2,,,,SYNTHETIC — hackathon mock data,,,
636,351D935D-10A1-3BF2-0000-00000000027C,SYN-OBS-00636,620A7637-3BE2-7307-0000-00000000003C,69F84508-D13B-4A83-0000-000000000006,1FC9E916-899C-6A96-0000-000000000024,,,,3,,,,SYNTHETIC — hackathon mock data,,,
637,351D935D-10A1-3BF2-0000-00000000027D,SYN-OBS-00637,620A7637-3BE2-7307-0000-00000000003D,69F84508-D13B-4A83-0000-000000000001,1FC9E916-899C-6A96-0000-000000000025,,,,1,,,,SYNTHETIC — hackathon mock data,,,
638,351D935D-10A1-3BF2-0000-00000000027E,SYN-OBS-00638,620A7637-3BE2-7307-0000-00000000003E,69F84508-D13B-4A83-0000-000000000002,1FC9E916-899C-6A96-0000-000000000026,,,,2,,,,SYNTHETIC — hackathon mock data,,,
639,351D935D-10A1-3BF2-0000-00000000027F,SYN-OBS-00639,620A7637-3BE2-7307-0000-00000000003F,69F84508-D13B-4A83-0000-000000000003,1FC9E916-899C-6A96-0000-000000000027,,,,3,,,,SYNTHETIC — hackathon mock data,,,
640,351D935D-10A1-3BF2-0000-000000000280,SYN-OBS-00640,620A7637-3BE2-7307-0000-000000000040,69F84508-D13B-4A83-0000-000000000004,1FC9E916-899C-6A96-0000-000000000028,,,,1,,,,SYNTHETIC — hackathon mock data,,,
641,351D935D-10A1-3BF2-0000-000000000281,SYN-OBS-00641,620A7637-3BE2-7307-0000-000000000041,69F84508-D13B-4A83-0000-000000000005,1FC9E916-899C-6A96-0000-000000000029,,,,2,,,,SYNTHETIC — hackathon mock data,,,
642,351D935D-10A1-3BF2-0000-000000000282,SYN-OBS-00642,620A7637-3BE2-7307-0000-000000000042,69F84508-D13B-4A83-0000-000000000006,1FC9E916-899C-6A96-0000-00000000002A,,,,3,,,,SYNTHETIC — hackathon mock data,,,
643,351D935D-10A1-3BF2-0000-000000000283,SYN-OBS-00643,620A7637-3BE2-7307-0000-000000000043,69F84508-D13B-4A83-0000-000000000001,1FC9E916-899C-6A96-0000-00000000002B,,,,1,,,,SYNTHETIC — hackathon mock data,,,
644,351D935D-10A1-3BF2-0000-000000000284,SYN-OBS-00644,620A7637-3BE2-7307-0000-000000000044,69F84508-D13B-4A83-0000-000000000002,1FC9E916-899C-6A96-0000-00000000002C,,,,2,,,,SYNTHETIC — hackathon mock data,,,
645,351D935D-10A1-3BF2-0000-000000000285,SYN-OBS-00645,620A7637-3BE2-7307-0000-000000000045,69F84508-D13B-4A83-0000-000000000003,1FC9E916-899C-6A96-0000-00000000002D,,,,3,,,,SYNTHETIC — hackathon mock data,,,
646,351D935D-10A1-3BF2-0000-000000000286,SYN-OBS-00646,620A7637-3BE2-7307-0000-000000000046,69F84508-D13B-4A83-0000-000000000004,1FC9E916-899C-6A96-0000-00000000002E,,,,1,,,,SYNTHETIC — hackathon mock data,,,
647,351D935D-10A1-3BF2-0000-000000000287,SYN-OBS-00647,620A7637-3BE2-7307-0000-000000000047,69F84508-D13B-4A83-0000-000000000005,1FC9E916-899C-6A96-0000-00000000002F,,,,2,,,,SYNTHETIC — hackathon mock data,,,
648,351D935D-10A1-3BF2-0000-000000000288,SYN-OBS-00648,620A7637-3BE2-7307-0000-000000000048,69F84508-D13B-4A83-0000-000000000006,1FC9E916-899C-6A96-0000-000000000030,,,,3,,,,SYNTHETIC — hackathon mock data,,,
649,351D935D-10A1-3BF2-0000-000000000289,SYN-OBS-00649,620A7637-3BE2-7307-0000-000000000001,69F84508-D13B-4A83-0000-000000000001,1FC9E916-899C-6A96-0000-000000000031,,,,1,,,,SYNTHETIC — hackathon mock data,,,
650,351D935D-10A1-3BF2-0000-00000000028A,SYN-OBS-00650,620A7637-3BE2-7307-0000-000000000002,69F84508-D13B-4A83-0000-000000000002,1FC9E916-899C-6A96-0000-000000000032,,,,2,,,,SYNTHETIC — hackathon mock data,,,
651,351D935D-10A1-3BF2-0000-00000000028B,SYN-OBS-00651,620A7637-3BE2-7307-0000-000000000003,69F84508-D13B-4A83-0000-000000000003,1FC9E916-899C-6A96-0000-000000000033,,,,3,,,,SYNTHETIC — hackathon mock data,,,
652,351D935D-10A1-3BF2-0000-00000000028C,SYN-OBS-00652,620A7637-3BE2-7307-0000-000000000004,69F84508-D13B-4A83-0000-000000000004,1FC9E916-899C-6A96-0000-000000000034,,,,1,,,,SYNTHETIC — hackathon mock data,,,
653,351D935D-10A1-3BF2-0000-00000000028D,SYN-OBS-00653,620A7637-3BE2-7307-0000-000000000005,69F84508-D13B-4A83-0000-000000000005,1FC9E916-899C-6A96-0000-000000000035,,,,2,,,,SYNTHETIC — hackathon mock data,,,
654,351D935D-10A1-3BF2-0000-00000000028E,SYN-OBS-00654,620A7637-3BE2-7307-0000-000000000006,69F84508-D13B-4A83-0000-000000000006,1FC9E916-899C-6A96-0000-000000000036,,,,3,,,,SYNTHETIC — hackathon mock data,,,
655,351D935D-10A1-3BF2-0000-00000000028F,SYN-OBS-00655,620A7637-3BE2-7307-0000-000000000007,69F84508-D13B-4A83-0000-000000000001,1FC9E916-899C-6A96-0000-000000000037,,,,1,,,,SYNTHETIC — hackathon mock data,,,
656,351D935D-10A1-3BF2-0000-000000000290,SYN-OBS-00656,620A7637-3BE2-7307-0000-000000000008,69F84508-D13B-4A83-0000-000000000002,1FC9E916-899C-6A96-0000-000000000038,,,,2,,,,SYNTHETIC — hackathon mock data,,,
657,351D935D-10A1-3BF2-0000-000000000291,SYN-OBS-00657,620A7637-3BE2-7307-0000-000000000009,69F84508-D13B-4A83-0000-000000000003,1FC9E916-899C-6A96-0000-000000000039,,,,3,,,,SYNTHETIC — hackathon mock data,,,
658,351D935D-10A1-3BF2-0000-000000000292,SYN-OBS-00658,620A7637-3BE2-7307-0000-00000000000A,69F84508-D13B-4A83-0000-000000000004,1FC9E916-899C-6A96-0000-00000000003A,,,,1,,,,SYNTHETIC — hackathon mock data,,,
659,351D935D-10A1-3BF2-0000-000000000293,SYN-OBS-00659,620A7637-3BE2-7307-0000-00000000000B,69F84508-D13B-4A83-0000-000000000005,1FC9E916-899C-6A96-0000-00000000003B,,,,2,,,,SYNTHETIC — hackathon mock data,,,
660,351D935D-10A1-3BF2-0000-000000000294,SYN-OBS-00660,620A7637-3BE2-7307-0000-00000000000C,69F84508-D13B-4A83-0000-000000000006,1FC9E916-899C-6A96-0000-00000000003C,,,,3,,,,SYNTHETIC — hackathon mock data,,,
661,351D935D-10A1-3BF2-0000-000000000295,SYN-OBS-00661,620A7637-3BE2-7307-0000-00000000000D,69F84508-D13B-4A83-0000-000000000001,1FC9E916-899C-6A96-0000-00000000003D,,,,1,,,,SYNTHETIC — hackathon mock data,,,
662,351D935D-10A1-3BF2-0000-000000000296,SYN-OBS-00662,620A7637-3BE2-7307-0000-00000000000E,69F84508-D13B-4A83-0000-000000000002,1FC9E916-899C-6A96-0000-00000000003E,,,,2,,,,SYNTHETIC — hackathon mock data,,,
663,351D935D-10A1-3BF2-0000-000000000297,SYN-OBS-00663,620A7637-3BE2-7307-0000-00000000000F,69F84508-D13B-4A83-0000-000000000003,1FC9E916-899C-6A96-0000-00000000003F,,,,3,,,,SYNTHETIC — hackathon mock data,,,
664,351D935D-10A1-3BF2-0000-000000000298,SYN-OBS-00664,620A7637-3BE2-7307-0000-000000000010,69F84508-D13B-4A83-0000-000000000004,1FC9E916-899C-6A96-0000-000000000040,,,,1,,,,SYNTHETIC — hackathon mock data,,,
665,351D935D-10A1-3BF2-0000-000000000299,SYN-OBS-00665,620A7637-3BE2-7307-0000-000000000011,69F84508-D13B-4A83-0000-000000000005,1FC9E916-899C-6A96-0000-000000000041,,,,2,,,,SYNTHETIC — hackathon mock data,,,
666,351D935D-10A1-3BF2-0000-00000000029A,SYN-OBS-00666,620A7637-3BE2-7307-0000-000000000012,69F84508-D13B-4A83-0000-000000000006,1FC9E916-899C-6A96-0000-000000000042,,,,3,,,,SYNTHETIC — hackathon mock data,,,
667,351D935D-10A1-3BF2-0000-00000000029B,SYN-OBS-00667,620A7637-3BE2-7307-0000-000000000013,69F84508-D13B-4A83-0000-000000000001,1FC9E916-899C-6A96-0000-000000000043,,,,1,,,,SYNTHETIC — hackathon mock data,,,
668,351D935D-10A1-3BF2-0000-00000000029C,SYN-OBS-00668,620A7637-3BE2-7307-0000-000000000014,69F84508-D13B-4A83-0000-000000000002,1FC9E916-899C-6A96-0000-000000000044,,,,2,,,,SYNTHETIC — hackathon mock data,,,
669,351D935D-10A1-3BF2-0000-00000000029D,SYN-OBS-00669,620A7637-3BE2-7307-0000-000000000015,69F84508-D13B-4A83-0000-000000000003,1FC9E916-899C-6A96-0000-000000000045,,,,3,,,,SYNTHETIC — hackathon mock data,,,
670,351D935D-10A1-3BF2-0000-00000000029E,SYN-OBS-00670,620A7637-3BE2-7307-0000-000000000016,69F84508-D13B-4A83-0000-000000000004,1FC9E916-899C-6A96-0000-000000000046,,,,1,,,,SYNTHETIC — hackathon mock data,,,
671,351D935D-10A1-3BF2-0000-00000000029F,SYN-OBS-00671,620A7637-3BE2-7307-0000-000000000017,69F84508-D13B-4A83-0000-000000000005,1FC9E916-899C-6A96-0000-000000000047,,,,2,,,,SYNTHETIC — hackathon mock data,,,
672,351D935D-10A1-3BF2-0000-0000000002A0,SYN-OBS-00672,620A7637-3BE2-7307-0000-000000000018,69F84508-D13B-4A83-0000-000000000006,1FC9E916-899C-6A96-0000-000000000048,,,,3,,,,SYNTHETIC — hackathon mock data,,,
673,351D935D-10A1-3BF2-0000-0000000002A1,SYN-OBS-00673,620A7637-3BE2-7307-0000-000000000019,69F84508-D13B-4A83-0000-000000000001,1FC9E916-899C-6A96-0000-000000000049,,,,1,,,,SYNTHETIC — hackathon mock data,,,
674,351D935D-10A1-3BF2-0000-0000000002A2,SYN-OBS-00674,620A7637-3BE2-7307-0000-00000000001A,69F84508-D13B-4A83-0000-000000000002,1FC9E916-899C-6A96-0000-00000000004A,,,,2,,,,SYNTHETIC — hackathon mock data,,,
675,351D935D-10A1-3BF2-0000-0000000002A3,SYN-OBS-00675,620A7637-3BE2-7307-0000-00000000001B,69F84508-D13B-4A83-0000-000000000003,1FC9E916-899C-6A96-0000-00000000004B,,,,3,,,,SYNTHETIC — hackathon mock data,,,
676,351D935D-10A1-3BF2-0000-0000000002A4,SYN-OBS-00676,620A7637-3BE2-7307-0000-00000000001C,69F84508-D13B-4A83-0000-000000000004,1FC9E916-899C-6A96-0000-00000000004C,,,,1,,,,SYNTHETIC — hackathon mock data,,,
677,351D935D-10A1-3BF2-0000-0000000002A5,SYN-OBS-00677,620A7637-3BE2-7307-0000-00000000001D,69F84508-D13B-4A83-0000-000000000005,1FC9E916-899C-6A96-0000-00000000004D,,,,2,,,,SYNTHETIC — hackathon mock data,,,
678,351D935D-10A1-3BF2-0000-0000000002A6,SYN-OBS-00678,620A7637-3BE2-7307-0000-00000000001E,69F84508-D13B-4A83-0000-000000000006,1FC9E916-899C-6A96-0000-00000000004E,,,,3,,,,SYNTHETIC — hackathon mock data,,,
679,351D935D-10A1-3BF2-0000-0000000002A7,SYN-OBS-00679,620A7637-3BE2-7307-0000-00000000001F,69F84508-D13B-4A83-0000-000000000001,1FC9E916-899C-6A96-0000-00000000004F,,,,1,,,,SYNTHETIC — hackathon mock data,,,
680,351D935D-10A1-3BF2-0000-0000000002A8,SYN-OBS-00680,620A7637-3BE2-7307-0000-000000000020,69F84508-D13B-4A83-0000-000000000002,1FC9E916-899C-6A96-0000-000000000050,,,,2,,,,SYNTHETIC — hackathon mock data,,,
681,351D935D-10A1-3BF2-0000-0000000002A9,SYN-OBS-00681,620A7637-3BE2-7307-0000-000000000021,69F84508-D13B-4A83-0000-000000000003,1FC9E916-899C-6A96-0000-000000000051,,,,3,,,,SYNTHETIC — hackathon mock data,,,
682,351D935D-10A1-3BF2-0000-0000000002AA,SYN-OBS-00682,620A7637-3BE2-7307-0000-000000000022,69F84508-D13B-4A83-0000-000000000004,1FC9E916-899C-6A96-0000-000000000052,,,,1,,,,SYNTHETIC — hackathon mock data,,,
683,351D935D-10A1-3BF2-0000-0000000002AB,SYN-OBS-00683,620A7637-3BE2-7307-0000-000000000023,69F84508-D13B-4A83-0000-000000000005,1FC9E916-899C-6A96-0000-000000000053,,,,2,,,,SYNTHETIC — hackathon mock data,,,
684,351D935D-10A1-3BF2-0000-0000000002AC,SYN-OBS-00684,620A7637-3BE2-7307-0000-000000000024,69F84508-D13B-4A83-0000-000000000006,1FC9E916-899C-6A96-0000-000000000054,,,,3,,,,SYNTHETIC — hackathon mock data,,,
685,351D935D-10A1-3BF2-0000-0000000002AD,SYN-OBS-00685,620A7637-3BE2-7307-0000-000000000025,69F84508-D13B-4A83-0000-000000000001,1FC9E916-899C-6A96-0000-000000000055,,,,1,,,,SYNTHETIC — hackathon mock data,,,
686,351D935D-10A1-3BF2-0000-0000000002AE,SYN-OBS-00686,620A7637-3BE2-7307-0000-000000000026,69F84508-D13B-4A83-0000-000000000002,1FC9E916-899C-6A96-0000-000000000056,,,,2,,,,SYNTHETIC — hackathon mock data,,,
687,351D935D-10A1-3BF2-0000-0000000002AF,SYN-OBS-00687,620A7637-3BE2-7307-0000-000000000027,69F84508-D13B-4A83-0000-000000000003,1FC9E916-899C-6A96-0000-000000000057,,,,3,,,,SYNTHETIC — hackathon mock data,,,
688,351D935D-10A1-3BF2-0000-0000000002B0,SYN-OBS-00688,620A7637-3BE2-7307-0000-000000000028,69F84508-D13B-4A83-0000-000000000004,1FC9E916-899C-6A96-0000-000000000058,,,,1,,,,SYNTHETIC — hackathon mock data,,,
689,351D935D-10A1-3BF2-0000-0000000002B1,SYN-OBS-00689,620A7637-3BE2-7307-0000-000000000029,69F84508-D13B-4A83-0000-000000000005,1FC9E916-899C-6A96-0000-000000000059,,,,2,,,,SYNTHETIC — hackathon mock data,,,
690,351D935D-10A1-3BF2-0000-0000000002B2,SYN-OBS-00690,620A7637-3BE2-7307-0000-00000000002A,69F84508-D13B-4A83-0000-000000000006,1FC9E916-899C-6A96-0000-00000000005A,,,,3,,,,SYNTHETIC — hackathon mock data,,,
691,351D935D-10A1-3BF2-0000-0000000002B3,SYN-OBS-00691,620A7637-3BE2-7307-0000-00000000002B,69F84508-D13B-4A83-0000-000000000001,1FC9E916-899C-6A96-0000-00000000005B,,,,1,,,,SYNTHETIC — hackathon mock data,,,
692,351D935D-10A1-3BF2-0000-0000000002B4,SYN-OBS-00692,620A7637-3BE2-7307-0000-00000000002C,69F84508-D13B-4A83-0000-000000000002,1FC9E916-899C-6A96-0000-00000000005C,,,,2,,,,SYNTHETIC — hackathon mock data,,,
693,351D935D-10A1-3BF2-0000-0000000002B5,SYN-OBS-00693,620A7637-3BE2-7307-0000-00000000002D,69F84508-D13B-4A83-0000-000000000003,1FC9E916-899C-6A96-0000-00000000005D,,,,3,,,,SYNTHETIC — hackathon mock data,,,
694,351D935D-10A1-3BF2-0000-0000000002B6,SYN-OBS-00694,620A7637-3BE2-7307-0000-00000000002E,69F84508-D13B-4A83-0000-000000000004,1FC9E916-899C-6A96-0000-00000000005E,,,,1,,,,SYNTHETIC — hackathon mock data,,,
695,351D935D-10A1-3BF2-0000-0000000002B7,SYN-OBS-00695,620A7637-3BE2-7307-0000-00000000002F,69F84508-D13B-4A83-0000-000000000005,1FC9E916-899C-6A96-0000-00000000005F,,,,2,,,,SYNTHETIC — hackathon mock data,,,
696,351D935D-10A1-3BF2-0000-0000000002B8,SYN-OBS-00696,620A7637-3BE2-7307-0000-000000000030,69F84508-D13B-4A83-0000-000000000006,1FC9E916-899C-6A96-0000-000000000060,,,,3,,,,SYNTHETIC — hackathon mock data,,,
697,351D935D-10A1-3BF2-0000-0000000002B9,SYN-OBS-00697,620A7637-3BE2-7307-0000-000000000031,69F84508-D13B-4A83-0000-000000000001,1FC9E916-899C-6A96-0000-000000000061,,,,1,,,,SYNTHETIC — hackathon mock data,,,
698,351D935D-10A1-3BF2-0000-0000000002BA,SYN-OBS-00698,620A7637-3BE2-7307-0000-000000000032,69F84508-D13B-4A83-0000-000000000002,1FC9E916-899C-6A96-0000-000000000062,,,,2,,,,SYNTHETIC — hackathon mock data,,,
699,351D935D-10A1-3BF2-0000-0000000002BB,SYN-OBS-00699,620A7637-3BE2-7307-0000-000000000033,69F84508-D13B-4A83-0000-000000000003,1FC9E916-899C-6A96-0000-000000000063,,,,3,,,,SYNTHETIC — hackathon mock data,,,
700,351D935D-10A1-3BF2-0000-0000000002BC,SYN-OBS-00700,620A7637-3BE2-7307-0000-000000000034,69F84508-D13B-4A83-0000-000000000004,1FC9E916-899C-6A96-0000-000000000064,,,,1,,,,SYNTHETIC — hackathon mock data,,,
701,351D935D-10A1-3BF2-0000-0000000002BD,SYN-OBS-00701,620A7637-3BE2-7307-0000-000000000035,69F84508-D13B-4A83-0000-000000000005,1FC9E916-899C-6A96-0000-000000000065,,,,2,,,,SYNTHETIC — hackathon mock data,,,
702,351D935D-10A1-3BF2-0000-0000000002BE,SYN-OBS-00702,620A7637-3BE2-7307-0000-000000000036,69F84508-D13B-4A83-0000-000000000006,1FC9E916-899C-6A96-0000-000000000066,,,,3,,,,SYNTHETIC — hackathon mock data,,,
703,351D935D-10A1-3BF2-0000-0000000002BF,SYN-OBS-00703,620A7637-3BE2-7307-0000-000000000037,69F84508-D13B-4A83-0000-000000000001,1FC9E916-899C-6A96-0000-000000000067,,,,1,,,,SYNTHETIC — hackathon mock data,,,
704,351D935D-10A1-3BF2-0000-0000000002C0,SYN-OBS-00704,620A7637-3BE2-7307-0000-000000000038,69F84508-D13B-4A83-0000-000000000002,1FC9E916-899C-6A96-0000-000000000068,,,,2,,,,SYNTHETIC — hackathon mock data,,,
705,351D935D-10A1-3BF2-0000-0000000002C1,SYN-OBS-00705,620A7637-3BE2-7307-0000-000000000039,69F84508-D13B-4A83-0000-000000000003,1FC9E916-899C-6A96-0000-000000000069,,,,3,,,,SYNTHETIC — hackathon mock data,,,
706,351D935D-10A1-3BF2-0000-0000000002C2,SYN-OBS-00706,620A7637-3BE2-7307-0000-00000000003A,69F84508-D13B-4A83-0000-000000000004,1FC9E916-899C-6A96-0000-00000000006A,,,,1,,,,SYNTHETIC — hackathon mock data,,,
707,351D935D-10A1-3BF2-0000-0000000002C3,SYN-OBS-00707,620A7637-3BE2-7307-0000-00000000003B,69F84508-D13B-4A83-0000-000000000005,1FC9E916-899C-6A96-0000-00000000006B,,,,2,,,,SYNTHETIC — hackathon mock data,,,
708,351D935D-10A1-3BF2-0000-0000000002C4,SYN-OBS-00708,620A7637-3BE2-7307-0000-00000000003C,69F84508-D13B-4A83-0000-000000000006,1FC9E916-899C-6A96-0000-00000000006C,,,,3,,,,SYNTHETIC — hackathon mock data,,,
709,351D935D-10A1-3BF2-0000-0000000002C5,SYN-OBS-00709,620A7637-3BE2-7307-0000-00000000003D,69F84508-D13B-4A83-0000-000000000001,1FC9E916-899C-6A96-0000-00000000006D,,,,1,,,,SYNTHETIC — hackathon mock data,,,
710,351D935D-10A1-3BF2-0000-0000000002C6,SYN-OBS-00710,620A7637-3BE2-7307-0000-00000000003E,69F84508-D13B-4A83-0000-000000000002,1FC9E916-899C-6A96-0000-00000000006E,,,,2,,,,SYNTHETIC — hackathon mock data,,,
711,351D935D-10A1-3BF2-0000-0000000002C7,SYN-OBS-00711,620A7637-3BE2-7307-0000-00000000003F,69F84508-D13B-4A83-0000-000000000003,1FC9E916-899C-6A96-0000-00000000006F,,,,3,,,,SYNTHETIC — hackathon mock data,,,
712,351D935D-10A1-3BF2-0000-0000000002C8,SYN-OBS-00712,620A7637-3BE2-7307-0000-000000000040,69F84508-D13B-4A83-0000-000000000004,1FC9E916-899C-6A96-0000-000000000070,,,,1,,,,SYNTHETIC — hackathon mock data,,,
713,351D935D-10A1-3BF2-0000-0000000002C9,SYN-OBS-00713,620A7637-3BE2-7307-0000-000000000041,69F84508-D13B-4A83-0000-000000000005,1FC9E916-899C-6A96-0000-000000000071,,,,2,,,,SYNTHETIC — hackathon mock data,,,
714,351D935D-10A1-3BF2-0000-0000000002CA,SYN-OBS-00714,620A7637-3BE2-7307-0000-000000000042,69F84508-D13B-4A83-0000-000000000006,1FC9E916-899C-6A96-0000-000000000072,,,,3,,,,SYNTHETIC — hackathon mock data,,,
715,351D935D-10A1-3BF2-0000-0000000002CB,SYN-OBS-00715,620A7637-3BE2-7307-0000-000000000043,69F84508-D13B-4A83-0000-000000000001,1FC9E916-899C-6A96-0000-000000000073,,,,1,,,,SYNTHETIC — hackathon mock data,,,
716,351D935D-10A1-3BF2-0000-0000000002CC,SYN-OBS-00716,620A7637-3BE2-7307-0000-000000000044,69F84508-D13B-4A83-0000-000000000002,1FC9E916-899C-6A96-0000-000000000074,,,,2,,,,SYNTHETIC — hackathon mock data,,,
717,351D935D-10A1-3BF2-0000-0000000002CD,SYN-OBS-00717,620A7637-3BE2-7307-0000-000000000045,69F84508-D13B-4A83-0000-000000000003,1FC9E916-899C-6A96-0000-000000000075,,,,3,,,,SYNTHETIC — hackathon mock data,,,
718,351D935D-10A1-3BF2-0000-0000000002CE,SYN-OBS-00718,620A7637-3BE2-7307-0000-000000000046,69F84508-D13B-4A83-0000-000000000004,1FC9E916-899C-6A96-0000-000000000076,,,,1,,,,SYNTHETIC — hackathon mock data,,,
719,351D935D-10A1-3BF2-0000-0000000002CF,SYN-OBS-00719,620A7637-3BE2-7307-0000-000000000047,69F84508-D13B-4A83-0000-000000000005,1FC9E916-899C-6A96-0000-000000000077,,,,2,,,,SYNTHETIC — hackathon mock data,,,
720,351D935D-10A1-3BF2-0000-0000000002D0,SYN-OBS-00720,620A7637-3BE2-7307-0000-000000000048,69F84508-D13B-4A83-0000-000000000006,1FC9E916-899C-6A96-0000-000000000078,,,,3,,,,SYNTHETIC — hackathon mock data,,,
